run,hop,attempts,acked,shadowDb,medianPrxDbm
1,0,488,100,7.144,-102.82
1,1,501,100,4.761,-100.44
1,2,122,100,-3.172,-92.51
1,3,100,100,-16.304,-79.37
1,4,146,100,-0.340,-95.34
1,5,251,100,2.750,-98.43
1,6,324,100,5.606,-101.28
1,7,198,100,2.921,-98.60
1,8,131,100,-1.761,-93.92
1,9,119,100,-4.377,-91.30
1,10,130,100,-2.210,-93.47
1,11,188,100,2.510,-98.19
1,12,104,100,-9.212,-86.47
2,0,7500,13,13.293,-108.97
2,1,13,13,-7.829,-87.85
2,2,35,13,5.191,-100.87
2,3,26,13,1.027,-96.70
2,4,18,13,-5.351,-90.33
2,5,21,13,-3.499,-92.18
2,6,14,13,-11.790,-83.89
2,7,15,13,-3.119,-92.56
2,8,101,13,6.866,-102.54
2,9,57,13,5.426,-101.10
2,10,22,13,-3.402,-92.28
2,11,17,13,-3.391,-92.29
2,12,18,13,-5.884,-89.79
3,0,572,100,7.314,-102.99
3,1,105,100,-12.530,-83.15
3,2,100,100,-21.404,-74.27
3,3,113,100,-4.801,-90.88
3,4,229,100,4.418,-100.09
3,5,252,100,4.046,-99.72
3,6,153,100,-2.575,-93.10
3,7,100,100,-16.069,-79.61
3,8,116,100,-4.452,-91.23
3,9,157,100,0.601,-96.28
3,10,116,100,-3.333,-92.34
3,11,1588,99,9.821,-105.50
3,12,616,100,6.676,-102.35
4,0,1095,100,9.049,-104.73
4,1,175,100,0.580,-96.26
4,2,479,100,7.070,-102.75
4,3,130,100,-2.006,-93.67
4,4,144,100,-1.632,-94.04
4,5,758,100,7.767,-103.44
4,6,7432,4,14.348,-110.03
4,7,375,4,12.267,-107.94
4,8,4,4,-6.778,-88.90
4,9,6,4,-2.550,-93.13
4,10,38,4,7.374,-103.05
4,11,29,4,7.108,-102.78
4,12,4,4,-0.653,-95.02
5,0,102,100,-5.631,-90.05
5,1,919,100,8.929,-104.61
5,2,107,100,-6.616,-89.06
5,3,102,100,-11.218,-84.46
5,4,158,100,0.354,-96.03
5,5,815,100,7.815,-103.49
5,6,316,100,5.610,-101.29
5,7,321,100,5.236,-100.91
5,8,113,100,-7.479,-88.20
5,9,115,100,-4.627,-91.05
5,10,100,100,-13.565,-82.11
5,11,637,100,7.610,-103.29
5,12,341,100,5.307,-100.98
6,0,124,100,-3.464,-92.21
6,1,177,100,1.654,-97.33
6,2,114,100,-3.259,-92.42
6,3,3499,100,10.911,-106.59
6,4,265,100,4.417,-100.09
6,5,7319,0,15.367,-111.04
6,6,0,0,-0.054,-95.62
6,7,0,0,0.054,-95.73
6,8,0,0,-6.328,-89.35
6,9,0,0,-7.651,-88.03
6,10,0,0,6.235,-101.91
6,11,0,0,3.056,-98.73
6,12,0,0,2.354,-98.03
7,0,117,100,-4.410,-91.27
7,1,355,100,5.479,-101.16
7,2,114,100,-5.327,-90.35
7,3,107,100,-4.573,-91.10
7,4,152,100,1.601,-97.28
7,5,118,100,-5.935,-89.74
7,6,148,100,-1.551,-94.13
7,7,295,100,4.341,-100.02
7,8,137,100,-0.941,-94.74
7,9,7479,0,15.385,-111.06
7,10,0,0,-16.622,-79.06
7,11,0,0,2.442,-98.12
7,12,0,0,0.886,-96.56
8,0,187,100,3.058,-98.73
8,1,186,100,-2.513,-93.16
8,2,125,100,-0.728,-94.95
8,3,107,100,-8.111,-87.57
8,4,211,100,4.041,-99.72
8,5,846,100,8.097,-103.77
8,6,311,100,4.754,-100.43
8,7,7464,0,17.361,-113.04
8,8,0,0,-9.158,-86.52
8,9,0,0,-15.818,-79.86
8,10,0,0,2.410,-98.09
8,11,0,0,-7.421,-88.26
8,12,0,0,-2.895,-92.78
9,0,100,100,-18.829,-76.85
9,1,134,100,0.486,-96.16
9,2,102,100,-10.198,-85.48
9,3,940,100,8.092,-103.77
9,4,157,100,0.055,-95.73
9,5,108,100,-6.317,-89.36
9,6,234,100,3.329,-99.01
9,7,497,100,6.157,-101.83
9,8,7484,0,22.561,-118.24
9,9,0,0,-7.852,-87.82
9,10,0,0,-0.521,-95.16
9,11,0,0,0.842,-96.52
9,12,0,0,-3.691,-91.99
10,0,114,100,-3.134,-92.54
10,1,116,100,-4.438,-91.24
10,2,276,100,3.551,-99.23
10,3,731,100,8.489,-104.17
10,4,101,100,-11.224,-84.45
10,5,152,100,-0.192,-95.48
10,6,147,100,0.035,-95.71
10,7,143,100,-2.369,-93.31
10,8,7491,2,14.608,-110.28
10,9,14,2,6.380,-102.06
10,10,8,2,-1.202,-94.47
10,11,60,2,8.669,-104.35
10,12,3,2,2.581,-98.26
11,0,110,100,-8.313,-87.36
11,1,248,100,4.084,-99.76
11,2,5034,100,11.314,-106.99
11,3,125,100,-4.919,-90.76
11,4,170,100,0.355,-96.03
11,5,822,100,8.089,-103.77
11,6,105,100,-9.761,-85.92
11,7,221,100,0.254,-95.93
11,8,2531,100,9.522,-105.20
11,9,3292,100,10.733,-106.41
11,10,228,100,2.162,-97.84
11,11,7394,0,18.249,-113.93
11,12,0,0,2.988,-98.67
12,0,7500,2,14.304,-109.98
12,1,27,2,6.910,-102.59
12,2,2,2,-6.291,-89.39
12,3,2,2,-12.268,-83.41
12,4,2,2,-4.953,-90.72
12,5,7,2,-1.408,-94.27
12,6,4,2,2.827,-98.50
12,7,2,2,-2.122,-93.56
12,8,2,2,-4.012,-91.67
12,9,2,2,-1.812,-93.86
12,10,14,2,8.070,-103.75
12,11,4,2,-0.144,-95.53
12,12,2,2,-7.901,-87.78
13,0,161,100,1.400,-97.08
13,1,105,100,-7.609,-88.07
13,2,245,100,1.855,-97.53
13,3,112,100,-6.950,-88.73
13,4,139,100,-0.903,-94.77
13,5,172,100,0.757,-96.43
13,6,121,100,-5.683,-89.99
13,7,423,100,6.942,-102.62
13,8,132,100,-1.094,-94.58
13,9,120,100,-1.988,-93.69
13,10,117,100,-7.549,-88.13
13,11,181,100,2.041,-97.72
13,12,102,100,-8.634,-87.04
14,0,139,100,-0.747,-94.93
14,1,881,100,9.047,-104.72
14,2,115,100,-6.985,-88.69
14,3,134,100,0.296,-95.97
14,4,7490,0,15.344,-111.02
14,5,0,0,2.338,-98.02
14,6,0,0,12.238,-107.92
14,7,0,0,-0.651,-95.03
14,8,0,0,3.506,-99.18
14,9,0,0,12.219,-107.90
14,10,0,0,-3.349,-92.33
14,11,0,0,-1.858,-93.82
14,12,0,0,-10.099,-85.58
15,0,441,100,6.420,-102.10
15,1,165,100,1.346,-97.02
15,2,115,100,-4.347,-91.33
15,3,124,100,-1.844,-93.83
15,4,105,100,-7.929,-87.75
15,5,149,100,0.010,-95.69
15,6,162,100,0.491,-96.17
15,7,198,100,1.687,-97.36
15,8,7481,51,12.314,-107.99
15,9,54,51,-5.590,-90.09
15,10,70,51,-3.128,-92.55
15,11,1279,51,10.202,-105.88
15,12,76,51,-1.375,-94.30
16,0,224,100,1.856,-97.53
16,1,146,100,1.801,-97.48
16,2,7500,1,14.532,-110.21
16,3,1,1,-0.322,-95.36
16,4,1,1,-4.615,-91.06
16,5,1,1,-7.596,-88.08
16,6,1,1,-0.456,-95.22
16,7,1,1,7.132,-102.81
16,8,1,1,-9.811,-85.87
16,9,7,1,7.302,-102.98
16,10,1,1,-12.855,-82.82
16,11,1,1,-4.769,-90.91
16,12,2906,0,19.225,-114.90
17,0,111,100,-2.837,-92.84
17,1,105,100,-6.853,-88.82
17,2,112,100,-5.287,-90.39
17,3,830,100,7.443,-103.12
17,4,124,100,-1.951,-93.73
17,5,106,100,-9.133,-86.54
17,6,104,100,-7.023,-88.65
17,7,310,100,5.184,-100.86
17,8,247,100,4.176,-99.85
17,9,7494,0,17.794,-113.47
17,10,0,0,11.398,-107.07
17,11,0,0,-8.563,-87.11
17,12,0,0,8.897,-104.57
18,0,175,100,1.937,-97.61
18,1,720,100,8.874,-104.55
18,2,107,100,-12.186,-83.49
18,3,122,100,-2.226,-93.45
18,4,110,100,-9.641,-86.04
18,5,103,100,-9.770,-85.91
18,6,144,100,-0.745,-94.93
18,7,169,100,1.047,-96.72
18,8,823,100,8.538,-104.21
18,9,100,100,-14.621,-81.06
18,10,660,100,7.714,-103.39
18,11,121,100,-1.482,-94.19
18,12,120,100,-5.789,-89.89
19,0,157,100,1.023,-96.70
19,1,107,100,-4.880,-90.80
19,2,7496,9,14.309,-109.99
19,3,4179,8,13.164,-108.84
19,4,22,8,5.166,-100.84
19,5,18,8,2.094,-97.77
19,6,12,8,0.535,-96.21
19,7,11,8,-1.137,-94.54
19,8,6293,0,16.785,-112.46
19,9,0,0,-6.757,-88.92
19,10,0,0,-7.858,-87.82
19,11,0,0,9.729,-105.41
19,12,0,0,-9.910,-85.77
20,0,103,100,-13.249,-82.43
20,1,1044,100,9.035,-104.71
20,2,216,100,2.926,-98.60
20,3,143,100,-1.775,-93.90
20,4,452,100,5.919,-101.60
20,5,125,100,-3.665,-92.01
20,6,275,100,4.828,-100.51
20,7,106,100,-8.147,-87.53
20,8,115,100,-5.811,-89.87
20,9,152,100,-0.705,-94.97
20,10,391,100,5.724,-101.40
20,11,293,100,4.970,-100.65
20,12,103,100,-7.881,-87.80
21,0,469,100,6.760,-102.44
21,1,326,100,3.362,-99.04
21,2,300,100,4.677,-100.35
21,3,104,100,-11.058,-84.62
21,4,246,100,4.339,-100.02
21,5,145,100,-2.313,-93.36
21,6,130,100,-2.993,-92.68
21,7,101,100,-17.421,-78.26
21,8,144,100,-1.242,-94.43
21,9,294,100,3.703,-99.38
21,10,108,100,-6.730,-88.95
21,11,319,100,4.625,-100.30
21,12,104,100,-10.390,-85.29
22,0,118,100,-0.895,-94.78
22,1,197,100,4.148,-99.82
22,2,200,100,1.874,-97.55
22,3,1135,99,9.029,-104.71
22,4,109,100,-7.974,-87.70
22,5,281,100,4.440,-100.12
22,6,100,100,-18.115,-77.56
22,7,105,100,-14.736,-80.94
22,8,134,100,-1.345,-94.33
22,9,147,100,-0.521,-95.16
22,10,255,100,4.867,-100.54
22,11,102,100,-14.585,-81.09
22,12,101,100,-12.289,-83.39
23,0,124,100,-1.650,-94.03
23,1,192,100,2.821,-98.50
23,2,119,100,-2.737,-92.94
23,3,107,100,-11.060,-84.62
23,4,251,100,4.825,-100.50
23,5,139,100,0.554,-96.23
23,6,119,100,-5.784,-89.89
23,7,208,100,3.662,-99.34
23,8,253,100,3.594,-99.27
23,9,106,100,-6.429,-89.25
23,10,297,100,5.440,-101.12
23,11,103,100,-7.464,-88.21
23,12,216,100,3.856,-99.53
24,0,109,100,-6.938,-88.74
24,1,1514,100,9.564,-105.24
24,2,417,100,6.223,-101.90
24,3,156,100,0.869,-96.55
24,4,215,100,2.364,-98.04
24,5,650,100,7.719,-103.40
24,6,520,100,6.817,-102.49
24,7,561,100,7.276,-102.95
24,8,952,100,9.108,-104.79
24,9,133,100,-0.381,-95.30
24,10,194,100,2.820,-98.50
24,11,128,100,-1.766,-93.91
24,12,107,100,-8.702,-86.97
25,0,107,100,-5.726,-89.95
25,1,1033,100,8.707,-104.38
25,2,154,100,-0.359,-95.32
25,3,185,100,3.154,-98.83
25,4,459,100,7.024,-102.70
25,5,822,100,7.475,-103.15
25,6,406,100,5.664,-101.34
25,7,773,100,7.665,-103.34
25,8,103,100,-8.891,-86.79
25,9,197,100,2.973,-98.65
25,10,100,100,-17.252,-78.43
25,11,269,100,4.163,-99.84
25,12,104,100,-13.411,-82.27
26,0,119,100,-4.936,-90.74
26,1,129,100,-0.842,-94.84
26,2,118,100,-1.260,-94.42
26,3,3957,100,11.119,-106.80
26,4,383,100,5.124,-100.80
26,5,115,100,-3.367,-92.31
26,6,151,100,0.350,-96.03
26,7,1989,100,9.301,-104.98
26,8,214,100,2.393,-98.07
26,9,316,100,4.418,-100.10
26,10,105,100,-6.721,-88.96
26,11,2727,99,10.215,-105.89
26,12,156,100,0.261,-95.94
27,0,172,100,-0.668,-95.01
27,1,107,100,-10.091,-85.59
27,2,110,100,-4.434,-91.24
27,3,255,100,3.492,-99.17
27,4,101,100,-6.362,-89.32
27,5,100,100,-15.440,-80.24
27,6,149,100,-0.783,-94.89
27,7,394,100,6.622,-102.30
27,8,109,100,-7.473,-88.20
27,9,107,100,-7.070,-88.61
27,10,184,100,2.723,-98.40
27,11,2601,100,10.370,-106.05
27,12,767,100,8.115,-103.79
28,0,208,100,3.494,-99.17
28,1,652,100,8.298,-103.98
28,2,7482,53,12.229,-107.91
28,3,60,54,-3.183,-92.49
28,4,67,54,-3.950,-91.73
28,5,166,54,3.764,-99.44
28,6,66,54,-5.836,-89.84
28,7,60,54,-8.377,-87.30
28,8,105,54,1.753,-97.43
28,9,285,54,6.417,-102.09
28,10,112,54,3.285,-98.96
28,11,65,54,-2.545,-93.13
28,12,75,54,-3.018,-92.66
29,0,1009,100,9.208,-104.88
29,1,139,100,-1.522,-94.15
29,2,114,100,-3.108,-92.57
29,3,108,100,-5.612,-90.07
29,4,106,100,-12.510,-83.17
29,5,111,100,-7.511,-88.17
29,6,244,100,4.339,-100.02
29,7,1193,100,9.541,-105.22
29,8,520,100,6.503,-102.18
29,9,110,100,-5.465,-90.21
29,10,172,100,1.990,-97.67
29,11,102,100,-7.911,-87.77
29,12,175,100,1.545,-97.22
30,0,310,100,5.445,-101.12
30,1,7481,1,15.522,-111.20
30,2,1,1,3.456,-99.13
30,3,4,1,6.579,-102.26
30,4,9,1,7.030,-102.71
30,5,1,1,-1.343,-94.33
30,6,1,1,-7.917,-87.76
30,7,475,1,13.714,-109.39
30,8,1,1,-4.370,-91.31
30,9,1,1,-9.584,-86.09
30,10,1,1,-1.592,-94.09
30,11,1,1,-3.844,-91.83
30,12,1,1,-8.624,-87.05
31,0,122,100,-3.302,-92.37
31,1,110,100,-3.733,-91.94
31,2,1503,100,9.466,-105.14
31,3,149,100,-0.933,-94.74
31,4,153,100,-0.859,-94.82
31,5,3692,100,10.118,-105.79
31,6,100,100,-16.446,-79.23
31,7,134,100,-1.030,-94.65
31,8,102,100,-19.696,-75.98
31,9,7484,0,19.459,-115.14
31,10,0,0,-0.492,-95.19
31,11,0,0,-18.186,-77.49
31,12,0,0,-7.950,-87.73
32,0,7500,0,15.377,-111.05
32,1,0,0,7.312,-102.99
32,2,0,0,10.009,-105.69
32,3,0,0,1.212,-96.89
32,4,0,0,8.495,-104.17
32,5,0,0,6.950,-102.63
32,6,0,0,-7.636,-88.04
32,7,0,0,-4.436,-91.24
32,8,0,0,-1.187,-94.49
32,9,0,0,10.619,-106.30
32,10,0,0,3.242,-98.92
32,11,0,0,-16.700,-78.98
32,12,0,0,6.909,-102.59
33,0,7500,0,25.027,-120.70
33,1,0,0,6.625,-102.30
33,2,0,0,-6.744,-88.93
33,3,0,0,2.261,-97.94
33,4,0,0,-8.294,-87.38
33,5,0,0,6.086,-101.76
33,6,0,0,7.441,-103.12
33,7,0,0,-5.164,-90.51
33,8,0,0,10.726,-106.40
33,9,0,0,11.669,-107.35
33,10,0,0,-9.682,-86.00
33,11,0,0,4.538,-100.22
33,12,0,0,7.725,-103.40
34,0,109,100,-5.482,-90.19
34,1,125,100,-0.774,-94.90
34,2,110,100,-7.150,-88.53
34,3,114,100,-8.075,-87.60
34,4,219,100,4.013,-99.69
34,5,119,100,-5.438,-90.24
34,6,115,100,-3.360,-92.32
34,7,101,100,-18.603,-77.07
34,8,109,100,-8.291,-87.39
34,9,7498,67,12.320,-108.00
34,10,168,67,4.668,-100.35
34,11,122,67,-0.102,-95.58
34,12,116,67,1.144,-96.82
35,0,122,100,-3.229,-92.45
35,1,115,100,-5.538,-90.14
35,2,103,100,-8.332,-87.35
35,3,105,100,-6.348,-89.33
35,4,201,100,4.028,-99.71
35,5,185,100,2.605,-98.28
35,6,105,100,-8.881,-86.80
35,7,103,100,-10.426,-85.25
35,8,133,100,-1.420,-94.26
35,9,276,100,4.030,-99.71
35,10,7496,97,11.610,-107.29
35,11,1664,98,9.393,-105.07
35,12,5333,82,11.444,-107.12
36,0,104,100,-7.580,-88.10
36,1,100,100,-11.660,-84.02
36,2,709,100,8.178,-103.86
36,3,687,100,7.118,-102.79
36,4,145,100,0.892,-96.57
36,5,147,100,-1.129,-94.55
36,6,104,100,-12.328,-83.35
36,7,191,100,1.151,-96.83
36,8,1424,99,8.949,-104.63
36,9,131,100,-1.513,-94.16
36,10,114,100,-3.654,-92.02
36,11,359,100,5.929,-101.61
36,12,759,100,8.515,-104.19
37,0,109,100,-6.321,-89.36
37,1,130,100,0.726,-96.40
37,2,112,100,-2.964,-92.71
37,3,292,100,4.412,-100.09
37,4,249,100,4.244,-99.92
37,5,103,100,-13.063,-82.61
37,6,103,100,-13.769,-81.91
37,7,519,100,6.907,-102.58
37,8,242,100,4.361,-100.04
37,9,105,100,-7.791,-87.89
37,10,100,100,-10.492,-85.19
37,11,7486,1,16.274,-111.95
37,12,1,1,8.869,-104.55
38,0,100,100,-10.923,-84.75
38,1,293,100,5.801,-101.48
38,2,373,100,4.770,-100.45
38,3,257,100,3.475,-99.15
38,4,128,100,-2.212,-93.46
38,5,353,100,6.611,-102.29
38,6,4784,100,11.421,-107.10
38,7,130,100,-2.410,-93.27
38,8,101,100,-10.694,-84.98
38,9,2034,100,9.973,-105.65
38,10,111,100,-5.370,-90.31
38,11,165,100,0.058,-95.74
38,12,100,100,-15.870,-79.81
39,0,2873,100,10.259,-105.94
39,1,593,100,7.614,-103.29
39,2,112,100,-6.605,-89.07
39,3,2841,100,10.742,-106.42
39,4,233,100,0.860,-96.54
39,5,120,100,-5.018,-90.66
39,6,266,100,4.181,-99.86
39,7,339,100,5.674,-101.35
39,8,100,100,-7.997,-87.68
39,9,102,100,-9.246,-86.43
39,10,112,100,-6.373,-89.30
39,11,188,100,2.340,-98.02
39,12,117,100,-3.240,-92.44
40,0,104,100,-12.328,-83.35
40,1,112,100,-4.878,-90.80
40,2,100,100,-15.568,-80.11
40,3,117,100,-2.174,-93.50
40,4,1991,100,10.146,-105.82
40,5,126,100,-5.820,-89.86
40,6,210,100,3.015,-98.69
40,7,908,100,8.832,-104.51
40,8,103,100,-9.442,-86.23
40,9,106,100,-8.036,-87.64
40,10,251,100,3.285,-98.96
40,11,267,100,3.044,-98.72
40,12,555,100,6.164,-101.84
41,0,124,100,-2.380,-93.30
41,1,202,100,3.277,-98.95
41,2,426,100,7.593,-103.27
41,3,282,100,3.895,-99.57
41,4,137,100,-3.152,-92.53
41,5,100,100,-12.197,-83.48
41,6,233,100,4.361,-100.04
41,7,481,100,6.599,-102.28
41,8,570,100,7.754,-103.43
41,9,1118,100,8.486,-104.16
41,10,131,100,-1.095,-94.58
41,11,106,100,-8.616,-87.06
41,12,105,100,-10.561,-85.12
42,0,182,100,0.858,-96.54
42,1,424,100,6.475,-102.15
42,2,232,100,3.703,-99.38
42,3,246,100,4.414,-100.09
42,4,134,100,-1.997,-93.68
42,5,127,100,-4.592,-91.09
42,6,102,100,-5.465,-90.21
42,7,371,100,6.481,-102.16
42,8,167,100,1.513,-97.19
42,9,125,100,-1.675,-94.00
42,10,159,100,-0.072,-95.61
42,11,133,100,-0.283,-95.39
42,12,100,100,-8.786,-86.89
43,0,102,100,-17.359,-78.32
43,1,106,100,-6.964,-88.71
43,2,7498,18,13.468,-109.15
43,3,53,18,3.622,-99.30
43,4,18,18,-9.250,-86.43
43,5,25,18,0.604,-96.28
43,6,18,18,-9.957,-85.72
43,7,252,18,8.548,-104.23
43,8,31,18,1.936,-97.61
43,9,23,18,-0.198,-95.48
43,10,23,18,-1.832,-93.85
43,11,18,18,-11.563,-84.11
43,12,19,18,-5.607,-90.07
44,0,132,100,-1.416,-94.26
44,1,125,100,-2.857,-92.82
44,2,214,100,3.299,-98.98
44,3,107,100,-9.520,-86.16
44,4,167,100,3.172,-98.85
44,5,344,100,5.298,-100.97
44,6,685,100,8.612,-104.29
44,7,116,100,-6.518,-89.16
44,8,136,100,-1.628,-94.05
44,9,183,100,2.221,-97.90
44,10,120,100,-3.542,-92.14
44,11,116,100,-5.646,-90.03
44,12,107,100,-6.472,-89.21
45,0,111,100,-2.682,-93.00
45,1,100,100,-9.832,-85.85
45,2,594,100,7.546,-103.22
45,3,148,100,0.039,-95.72
45,4,133,100,-1.358,-94.32
45,5,7494,72,12.079,-107.76
45,6,201,72,5.220,-100.90
45,7,133,72,2.455,-98.13
45,8,103,72,-1.063,-94.61
45,9,1878,72,9.927,-105.60
45,10,128,72,1.354,-97.03
45,11,74,72,-12.973,-82.70
45,12,107,72,0.540,-96.22
46,0,102,100,-8.074,-87.60
46,1,158,100,1.210,-96.89
46,2,111,100,-6.830,-88.85
46,3,100,100,-13.801,-81.88
46,4,142,100,0.961,-96.64
46,5,157,100,2.188,-97.87
46,6,112,100,-1.720,-93.96
46,7,107,100,-3.808,-91.87
46,8,111,100,-8.405,-87.27
46,9,122,100,-2.724,-92.95
46,10,105,100,-8.730,-86.95
46,11,100,100,-20.096,-75.58
46,12,197,100,2.908,-98.58
47,0,418,100,5.578,-101.25
47,1,108,100,-4.814,-90.86
47,2,109,100,-7.361,-88.32
47,3,110,100,-7.203,-88.47
47,4,137,100,-0.550,-95.13
47,5,109,100,-9.442,-86.24
47,6,125,100,-4.196,-91.48
47,7,106,100,-7.367,-88.31
47,8,151,100,-0.065,-95.61
47,9,147,100,-1.547,-94.13
47,10,286,100,4.965,-100.64
47,11,272,100,4.475,-100.15
47,12,120,100,-1.713,-93.96
48,0,103,100,-9.387,-86.29
48,1,1485,100,9.527,-105.20
48,2,177,100,2.439,-98.12
48,3,117,100,-5.305,-90.37
48,4,121,100,-6.398,-89.28
48,5,638,100,7.876,-103.55
48,6,107,100,-10.945,-84.73
48,7,112,100,-8.077,-87.60
48,8,199,100,2.472,-98.15
48,9,111,100,-5.352,-90.33
48,10,389,100,5.469,-101.15
48,11,275,100,4.285,-99.96
48,12,267,100,3.472,-99.15
49,0,102,100,-23.572,-72.11
49,1,7500,68,12.384,-108.06
49,2,72,68,-10.638,-85.04
49,3,5376,25,12.759,-108.44
49,4,40,25,1.293,-96.97
49,5,48,25,3.677,-99.35
49,6,25,25,-7.473,-88.20
49,7,25,25,-11.364,-84.31
49,8,25,25,-10.288,-85.39
49,9,1662,25,11.525,-107.20
49,10,33,25,-4.923,-90.75
49,11,25,25,-7.711,-87.97
49,12,81,25,3.521,-99.20
50,0,108,100,-8.696,-86.98
50,1,107,100,-7.021,-88.66
50,2,169,100,2.542,-98.22
50,3,199,100,3.706,-99.38
50,4,112,100,-4.345,-91.33
50,5,122,100,-4.630,-91.05
50,6,105,100,-8.505,-87.17
50,7,117,100,-1.852,-93.83
50,8,115,100,-5.640,-90.04
50,9,7496,0,16.267,-111.94
50,10,0,0,18.729,-114.41
50,11,0,0,-2.204,-93.47
50,12,0,0,-4.253,-91.42
51,0,159,100,2.737,-98.41
51,1,4680,100,11.019,-106.70
51,2,610,100,6.754,-102.43
51,3,299,100,4.024,-99.70
51,4,109,100,-4.544,-91.13
51,5,207,100,3.066,-98.74
51,6,784,100,7.046,-102.72
51,7,638,100,7.257,-102.93
51,8,109,100,-10.445,-85.23
51,9,152,100,0.244,-95.92
51,10,183,100,0.636,-96.31
51,11,108,100,-8.830,-86.85
51,12,121,100,-4.412,-91.26
52,0,1232,100,9.357,-105.03
52,1,108,100,-8.756,-86.92
52,2,323,100,5.162,-100.84
52,3,247,100,3.118,-98.79
52,4,109,100,-5.944,-89.73
52,5,162,100,0.785,-96.46
52,6,7465,0,14.987,-110.66
52,7,0,0,-10.707,-84.97
52,8,0,0,-1.042,-94.63
52,9,0,0,-3.842,-91.84
52,10,0,0,0.931,-96.61
52,11,0,0,-0.569,-95.11
52,12,0,0,14.176,-109.85
53,0,108,100,-6.563,-89.11
53,1,100,100,-23.675,-72.00
53,2,201,100,2.153,-97.83
53,3,139,100,-0.382,-95.29
53,4,120,100,-3.370,-92.31
53,5,947,100,9.141,-104.82
53,6,7470,36,12.316,-107.99
53,7,43,36,-6.642,-89.03
53,8,48,36,-1.636,-94.04
53,9,61,36,1.489,-97.17
53,10,91,36,3.907,-99.58
53,11,7210,0,21.521,-117.20
53,12,0,0,6.975,-102.65
54,0,127,100,-2.207,-93.47
54,1,190,100,3.014,-98.69
54,2,106,100,-9.870,-85.81
54,3,7500,0,19.636,-115.31
54,4,0,0,-0.985,-94.69
54,5,0,0,2.140,-97.82
54,6,0,0,-2.357,-93.32
54,7,0,0,5.177,-100.85
54,8,0,0,-6.429,-89.25
54,9,0,0,-3.457,-92.22
54,10,0,0,-4.825,-90.85
54,11,0,0,-3.711,-91.97
54,12,0,0,-3.373,-92.30
55,0,120,100,-2.987,-92.69
55,1,132,100,0.409,-96.09
55,2,158,100,0.751,-96.43
55,3,747,100,8.176,-103.85
55,4,109,100,-6.310,-89.37
55,5,7490,65,12.320,-108.00
55,6,7409,3,14.384,-110.06
55,7,9,3,0.106,-95.78
55,8,18,3,4.057,-99.73
55,9,7,3,3.816,-99.49
55,10,51,3,8.546,-104.22
55,11,3,3,-0.444,-95.23
55,12,57,3,10.478,-106.16
56,0,104,100,-7.134,-88.54
56,1,112,100,-5.595,-90.08
56,2,103,100,-9.586,-86.09
56,3,172,100,2.118,-97.79
56,4,167,100,1.952,-97.63
56,5,478,100,7.102,-102.78
56,6,281,100,5.330,-101.01
56,7,123,100,-1.036,-94.64
56,8,135,100,-2.679,-93.00
56,9,130,100,-2.228,-93.45
56,10,928,100,8.657,-104.33
56,11,288,100,4.918,-100.60
56,12,132,100,-0.974,-94.70
57,0,156,100,0.706,-96.38
57,1,120,100,-2.364,-93.31
57,2,162,100,1.523,-97.20
57,3,103,100,-9.283,-86.39
57,4,111,100,-7.100,-88.58
57,5,244,100,3.429,-99.11
57,6,158,100,0.835,-96.51
57,7,123,100,-1.721,-93.96
57,8,172,100,2.935,-98.61
57,9,112,100,-4.535,-91.14
57,10,7492,83,11.786,-107.46
57,11,86,84,-6.767,-88.91
57,12,107,84,-3.857,-91.82
58,0,131,100,-0.553,-95.12
58,1,2309,100,9.914,-105.59
58,2,106,100,-6.456,-89.22
58,3,399,100,5.764,-101.44
58,4,100,100,-15.379,-80.30
58,5,534,100,6.483,-102.16
58,6,102,100,-11.505,-84.17
58,7,125,100,-6.421,-89.26
58,8,120,100,-3.174,-92.50
58,9,158,100,0.341,-96.02
58,10,1658,100,9.691,-105.37
58,11,118,100,-5.967,-89.71
58,12,7487,48,12.442,-108.12
59,0,217,100,1.979,-97.66
59,1,278,100,4.460,-100.14
59,2,134,100,0.088,-95.77
59,3,103,100,-10.025,-85.65
59,4,234,100,3.405,-99.08
59,5,310,100,5.075,-100.75
59,6,193,100,1.840,-97.52
59,7,107,100,-6.503,-89.17
59,8,404,100,6.056,-101.73
59,9,7479,74,12.186,-107.86
59,10,90,74,-1.837,-93.84
59,11,7471,0,19.820,-115.50
59,12,0,0,-0.165,-95.51
60,0,148,100,0.955,-96.63
60,1,1805,100,10.084,-105.76
60,2,100,100,-12.302,-83.37
60,3,236,100,3.696,-99.37
60,4,116,100,-3.495,-92.18
60,5,125,100,-2.334,-93.34
60,6,105,100,-6.852,-88.83
60,7,2858,100,10.785,-106.46
60,8,103,100,-7.011,-88.67
60,9,7415,52,12.512,-108.19
60,10,102,52,4.273,-99.95
60,11,81,52,0.429,-96.11
60,12,70,52,-2.614,-93.06
61,0,333,100,3.911,-99.59
61,1,109,100,-9.802,-85.87
61,2,113,100,-3.341,-92.34
61,3,390,100,6.093,-101.77
61,4,132,100,-2.166,-93.51
61,5,156,100,2.623,-98.30
61,6,4176,100,10.803,-106.48
61,7,7467,35,13.161,-108.84
61,8,35,35,-11.335,-84.34
61,9,44,35,-2.470,-93.21
61,10,94,35,4.114,-99.79
61,11,78,35,1.175,-96.85
61,12,3115,35,12.091,-107.77
62,0,105,100,-7.861,-87.82
62,1,117,100,-6.238,-89.44
62,2,2470,100,9.941,-105.62
62,3,100,100,-21.248,-74.43
62,4,663,100,7.102,-102.78
62,5,100,100,-17.817,-77.86
62,6,122,100,-4.051,-91.63
62,7,408,100,5.645,-101.32
62,8,327,100,4.717,-100.39
62,9,164,100,0.372,-96.05
62,10,155,100,1.285,-96.96
62,11,146,100,-0.291,-95.39
62,12,105,100,-6.937,-88.74
63,0,120,100,-1.048,-94.63
63,1,7500,34,12.649,-108.33
63,2,84,34,2.036,-97.71
63,3,34,34,-8.620,-87.06
63,4,38,34,-2.941,-92.74
63,5,55,34,1.745,-97.42
63,6,35,34,-10.872,-84.80
63,7,218,34,7.076,-102.75
63,8,124,34,4.526,-100.20
63,9,124,34,5.318,-101.00
63,10,37,34,-8.780,-86.90
63,11,40,34,-5.808,-89.87
63,12,35,34,-7.126,-88.55
64,0,106,100,-6.371,-89.31
64,1,100,100,-10.455,-85.22
64,2,144,100,-0.402,-95.28
64,3,130,100,0.782,-96.46
64,4,719,100,7.647,-103.32
64,5,102,100,-9.282,-86.40
64,6,111,100,-4.877,-90.80
64,7,124,100,-1.689,-93.99
64,8,127,100,-2.618,-93.06
64,9,160,100,1.176,-96.85
64,10,123,100,-3.014,-92.66
64,11,156,100,1.040,-96.72
64,12,225,100,3.035,-98.71
65,0,165,100,1.446,-97.12
65,1,7500,2,14.213,-109.89
65,2,2,2,-2.270,-93.41
65,3,3,2,7.884,-103.56
65,4,10,2,4.332,-100.01
65,5,9,2,4.826,-100.50
65,6,2,2,-10.412,-85.27
65,7,2,2,3.817,-99.49
65,8,3,2,3.006,-98.68
65,9,6,2,6.755,-102.43
65,10,2,2,-15.158,-80.52
65,11,3,2,-5.620,-90.06
65,12,2,2,-2.728,-92.95
66,0,7500,0,15.486,-111.16
66,1,0,0,-0.610,-95.07
66,2,0,0,10.212,-105.89
66,3,0,0,2.012,-97.69
66,4,0,0,4.890,-100.57
66,5,0,0,8.977,-104.65
66,6,0,0,2.049,-97.73
66,7,0,0,-14.487,-81.19
66,8,0,0,0.003,-95.68
66,9,0,0,-10.782,-84.89
66,10,0,0,1.121,-96.80
66,11,0,0,1.936,-97.61
66,12,0,0,-9.028,-86.65
67,0,164,100,2.831,-98.51
67,1,483,100,7.443,-103.12
67,2,142,100,-0.772,-94.90
67,3,7497,79,12.122,-107.80
67,4,80,79,-12.516,-83.16
67,5,588,79,7.541,-103.22
67,6,82,79,-6.028,-89.65
67,7,87,79,-6.841,-88.84
67,8,169,79,3.525,-99.20
67,9,121,79,1.233,-96.91
67,10,1745,79,9.585,-105.26
67,11,79,79,-17.936,-77.74
67,12,172,79,1.963,-97.64
68,0,100,100,-20.560,-75.12
68,1,187,100,3.497,-99.17
68,2,137,100,-1.759,-93.92
68,3,105,100,-8.260,-87.42
68,4,4275,100,11.359,-107.04
68,5,105,100,-9.156,-86.52
68,6,174,100,2.030,-97.71
68,7,1820,100,9.353,-105.03
68,8,100,100,-13.942,-81.73
68,9,116,100,-2.532,-93.14
68,10,184,100,1.663,-97.34
68,11,125,100,-1.487,-94.19
68,12,114,100,-7.415,-88.26
69,0,100,100,-13.678,-82.00
69,1,114,100,-2.601,-93.08
69,2,111,100,-4.717,-90.96
69,3,7500,80,11.914,-107.59
69,4,97,80,-3.568,-92.11
69,5,154,80,1.706,-97.38
69,6,479,80,6.960,-102.64
69,7,80,80,-20.798,-74.88
69,8,106,80,-0.621,-95.06
69,9,203,80,2.656,-98.33
69,10,99,80,-3.925,-91.75
69,11,83,80,-7.584,-88.09
69,12,201,80,3.805,-99.48
70,0,109,100,-5.818,-89.86
70,1,114,100,-3.287,-92.39
70,2,427,100,6.079,-101.76
70,3,134,100,-4.299,-91.38
70,4,3694,100,11.243,-106.92
70,5,116,100,-4.781,-90.90
70,6,3329,100,10.689,-106.37
70,7,7428,17,13.394,-109.07
70,8,22,17,-1.983,-93.69
70,9,17,17,-2.117,-93.56
70,10,21,17,-5.955,-89.72
70,11,23,17,-4.662,-91.02
70,12,26,17,0.464,-96.14
71,0,7500,62,12.396,-108.07
71,1,65,62,-9.378,-86.30
71,2,87,62,-1.406,-94.27
71,3,62,62,-17.242,-78.44
71,4,133,62,0.990,-96.67
71,5,74,62,-3.718,-91.96
71,6,78,62,-3.047,-92.63
71,7,70,62,-2.142,-93.54
71,8,153,62,3.040,-98.72
71,9,1631,60,9.704,-105.38
71,10,170,60,4.202,-99.88
71,11,97,60,1.234,-96.91
71,12,65,60,-2.749,-92.93
72,0,150,100,0.977,-96.65
72,1,1053,100,9.034,-104.71
72,2,120,100,-1.466,-94.21
72,3,131,100,-1.841,-93.84
72,4,205,100,2.929,-98.61
72,5,110,100,-5.886,-89.79
72,6,558,100,6.381,-102.06
72,7,187,100,1.895,-97.57
72,8,130,100,-1.448,-94.23
72,9,155,100,1.029,-96.71
72,10,116,100,-4.702,-90.97
72,11,102,100,-11.834,-83.84
72,12,100,100,-11.234,-84.44
73,0,109,100,-4.312,-91.37
73,1,114,100,-6.184,-89.49
73,2,155,100,0.761,-96.44
73,3,205,100,3.342,-99.02
73,4,235,100,4.982,-100.66
73,5,323,100,3.554,-99.23
73,6,106,100,-8.376,-87.30
73,7,293,100,5.875,-101.55
73,8,129,100,0.916,-96.59
73,9,337,100,5.992,-101.67
73,10,103,100,-7.365,-88.31
73,11,110,100,-7.082,-88.60
73,12,131,100,-1.306,-94.37
74,0,128,100,-0.617,-95.06
74,1,296,100,5.151,-100.83
74,2,103,100,-11.231,-84.45
74,3,534,100,6.920,-102.60
74,4,105,100,-9.797,-85.88
74,5,1011,100,9.163,-104.84
74,6,113,100,-6.151,-89.53
74,7,379,100,5.688,-101.36
74,8,3272,100,10.268,-105.95
74,9,105,100,-6.745,-88.93
74,10,110,100,-4.924,-90.75
74,11,122,100,-3.093,-92.58
74,12,152,100,-0.248,-95.43
75,0,4312,100,11.064,-106.74
75,1,100,100,-17.016,-78.66
75,2,955,100,7.785,-103.46
75,3,131,100,-1.704,-93.97
75,4,112,100,-6.633,-89.04
75,5,161,100,0.482,-96.16
75,6,116,100,-7.053,-88.62
75,7,123,100,-1.673,-94.00
75,8,104,100,-12.175,-83.50
75,9,315,100,4.887,-100.56
75,10,2879,100,10.665,-106.34
75,11,108,100,-8.127,-87.55
75,12,100,100,-13.784,-81.89
76,0,138,100,-1.360,-94.32
76,1,110,100,-4.221,-91.46
76,2,105,100,-9.589,-86.09
76,3,2158,100,9.812,-105.49
76,4,636,100,7.521,-103.20
76,5,105,100,-6.537,-89.14
76,6,710,100,7.256,-102.93
76,7,7497,67,12.209,-107.89
76,8,68,67,-16.646,-79.03
76,9,86,67,-3.060,-92.62
76,10,87,67,-8.013,-87.66
76,11,7140,37,12.698,-108.37
76,12,58,38,1.213,-96.89
77,0,951,100,8.805,-104.48
77,1,101,100,-9.477,-86.20
77,2,1963,100,9.921,-105.60
77,3,153,100,0.419,-96.10
77,4,143,100,-1.537,-94.14
77,5,103,100,-10.788,-84.89
77,6,556,100,6.833,-102.51
77,7,219,100,2.983,-98.66
77,8,113,100,-3.777,-91.90
77,9,7459,2,14.304,-109.98
77,10,8,3,5.454,-101.13
77,11,172,3,10.087,-105.76
77,12,5,3,-0.924,-94.75
78,0,507,100,6.967,-102.64
78,1,180,100,2.332,-98.01
78,2,465,100,7.351,-103.03
78,3,112,100,-6.133,-89.54
78,4,105,100,-9.076,-86.60
78,5,7467,0,16.907,-112.58
78,6,0,0,3.814,-99.49
78,7,0,0,3.206,-98.88
78,8,0,0,-9.571,-86.11
78,9,0,0,-3.937,-91.74
78,10,0,0,3.540,-99.22
78,11,0,0,7.095,-102.77
78,12,0,0,-5.278,-90.40
79,0,174,100,-1.483,-94.19
79,1,103,100,-7.447,-88.23
79,2,143,100,0.272,-95.95
79,3,100,100,-11.940,-83.74
79,4,315,100,5.683,-101.36
79,5,969,100,8.420,-104.10
79,6,123,100,-4.367,-91.31
79,7,103,100,-16.701,-78.98
79,8,101,100,-13.106,-82.57
79,9,130,100,-5.968,-89.71
79,10,134,100,-1.503,-94.17
79,11,119,100,-4.470,-91.21
79,12,923,100,8.548,-104.23
80,0,136,100,0.578,-96.25
80,1,4384,100,11.122,-106.80
80,2,128,100,-3.757,-91.92
80,3,252,100,3.647,-99.32
80,4,313,100,4.072,-99.75
80,5,133,100,-2.271,-93.41
80,6,157,100,-0.080,-95.60
80,7,646,100,6.456,-102.13
80,8,130,100,-1.049,-94.63
80,9,113,100,-4.276,-91.40
80,10,106,100,-5.693,-89.98
80,11,171,100,1.365,-97.04
80,12,702,100,7.071,-102.75
81,0,300,100,5.401,-101.08
81,1,117,100,-4.022,-91.66
81,2,100,100,-14.594,-81.08
81,3,106,100,-11.032,-84.64
81,4,103,100,-16.993,-78.68
81,5,106,100,-4.584,-91.09
81,6,237,100,4.381,-100.06
81,7,100,100,-16.883,-78.79
81,8,201,100,3.155,-98.83
81,9,121,100,-4.313,-91.36
81,10,108,100,-4.946,-90.73
81,11,119,100,-3.939,-91.74
81,12,327,100,5.530,-101.21
82,0,110,100,-4.343,-91.33
82,1,111,100,-3.208,-92.47
82,2,673,100,8.843,-104.52
82,3,105,100,-8.046,-87.63
82,4,102,100,-18.216,-77.46
82,5,7447,5,14.169,-109.85
82,6,5,5,-7.607,-88.07
82,7,6,5,1.845,-97.52
82,8,7340,0,16.765,-112.44
82,9,0,0,-0.394,-95.28
82,10,0,0,7.141,-102.82
82,11,0,0,2.491,-98.17
82,12,0,0,-4.307,-91.37
83,0,117,100,0.197,-95.87
83,1,313,100,5.685,-101.36
83,2,7500,33,13.161,-108.84
83,3,77,33,1.207,-96.88
83,4,45,33,-0.444,-95.23
83,5,151,33,5.962,-101.64
83,6,33,33,-11.175,-84.50
83,7,46,33,1.537,-97.21
83,8,37,33,-6.699,-88.98
83,9,79,33,3.958,-99.64
83,10,71,33,1.596,-97.27
83,11,844,33,9.778,-105.45
83,12,59,33,0.568,-96.24
84,0,228,100,5.242,-100.92
84,1,108,100,-6.071,-89.61
84,2,101,100,-14.739,-80.94
84,3,7498,0,18.018,-113.69
84,4,0,0,-1.578,-94.10
84,5,0,0,-4.504,-91.17
84,6,0,0,-4.576,-91.10
84,7,0,0,-7.775,-87.90
84,8,0,0,10.631,-106.31
84,9,0,0,3.289,-98.97
84,10,0,0,-13.446,-82.23
84,11,0,0,1.988,-97.67
84,12,0,0,-6.535,-89.14
85,0,171,100,1.551,-97.23
85,1,127,100,-0.471,-95.21
85,2,111,100,-4.762,-90.92
85,3,142,100,-0.862,-94.81
85,4,113,100,-4.941,-90.74
85,5,113,100,-6.533,-89.14
85,6,108,100,-4.473,-91.20
85,7,112,100,-1.457,-94.22
85,8,111,100,-5.632,-90.05
85,9,102,100,-10.937,-84.74
85,10,127,100,0.167,-95.84
85,11,103,100,-9.669,-86.01
85,12,154,100,0.824,-96.50
86,0,7500,4,13.933,-109.61
86,1,5,4,-0.505,-95.17
86,2,4,4,-2.808,-92.87
86,3,9,4,3.811,-99.49
86,4,4,4,-13.143,-82.53
86,5,7,4,-0.636,-95.04
86,6,48,4,8.518,-104.20
86,7,4203,2,14.446,-110.12
86,8,4,2,0.513,-96.19
86,9,3,2,0.310,-95.99
86,10,3,2,-8.747,-86.93
86,11,2,2,-8.647,-87.03
86,12,2,2,2.380,-98.06
87,0,255,100,4.985,-100.66
87,1,100,100,-19.687,-75.99
87,2,182,100,2.962,-98.64
87,3,406,100,6.900,-102.58
87,4,172,100,0.851,-96.53
87,5,109,100,-5.949,-89.73
87,6,992,100,8.681,-104.36
87,7,226,100,3.155,-98.83
87,8,108,100,-8.698,-86.98
87,9,121,100,-3.300,-92.38
87,10,100,100,-17.301,-78.38
87,11,104,100,-7.382,-88.30
87,12,7491,2,15.192,-110.87
88,0,7500,0,17.783,-113.46
88,1,0,0,-6.796,-88.88
88,2,0,0,-4.192,-91.49
88,3,0,0,-7.554,-88.12
88,4,0,0,-10.136,-85.54
88,5,0,0,-7.694,-87.98
88,6,0,0,3.584,-99.26
88,7,0,0,-11.143,-84.53
88,8,0,0,-10.020,-85.66
88,9,0,0,-10.221,-85.46
88,10,0,0,-9.759,-85.92
88,11,0,0,4.255,-99.93
88,12,0,0,-2.028,-93.65
89,0,126,100,-3.680,-92.00
89,1,174,100,1.376,-97.05
89,2,131,100,-1.113,-94.56
89,3,159,100,2.991,-98.67
89,4,109,100,-2.729,-92.95
89,5,108,100,-5.580,-90.10
89,6,102,100,-13.093,-82.58
89,7,107,100,-5.997,-89.68
89,8,109,100,-7.574,-88.10
89,9,195,100,2.541,-98.22
89,10,579,100,7.606,-103.28
89,11,116,100,-4.159,-91.52
89,12,114,100,-7.790,-87.89
90,0,124,100,0.090,-95.77
90,1,1911,100,9.826,-105.50
90,2,7463,6,14.280,-109.96
90,3,9,6,-4.980,-90.70
90,4,7,6,-12.020,-83.66
90,5,341,6,10.746,-106.42
90,6,10,6,3.186,-98.86
90,7,6,6,-10.776,-84.90
90,8,6,6,-8.548,-87.13
90,9,10,6,-14.217,-81.46
90,10,6,6,-9.347,-86.33
90,11,6,6,-5.773,-89.90
90,12,6,6,-5.938,-89.74
91,0,100,100,-13.214,-82.46
91,1,7500,5,13.434,-109.11
91,2,12,5,4.190,-99.87
91,3,6,5,1.172,-96.85
91,4,7,5,-7.551,-88.13
91,5,6,5,-5.017,-90.66
91,6,12,5,1.329,-97.01
91,7,9,5,1.167,-96.84
91,8,132,5,10.873,-106.55
91,9,5,5,-2.954,-92.72
91,10,5,5,-10.243,-85.43
91,11,5,5,-12.486,-83.19
91,12,9,5,-4.036,-91.64
92,0,148,100,1.347,-97.02
92,1,100,100,-20.333,-75.34
92,2,682,100,7.211,-102.89
92,3,101,100,-19.547,-76.13
92,4,104,100,-9.375,-86.30
92,5,204,100,1.977,-97.65
92,6,100,100,-9.983,-85.69
92,7,7489,0,15.559,-111.24
92,8,0,0,23.646,-119.32
92,9,0,0,4.148,-99.82
92,10,0,0,-1.406,-94.27
92,11,0,0,4.003,-99.68
92,12,0,0,-17.969,-77.71
93,0,264,100,5.449,-101.13
93,1,132,100,-1.398,-94.28
93,2,7495,0,14.010,-109.69
93,3,0,0,9.419,-105.10
93,4,0,0,-11.262,-84.41
93,5,0,0,1.551,-97.23
93,6,0,0,-6.725,-88.95
93,7,0,0,6.073,-101.75
93,8,0,0,2.763,-98.44
93,9,0,0,-7.220,-88.46
93,10,0,0,-0.865,-94.81
93,11,0,0,3.715,-99.39
93,12,0,0,12.083,-107.76
94,0,1475,100,9.120,-104.80
94,1,150,100,0.478,-96.16
94,2,111,100,-5.298,-90.38
94,3,113,100,-4.568,-91.11
94,4,165,100,-0.246,-95.43
94,5,103,100,-6.811,-88.87
94,6,124,100,-4.237,-91.44
94,7,120,100,-0.903,-94.77
94,8,129,100,-3.515,-92.16
94,9,4099,100,11.193,-106.87
94,10,113,100,-8.252,-87.43
94,11,138,100,-1.953,-93.72
94,12,109,100,-6.162,-89.52
95,0,116,100,-4.562,-91.12
95,1,7500,0,17.538,-113.21
95,2,0,0,10.957,-106.63
95,3,0,0,-0.018,-95.66
95,4,0,0,-2.914,-92.76
95,5,0,0,-2.068,-93.61
95,6,0,0,0.430,-96.11
95,7,0,0,-10.175,-85.50
95,8,0,0,-11.324,-84.35
95,9,0,0,-2.942,-92.73
95,10,0,0,-7.341,-88.34
95,11,0,0,14.473,-110.15
95,12,0,0,8.802,-104.48
96,0,104,100,-8.818,-86.86
96,1,108,100,-7.146,-88.53
96,2,146,100,2.619,-98.30
96,3,167,100,2.752,-98.43
96,4,375,100,1.600,-97.28
96,5,105,100,-6.609,-89.07
96,6,103,100,-13.888,-81.79
96,7,171,100,1.057,-96.73
96,8,505,99,6.067,-101.74
96,9,119,100,-3.400,-92.28
96,10,146,100,-0.041,-95.64
96,11,112,100,-6.133,-89.54
96,12,105,100,-13.422,-82.25
97,0,100,100,-15.399,-80.28
97,1,448,100,5.925,-101.60
97,2,147,100,0.901,-96.58
97,3,168,100,2.816,-98.49
97,4,149,100,1.203,-96.88
97,5,3181,100,10.802,-106.48
97,6,101,100,-5.521,-90.16
97,7,161,100,-0.447,-95.23
97,8,133,100,-0.746,-94.93
97,9,111,100,-2.962,-92.72
97,10,153,100,-1.455,-94.22
97,11,125,100,-2.775,-92.90
97,12,136,100,-0.117,-95.56
98,0,119,100,-4.285,-91.39
98,1,120,100,-2.839,-92.84
98,2,107,100,-7.567,-88.11
98,3,164,100,1.488,-97.16
98,4,118,100,-4.748,-90.93
98,5,229,100,4.229,-99.91
98,6,126,100,-1.593,-94.08
98,7,204,100,2.739,-98.42
98,8,116,100,-7.661,-88.02
98,9,115,100,-6.414,-89.26
98,10,204,100,2.774,-98.45
98,11,105,100,-17.352,-78.33
98,12,135,100,-2.079,-93.60
99,0,171,100,1.852,-97.53
99,1,100,100,-18.967,-76.71
99,2,112,100,-4.556,-91.12
99,3,110,100,-6.214,-89.46
99,4,101,100,-9.816,-85.86
99,5,113,100,-4.532,-91.15
99,6,110,100,-5.856,-89.82
99,7,189,100,0.825,-96.50
99,8,105,100,-8.015,-87.66
99,9,205,100,4.240,-99.92
99,10,164,100,2.466,-98.14
99,11,588,100,7.277,-102.95
99,12,603,100,7.959,-103.64
100,0,1913,100,8.224,-103.90
100,1,111,100,-6.388,-89.29
100,2,174,100,0.515,-96.19
100,3,1974,100,9.724,-105.40
100,4,1734,100,9.359,-105.04
100,5,1670,100,10.056,-105.73
100,6,106,100,-8.110,-87.57
100,7,7423,0,19.856,-115.53
100,8,0,0,5.304,-100.98
100,9,0,0,-6.850,-88.83
100,10,0,0,6.896,-102.57
100,11,0,0,-2.807,-92.87
100,12,0,0,10.790,-106.47
101,0,108,100,-8.590,-87.09
101,1,445,100,7.104,-102.78
101,2,112,100,-5.459,-90.22
101,3,107,100,-6.758,-88.92
101,4,112,100,-3.906,-91.77
101,5,102,100,-12.002,-83.68
101,6,533,100,7.065,-102.74
101,7,100,100,-18.861,-76.82
101,8,131,100,-1.693,-93.98
101,9,2100,100,9.859,-105.54
101,10,144,100,-0.489,-95.19
101,11,111,100,-7.249,-88.43
101,12,102,100,-14.604,-81.07
102,0,981,100,9.301,-104.98
102,1,101,100,-11.575,-84.10
102,2,264,100,4.907,-100.58
102,3,7497,84,11.716,-107.39
102,4,119,84,0.096,-95.77
102,5,90,84,-10.955,-84.72
102,6,765,84,8.029,-103.71
102,7,94,84,-4.615,-91.06
102,8,249,84,4.099,-99.78
102,9,85,84,-10.386,-85.29
102,10,116,84,-1.329,-94.35
102,11,133,84,0.086,-95.76
102,12,84,84,-12.078,-83.60
103,0,145,100,-8.168,-87.51
103,1,127,100,-1.379,-94.30
103,2,136,100,-1.735,-93.94
103,3,100,100,-10.615,-85.06
103,4,160,100,-1.551,-94.13
103,5,100,100,-11.679,-84.00
103,6,179,100,-0.104,-95.57
103,7,107,100,-6.619,-89.06
103,8,109,100,-7.611,-88.07
103,9,128,100,-2.109,-93.57
103,10,129,100,-1.375,-94.30
103,11,351,100,5.659,-101.34
103,12,180,100,2.202,-97.88
104,0,102,100,-8.247,-87.43
104,1,201,100,4.034,-99.71
104,2,155,100,1.996,-97.67
104,3,108,100,-4.978,-90.70
104,4,130,100,-1.200,-94.48
104,5,7498,0,16.104,-111.78
104,6,0,0,7.913,-103.59
104,7,0,0,9.226,-104.90
104,8,0,0,7.621,-103.30
104,9,0,0,9.086,-104.76
104,10,0,0,-5.108,-90.57
104,11,0,0,2.492,-98.17
104,12,0,0,11.621,-107.30
105,0,128,100,0.232,-95.91
105,1,106,100,-8.159,-87.52
105,2,114,100,-8.270,-87.41
105,3,160,100,1.718,-97.40
105,4,136,100,0.048,-95.73
105,5,269,100,5.050,-100.73
105,6,4687,100,11.316,-106.99
105,7,290,100,4.172,-99.85
105,8,103,100,-11.032,-84.64
105,9,1903,100,9.597,-105.27
105,10,112,100,-7.806,-87.87
105,11,1518,100,9.533,-105.21
105,12,109,100,-7.507,-88.17
106,0,107,100,-7.259,-88.42
106,1,140,100,-0.404,-95.27
106,2,100,100,-13.209,-82.47
106,3,127,100,-3.405,-92.27
106,4,375,100,5.864,-101.54
106,5,106,100,-5.717,-89.96
106,6,365,100,6.163,-101.84
106,7,287,100,3.245,-98.92
106,8,638,100,7.664,-103.34
106,9,161,100,1.905,-97.58
106,10,106,100,-7.474,-88.20
106,11,115,100,-3.755,-91.92
106,12,7459,65,12.064,-107.74
107,0,100,100,-16.975,-78.70
107,1,130,100,0.566,-96.24
107,2,102,100,-13.259,-82.42
107,3,133,100,0.454,-96.13
107,4,7499,54,12.421,-108.10
107,5,227,54,6.042,-101.72
107,6,718,53,8.677,-104.35
107,7,97,53,3.050,-98.73
107,8,105,53,0.949,-96.63
107,9,65,53,-5.516,-90.16
107,10,65,53,-5.444,-90.23
107,11,59,53,-10.288,-85.39
107,12,70,53,-7.226,-88.45
108,0,184,100,3.350,-99.03
108,1,7500,5,14.255,-109.93
108,2,11,5,4.793,-100.47
108,3,5,5,-13.727,-81.95
108,4,10,5,1.120,-96.80
108,5,5,5,-12.174,-83.50
108,6,12,5,-0.571,-95.11
108,7,9,5,4.723,-100.40
108,8,13,5,-2.497,-93.18
108,9,5,5,-12.992,-82.69
108,10,6020,3,13.887,-109.56
108,11,3,3,-12.521,-83.16
108,12,3,3,-8.723,-86.95
109,0,299,100,4.524,-100.20
109,1,696,100,8.153,-103.83
109,2,230,100,4.459,-100.14
109,3,125,100,-1.487,-94.19
109,4,7498,30,12.672,-108.35
109,5,6708,0,24.961,-120.64
109,6,0,0,4.987,-100.66
109,7,0,0,-1.568,-94.11
109,8,0,0,2.888,-98.57
109,9,0,0,-1.722,-93.96
109,10,0,0,12.402,-108.08
109,11,0,0,-6.403,-89.27
109,12,0,0,15.078,-110.76
110,0,201,100,3.903,-99.58
110,1,148,100,-0.586,-95.09
110,2,108,100,-11.596,-84.08
110,3,108,100,-9.022,-86.66
110,4,668,100,8.085,-103.76
110,5,229,100,1.854,-97.53
110,6,7473,0,16.330,-112.01
110,7,0,0,9.667,-105.34
110,8,0,0,-0.927,-94.75
110,9,0,0,-2.519,-93.16
110,10,0,0,1.694,-97.37
110,11,0,0,-3.840,-91.84
110,12,0,0,13.707,-109.38
111,0,102,100,-5.089,-90.59
111,1,113,100,-5.826,-89.85
111,2,106,100,-7.418,-88.26
111,3,108,100,-7.282,-88.40
111,4,298,100,5.446,-101.12
111,5,116,100,-3.916,-91.76
111,6,171,100,1.200,-96.88
111,7,271,100,3.322,-99.00
111,8,148,100,-1.538,-94.14
111,9,194,100,1.517,-97.19
111,10,108,100,-8.803,-86.87
111,11,270,100,4.662,-100.34
111,12,109,100,-9.900,-85.78
112,0,102,100,-16.291,-79.39
112,1,7500,14,13.141,-108.82
112,2,17,14,-4.823,-90.85
112,3,14,14,-17.471,-78.21
112,4,92,14,6.124,-101.80
112,5,5255,13,12.624,-108.30
112,6,13,13,-22.420,-73.26
112,7,1370,12,11.884,-107.56
112,8,18,12,-8.104,-87.57
112,9,22,12,0.024,-95.70
112,10,12,12,-5.525,-90.15
112,11,12,12,-2.818,-92.86
112,12,6328,0,18.470,-114.15
113,0,2445,100,10.269,-105.95
113,1,137,100,-1.441,-94.24
113,2,126,100,-3.337,-92.34
113,3,171,100,1.745,-97.42
113,4,136,100,-2.047,-93.63
113,5,7486,0,15.843,-111.52
113,6,0,0,-0.045,-95.63
113,7,0,0,13.840,-109.52
113,8,0,0,1.804,-97.48
113,9,0,0,0.773,-96.45
113,10,0,0,-8.804,-86.87
113,11,0,0,-2.418,-93.26
113,12,0,0,2.810,-98.49
114,0,615,100,8.153,-103.83
114,1,146,100,-1.516,-94.16
114,2,854,100,8.120,-103.80
114,3,113,100,-8.857,-86.82
114,4,172,100,0.016,-95.69
114,5,319,100,4.268,-99.94
114,6,1114,100,9.553,-105.23
114,7,118,100,-4.248,-91.43
114,8,222,100,3.786,-99.46
114,9,116,100,-3.247,-92.43
114,10,102,100,-9.966,-85.71
114,11,123,100,-5.068,-90.61
114,12,103,100,-10.344,-85.33
115,0,115,100,-3.565,-92.11
115,1,100,100,-18.092,-77.59
115,2,322,100,6.080,-101.76
115,3,7500,76,11.801,-107.48
115,4,167,76,1.804,-97.48
115,5,680,76,7.800,-103.48
115,6,176,76,3.302,-98.98
115,7,97,76,-3.432,-92.25
115,8,81,76,-10.145,-85.53
115,9,181,76,2.879,-98.56
115,10,139,76,1.739,-97.42
115,11,87,76,-5.359,-90.32
115,12,209,76,3.627,-99.30
116,0,539,100,7.145,-102.82
116,1,6067,100,11.820,-107.50
116,2,1695,100,9.408,-105.09
116,3,190,100,-1.031,-94.65
116,4,106,100,-10.649,-85.03
116,5,103,100,-13.289,-82.39
116,6,141,100,-2.362,-93.32
116,7,164,100,0.337,-96.01
116,8,126,100,-2.642,-93.04
116,9,176,100,-0.485,-95.19
116,10,255,100,2.913,-98.59
116,11,137,100,-2.141,-93.54
116,12,116,100,-4.521,-91.16
117,0,136,100,0.744,-96.42
117,1,223,100,2.963,-98.64
117,2,114,100,-6.475,-89.20
117,3,277,100,3.379,-99.06
117,4,129,100,-2.685,-92.99
117,5,251,100,4.559,-100.24
117,6,906,100,8.756,-104.43
117,7,112,100,-3.695,-91.98
117,8,7481,48,12.648,-108.33
117,9,423,48,8.015,-103.69
117,10,49,48,-8.840,-86.84
117,11,102,48,3.571,-99.25
117,12,961,46,9.276,-104.95
118,0,112,100,-3.337,-92.34
118,1,207,100,3.426,-99.10
118,2,270,100,5.939,-101.62
118,3,187,100,1.410,-97.09
118,4,111,100,-7.345,-88.33
118,5,1475,100,9.303,-104.98
118,6,110,100,-6.596,-89.08
118,7,1282,100,9.266,-104.94
118,8,7431,6,14.110,-109.79
118,9,5839,0,17.309,-112.99
118,10,0,0,2.337,-98.01
118,11,0,0,-2.400,-93.28
118,12,0,0,2.479,-98.16
119,0,1987,100,9.930,-105.61
119,1,135,100,-0.727,-94.95
119,2,111,100,-5.182,-90.49
119,3,810,100,7.926,-103.60
119,4,846,100,7.986,-103.66
119,5,148,100,0.672,-96.35
119,6,308,100,4.649,-100.33
119,7,107,100,-5.103,-90.57
119,8,1279,100,8.558,-104.24
119,9,211,100,3.019,-98.70
119,10,291,100,4.141,-99.82
119,11,624,100,7.748,-103.43
119,12,100,100,-10.415,-85.26
120,0,101,100,-10.094,-85.58
120,1,143,100,1.173,-96.85
120,2,325,100,5.601,-101.28
120,3,109,100,-6.629,-89.05
120,4,104,100,-13.819,-81.86
120,5,123,100,-3.380,-92.30
120,6,292,100,5.626,-101.30
120,7,354,100,5.645,-101.32
120,8,7476,64,12.332,-108.01
120,9,145,64,3.396,-99.07
120,10,68,64,-4.690,-90.99
120,11,222,64,5.471,-101.15
120,12,1941,64,10.327,-106.00
121,0,7500,27,12.603,-108.28
121,1,41,28,-0.687,-94.99
121,2,28,28,-12.711,-82.97
121,3,7018,22,12.845,-108.52
121,4,22,22,-11.989,-83.69
121,5,38,22,0.060,-95.74
121,6,41,22,0.164,-95.84
121,7,23,22,-5.284,-90.39
121,8,29,22,0.229,-95.91
121,9,71,22,4.670,-100.35
121,10,22,22,-6.433,-89.24
121,11,70,22,3.092,-98.77
121,12,29,22,-0.429,-95.25
122,0,142,100,-4.896,-90.78
122,1,115,100,-2.142,-93.53
122,2,586,100,7.434,-103.11
122,3,166,100,1.275,-96.95
122,4,728,100,7.433,-103.11
122,5,107,100,-5.988,-89.69
122,6,456,100,5.926,-101.60
122,7,190,100,2.017,-97.69
122,8,127,100,-3.169,-92.51
122,9,400,100,6.330,-102.01
122,10,7485,70,12.292,-107.97
122,11,444,70,7.340,-103.02
122,12,131,70,2.097,-97.77
123,0,120,100,-0.901,-94.78
123,1,132,100,-1.007,-94.67
123,2,108,100,-4.495,-91.18
123,3,7500,34,12.772,-108.45
123,4,77,34,3.349,-99.03
123,5,34,34,-10.253,-85.42
123,6,41,34,-4.913,-90.76
123,7,1587,33,9.508,-105.18
123,8,36,33,-6.636,-89.04
123,9,33,33,-9.046,-86.63
123,10,41,33,-1.435,-94.24
123,11,6995,0,15.967,-111.64
123,12,0,0,4.690,-100.37
124,0,182,100,2.137,-97.81
124,1,229,100,3.727,-99.40
124,2,152,100,-1.899,-93.78
124,3,123,100,-3.909,-91.77
124,4,118,100,-4.267,-91.41
124,5,140,100,-0.539,-95.14
124,6,471,100,7.036,-102.71
124,7,100,100,-16.326,-79.35
124,8,110,100,-6.426,-89.25
124,9,288,100,5.195,-100.87
124,10,151,100,1.001,-96.68
124,11,2182,100,10.526,-106.20
124,12,146,100,0.149,-95.83
125,0,100,100,-14.825,-80.85
125,1,113,100,-2.388,-93.29
125,2,118,100,-1.317,-94.36
125,3,371,100,6.609,-102.29
125,4,118,100,-5.783,-89.89
125,5,474,100,5.906,-101.58
125,6,102,100,-16.558,-79.12
125,7,223,100,4.360,-100.04
125,8,105,100,-15.738,-79.94
125,9,232,100,3.718,-99.40
125,10,190,100,1.751,-97.43
125,11,526,100,7.308,-102.99
125,12,138,100,0.459,-96.14
126,0,108,100,-5.166,-90.51
126,1,625,100,7.840,-103.52
126,2,7467,0,16.533,-112.21
126,3,0,0,-1.298,-94.38
126,4,0,0,-10.461,-85.22
126,5,0,0,-4.608,-91.07
126,6,0,0,3.811,-99.49
126,7,0,0,4.384,-100.06
126,8,0,0,-1.762,-93.91
126,9,0,0,-3.602,-92.08
126,10,0,0,-5.673,-90.00
126,11,0,0,2.530,-98.21
126,12,0,0,0.937,-96.61
127,0,227,100,1.089,-96.77
127,1,252,100,5.532,-101.21
127,2,159,100,1.092,-96.77
127,3,161,100,1.227,-96.90
127,4,2379,100,9.917,-105.59
127,5,115,100,-1.937,-93.74
127,6,119,100,-3.415,-92.26
127,7,938,100,6.835,-102.51
127,8,130,100,-3.742,-91.94
127,9,592,100,7.387,-103.06
127,10,135,100,-0.716,-94.96
127,11,884,100,8.031,-103.71
127,12,103,100,-6.112,-89.56
128,0,412,100,6.729,-102.41
128,1,472,100,6.794,-102.47
128,2,100,100,-15.437,-80.24
128,3,204,100,2.104,-97.78
128,4,103,100,-8.744,-86.93
128,5,291,100,5.240,-100.92
128,6,111,100,-7.256,-88.42
128,7,308,100,5.058,-100.74
128,8,157,100,-0.220,-95.46
128,9,518,100,7.463,-103.14
128,10,104,100,-8.492,-87.19
128,11,126,100,-2.177,-93.50
128,12,251,100,4.524,-100.20
129,0,1671,100,10.147,-105.82
129,1,108,100,-8.485,-87.19
129,2,132,100,-2.279,-93.40
129,3,178,100,0.810,-96.49
129,4,374,100,5.262,-100.94
129,5,484,100,7.054,-102.73
129,6,249,100,2.674,-98.35
129,7,117,100,-2.783,-92.89
129,8,307,100,4.761,-100.44
129,9,108,100,-7.860,-87.82
129,10,103,100,-7.954,-87.72
129,11,111,100,-4.093,-91.58
129,12,131,100,-3.940,-91.74
130,0,160,100,4.049,-99.73
130,1,684,100,7.998,-103.68
130,2,7493,3,14.883,-110.56
130,3,39,3,6.860,-102.54
130,4,3,3,-3.869,-91.81
130,5,8,3,-0.226,-95.45
130,6,6,3,-5.094,-90.58
130,7,6,3,-0.854,-94.82
130,8,3,3,-9.146,-86.53
130,9,9,3,2.161,-97.84
130,10,6,3,4.043,-99.72
130,11,6,3,1.220,-96.90
130,12,88,3,9.385,-105.06
131,0,136,100,-3.284,-92.39
131,1,339,100,5.138,-100.82
131,2,102,100,-11.501,-84.18
131,3,100,100,-7.496,-88.18
131,4,3065,100,10.456,-106.13
131,5,7469,53,12.425,-108.10
131,6,54,53,-1.645,-94.03
131,7,149,53,3.899,-99.58
131,8,612,53,8.440,-104.12
131,9,64,53,-3.277,-92.40
131,10,135,53,3.586,-99.26
131,11,206,53,5.202,-100.88
131,12,64,53,-3.614,-92.06
132,0,102,100,-8.392,-87.29
132,1,100,100,-16.598,-79.08
132,2,293,100,4.777,-100.45
132,3,122,100,-2.016,-93.66
132,4,148,100,1.106,-96.78
132,5,7495,10,13.443,-109.12
132,6,12,10,-2.110,-93.57
132,7,10,10,-4.330,-91.35
132,8,24,10,3.733,-99.41
132,9,13,10,-2.284,-93.39
132,10,10,10,-9.932,-85.75
132,11,31,10,5.171,-100.85
132,12,14,10,2.851,-98.53
133,0,309,100,4.765,-100.44
133,1,361,100,5.757,-101.43
133,2,140,100,0.730,-96.41
133,3,189,100,2.844,-98.52
133,4,120,100,-3.498,-92.18
133,5,7487,54,12.065,-107.74
133,6,71,55,-2.492,-93.19
133,7,59,55,-8.404,-87.27
133,8,60,55,-7.935,-87.74
133,9,55,55,-7.109,-88.57
133,10,56,55,-7.882,-87.80
133,11,80,55,-0.774,-94.90
133,12,400,55,7.252,-102.93
134,0,1355,100,7.760,-103.44
134,1,102,100,-11.550,-84.13
134,2,196,100,1.988,-97.66
134,3,121,100,-4.576,-91.10
134,4,2067,100,9.980,-105.66
134,5,108,100,-5.128,-90.55
134,6,7446,0,15.189,-110.87
134,7,0,0,15.815,-111.49
134,8,0,0,-5.839,-89.84
134,9,0,0,-7.179,-88.50
134,10,0,0,9.349,-105.03
134,11,0,0,5.106,-100.78
134,12,0,0,4.523,-100.20
135,0,106,100,-3.486,-92.19
135,1,143,100,0.921,-96.60
135,2,183,100,2.540,-98.22
135,3,117,100,-4.846,-90.83
135,4,660,100,7.606,-103.28
135,5,119,100,-5.182,-90.50
135,6,160,100,-4.572,-91.10
135,7,135,100,-1.611,-94.07
135,8,150,100,-0.452,-95.23
135,9,1672,100,9.784,-105.46
135,10,1959,100,10.088,-105.76
135,11,7458,0,27.452,-123.13
135,12,0,0,-7.634,-88.04
136,0,159,100,1.322,-97.00
136,1,127,100,-1.126,-94.55
136,2,144,100,0.471,-96.15
136,3,111,100,-5.075,-90.60
136,4,104,100,-14.726,-80.95
136,5,118,100,-3.467,-92.21
136,6,877,100,8.060,-103.74
136,7,1238,100,9.033,-104.71
136,8,519,100,5.724,-101.40
136,9,124,100,-3.904,-91.77
136,10,187,100,2.401,-98.08
136,11,153,100,-1.305,-94.37
136,12,1056,100,8.371,-104.05
137,0,112,100,-2.566,-93.11
137,1,7500,0,19.657,-115.33
137,2,0,0,7.268,-102.94
137,3,0,0,-7.442,-88.24
137,4,0,0,-9.540,-86.14
137,5,0,0,11.824,-107.50
137,6,0,0,0.441,-96.12
137,7,0,0,-1.017,-94.66
137,8,0,0,-11.178,-84.50
137,9,0,0,-11.976,-83.70
137,10,0,0,-5.600,-90.08
137,11,0,0,-3.372,-92.30
137,12,0,0,8.872,-104.55
138,0,229,100,3.768,-99.45
138,1,1752,100,9.781,-105.46
138,2,443,100,6.231,-101.91
138,3,121,100,-1.764,-93.91
138,4,308,100,4.427,-100.10
138,5,5041,100,11.212,-106.89
138,6,254,100,4.215,-99.89
138,7,282,100,3.453,-99.13
138,8,120,100,-7.260,-88.42
138,9,152,100,0.495,-96.17
138,10,129,100,-0.757,-94.92
138,11,106,100,-5.126,-90.55
138,12,154,100,0.089,-95.77
139,0,908,100,8.769,-104.45
139,1,2714,100,10.784,-106.46
139,2,146,100,-0.998,-94.68
139,3,3212,100,10.925,-106.60
139,4,118,100,-3.870,-91.81
139,5,118,100,-3.226,-92.45
139,6,403,100,5.603,-101.28
139,7,150,100,0.628,-96.31
139,8,221,100,2.381,-98.06
139,9,325,100,4.766,-100.44
139,10,7098,86,11.782,-107.46
139,11,7432,9,14.175,-109.85
139,12,35,9,6.465,-102.14
140,0,199,100,2.888,-98.57
140,1,139,100,-1.831,-93.85
140,2,106,100,-7.767,-87.91
140,3,608,100,7.665,-103.34
140,4,164,100,1.329,-97.01
140,5,203,100,3.473,-99.15
140,6,921,100,8.114,-103.79
140,7,108,100,-6.629,-89.05
140,8,107,100,-9.497,-86.18
140,9,106,100,-9.432,-86.25
140,10,345,100,5.846,-101.52
140,11,498,100,6.746,-102.42
140,12,100,100,-14.071,-81.61
141,0,532,100,7.472,-103.15
141,1,462,100,5.698,-101.37
141,2,181,100,1.572,-97.25
141,3,113,100,-4.722,-90.95
141,4,101,100,-14.995,-80.68
141,5,215,100,0.937,-96.61
141,6,412,100,7.374,-103.05
141,7,100,100,-20.046,-75.63
141,8,464,100,7.037,-102.71
141,9,7451,23,13.550,-109.23
141,10,23,23,-16.429,-79.25
141,11,27,23,-3.876,-91.80
141,12,24,23,-8.956,-86.72
142,0,125,100,-2.265,-93.41
142,1,144,100,1.583,-97.26
142,2,7500,0,20.606,-116.28
142,3,0,0,4.273,-99.95
142,4,0,0,-3.436,-92.24
142,5,0,0,7.608,-103.28
142,6,0,0,13.694,-109.37
142,7,0,0,-0.572,-95.10
142,8,0,0,7.021,-102.70
142,9,0,0,20.176,-115.85
142,10,0,0,-5.599,-90.08
142,11,0,0,-12.640,-83.04
142,12,0,0,-2.510,-93.17
143,0,125,100,-2.792,-92.88
143,1,449,100,7.311,-102.99
143,2,423,100,6.729,-102.41
143,3,3337,100,11.076,-106.75
143,4,456,100,5.654,-101.33
143,5,116,100,-8.611,-87.07
143,6,142,100,0.188,-95.87
143,7,264,100,3.725,-99.40
143,8,160,100,0.026,-95.70
143,9,148,100,0.145,-95.82
143,10,123,100,-3.083,-92.59
143,11,121,100,-4.234,-91.44
143,12,7400,28,12.996,-108.67
144,0,221,100,3.652,-99.33
144,1,4856,100,10.908,-106.58
144,2,111,100,-6.272,-89.41
144,3,104,100,-10.987,-84.69
144,4,2988,100,10.022,-105.70
144,5,120,100,-3.047,-92.63
144,6,289,100,4.512,-100.19
144,7,112,100,-7.266,-88.41
144,8,180,100,1.206,-96.88
144,9,109,100,-7.122,-88.55
144,10,424,100,5.477,-101.15
144,11,817,100,8.036,-103.71
144,12,100,100,-13.456,-82.22
145,0,122,100,-3.558,-92.12
145,1,156,100,2.776,-98.45
145,2,106,100,-7.720,-87.96
145,3,393,100,7.114,-102.79
145,4,140,100,-0.512,-95.17
145,5,111,100,-9.083,-86.59
145,6,112,100,-9.858,-85.82
145,7,388,100,6.066,-101.74
145,8,107,100,-8.196,-87.48
145,9,102,100,-9.785,-85.89
145,10,226,100,3.099,-98.78
145,11,493,100,6.936,-102.61
145,12,108,100,-3.566,-92.11
146,0,122,100,-4.317,-91.36
146,1,172,100,2.748,-98.43
146,2,181,100,1.950,-97.63
146,3,238,100,5.508,-101.18
146,4,372,100,6.891,-102.57
146,5,126,100,-1.455,-94.22
146,6,185,100,3.686,-99.36
146,7,126,100,-3.475,-92.20
146,8,141,100,-0.031,-95.65
146,9,129,100,-1.530,-94.15
146,10,112,100,-8.545,-87.13
146,11,102,100,-7.009,-88.67
146,12,1004,100,9.048,-104.72
147,0,107,100,-7.098,-88.58
147,1,107,100,-6.501,-89.18
147,2,107,100,-4.972,-90.71
147,3,406,100,6.729,-102.41
147,4,337,100,6.294,-101.97
147,5,1274,100,8.874,-104.55
147,6,243,100,3.969,-99.65
147,7,117,100,-2.310,-93.37
147,8,7434,22,12.823,-108.50
147,9,101,22,6.154,-101.83
147,10,22,22,-16.051,-79.63
147,11,1066,22,11.154,-106.83
147,12,66,22,4.083,-99.76
148,0,7500,7,13.974,-109.65
148,1,7,7,-8.833,-86.84
148,2,16,7,5.272,-100.95
148,3,23,7,0.537,-96.21
148,4,50,7,8.487,-104.16
148,5,24,7,6.561,-102.24
148,6,17,7,4.930,-100.61
148,7,47,7,7.266,-102.94
148,8,7,7,-2.906,-92.77
148,9,7,7,0.561,-96.24
148,10,7,7,-14.792,-80.89
148,11,9,7,-6.604,-89.07
148,12,9,7,-6.429,-89.25
149,0,104,100,-10.308,-85.37
149,1,352,100,6.137,-101.81
149,2,188,100,2.684,-98.36
149,3,112,100,-4.180,-91.50
149,4,116,100,-4.556,-91.12
149,5,7497,0,16.584,-112.26
149,6,0,0,-9.784,-85.89
149,7,0,0,-1.652,-94.03
149,8,0,0,-4.160,-91.52
149,9,0,0,4.429,-100.11
149,10,0,0,-4.926,-90.75
149,11,0,0,-1.002,-94.68
149,12,0,0,3.243,-98.92
150,0,157,100,1.391,-97.07
150,1,110,100,-7.115,-88.56
150,2,1406,100,8.944,-104.62
150,3,136,100,-0.864,-94.81
150,4,7478,72,12.061,-107.74
150,5,248,72,5.042,-100.72
150,6,1476,72,9.870,-105.55
150,7,123,72,-1.670,-94.01
150,8,80,72,-8.739,-86.94
150,9,94,72,-4.563,-91.11
150,10,89,72,-4.113,-91.56
150,11,1684,72,10.302,-105.98
150,12,73,72,-9.150,-86.53
151,0,140,100,-0.839,-94.84
151,1,100,100,-11.689,-83.99
151,2,114,100,-4.429,-91.25
151,3,136,100,-0.741,-94.94
151,4,142,100,1.365,-97.04
151,5,132,100,0.487,-96.16
151,6,106,100,-9.260,-86.42
151,7,124,100,-1.007,-94.67
151,8,104,100,-8.845,-86.83
151,9,120,100,-5.357,-90.32
151,10,2040,100,9.949,-105.63
151,11,110,100,-6.721,-88.96
151,12,182,100,1.934,-97.61
152,0,7500,69,12.162,-107.84
152,1,81,69,-1.801,-93.88
152,2,6398,58,11.432,-107.11
152,3,238,58,5.791,-101.47
152,4,58,58,-18.155,-77.52
152,5,59,58,-11.094,-84.58
152,6,64,58,-1.945,-93.73
152,7,393,58,7.108,-102.78
152,8,85,58,-2.895,-92.78
152,9,68,58,-7.075,-88.60
152,10,72,58,-1.928,-93.75
152,11,90,58,-1.405,-94.27
152,12,82,58,-0.356,-95.32
153,0,158,100,1.451,-97.13
153,1,119,100,-4.509,-91.17
153,2,116,100,-4.274,-91.40
153,3,111,100,-6.153,-89.52
153,4,7499,58,12.372,-108.05
153,5,2485,58,10.602,-106.28
153,6,88,58,-0.892,-94.79
153,7,113,58,0.680,-96.36
153,8,193,58,4.406,-100.08
153,9,90,58,-2.163,-93.51
153,10,64,58,-8.413,-87.26
153,11,79,58,-0.948,-94.73
153,12,66,58,-4.045,-91.63
154,0,116,100,-2.910,-92.77
154,1,7500,0,17.005,-112.68
154,2,0,0,-4.632,-91.05
154,3,0,0,-1.570,-94.11
154,4,0,0,15.618,-111.30
154,5,0,0,-19.219,-76.46
154,6,0,0,1.486,-97.16
154,7,0,0,5.053,-100.73
154,8,0,0,-0.130,-95.55
154,9,0,0,0.274,-95.95
154,10,0,0,0.136,-95.81
154,11,0,0,-2.376,-93.30
154,12,0,0,-6.971,-88.71
155,0,337,100,4.932,-100.61
155,1,434,100,6.322,-102.00
155,2,273,100,4.648,-100.33
155,3,166,100,1.816,-97.49
155,4,365,100,5.914,-101.59
155,5,172,100,2.005,-97.68
155,6,133,100,-0.939,-94.74
155,7,124,100,-3.783,-91.89
155,8,149,100,0.430,-96.11
155,9,107,100,-7.497,-88.18
155,10,207,100,4.345,-100.02
155,11,109,100,-6.526,-89.15
155,12,133,100,-0.820,-94.86
156,0,114,100,-4.756,-90.92
156,1,103,100,-8.735,-86.94
156,2,1059,100,9.278,-104.96
156,3,104,100,-9.812,-85.87
156,4,188,100,2.091,-97.77
156,5,121,100,-2.611,-93.07
156,6,285,100,3.072,-98.75
156,7,101,100,-16.083,-79.59
156,8,113,100,-4.870,-90.81
156,9,112,100,-11.042,-84.64
156,10,1416,100,10.021,-105.70
156,11,169,100,0.627,-96.30
156,12,110,100,-9.036,-86.64
157,0,183,100,3.029,-98.71
157,1,248,100,5.170,-100.85
157,2,7500,0,24.673,-120.35
157,3,0,0,6.929,-102.61
157,4,0,0,6.878,-102.56
157,5,0,0,-3.903,-91.77
157,6,0,0,-12.900,-82.78
157,7,0,0,3.560,-99.24
157,8,0,0,-3.495,-92.18
157,9,0,0,-3.181,-92.50
157,10,0,0,-5.661,-90.02
157,11,0,0,1.967,-97.64
157,12,0,0,-7.613,-88.06
158,0,4252,100,10.917,-106.59
158,1,504,100,6.644,-102.32
158,2,4170,100,10.695,-106.37
158,3,112,100,-6.307,-89.37
158,4,112,100,-3.982,-91.70
158,5,105,100,-10.874,-84.80
158,6,102,100,-9.281,-86.40
158,7,138,100,0.430,-96.11
158,8,189,100,2.296,-97.97
158,9,111,100,-4.855,-90.82
158,10,229,100,3.418,-99.10
158,11,109,100,-8.210,-87.47
158,12,118,100,-7.468,-88.21
159,0,100,100,-22.489,-73.19
159,1,765,100,7.857,-103.53
159,2,350,100,6.183,-101.86
159,3,208,100,2.819,-98.50
159,4,239,100,3.627,-99.30
159,5,105,100,-8.832,-86.84
159,6,1121,100,8.542,-104.22
159,7,7452,51,11.929,-107.61
159,8,105,51,0.334,-96.01
159,9,501,50,8.356,-104.03
159,10,64,50,-0.679,-95.00
159,11,162,50,5.109,-100.79
159,12,63,50,-3.048,-92.63
160,0,109,100,-6.058,-89.62
160,1,111,100,-2.773,-92.90
160,2,106,100,-3.707,-91.97
160,3,144,100,1.127,-96.80
160,4,118,100,-0.259,-95.42
160,5,100,100,-11.882,-83.80
160,6,104,100,-5.973,-89.70
160,7,385,100,5.641,-101.32
160,8,135,100,0.180,-95.86
160,9,104,100,-11.614,-84.06
160,10,124,100,-2.432,-93.24
160,11,7485,50,12.767,-108.44
160,12,418,50,7.653,-103.33
161,0,135,100,-0.038,-95.64
161,1,127,100,-4.682,-90.99
161,2,110,100,-8.287,-87.39
161,3,214,100,4.430,-100.11
161,4,109,100,-6.568,-89.11
161,5,102,100,-11.493,-84.18
161,6,109,100,-8.539,-87.14
161,7,7489,1,15.340,-111.02
161,8,1,1,5.290,-100.97
161,9,2,1,5.908,-101.59
161,10,1,1,1.213,-96.89
161,11,1,1,-5.386,-90.29
161,12,9,1,5.937,-101.61
162,0,110,100,-7.776,-87.90
162,1,250,100,4.492,-100.17
162,2,242,100,4.809,-100.49
162,3,121,100,-3.422,-92.26
162,4,2125,100,10.008,-105.69
162,5,6820,100,11.789,-107.47
162,6,210,100,3.279,-98.96
162,7,129,100,-4.359,-91.32
162,8,3611,100,10.943,-106.62
162,9,105,100,-6.702,-88.98
162,10,107,100,-9.124,-86.55
162,11,138,100,-2.002,-93.68
162,12,1067,100,8.546,-104.22
163,0,963,100,8.546,-104.22
163,1,202,100,2.445,-98.12
163,2,151,100,0.299,-95.98
163,3,135,100,-2.681,-93.00
163,4,106,100,-10.281,-85.40
163,5,267,100,4.785,-100.46
163,6,755,100,8.194,-103.87
163,7,119,100,-1.883,-93.79
163,8,488,100,6.576,-102.25
163,9,626,100,7.995,-103.67
163,10,119,100,-3.347,-92.33
163,11,115,100,-3.707,-91.97
163,12,3762,100,11.177,-106.85
164,0,7500,32,12.577,-108.25
164,1,74,32,3.475,-99.15
164,2,37,32,-5.342,-90.34
164,3,35,32,-6.570,-89.11
164,4,33,32,-11.072,-84.60
164,5,33,32,-11.038,-84.64
164,6,45,32,-1.605,-94.07
164,7,171,32,5.675,-101.35
164,8,91,32,2.837,-98.51
164,9,91,32,4.159,-99.84
164,10,36,32,-4.427,-91.25
164,11,43,32,-1.214,-94.46
164,12,45,32,-5.689,-89.99
165,0,123,100,-5.365,-90.31
165,1,7495,46,12.316,-107.99
165,2,46,46,-6.124,-89.55
165,3,49,46,-5.333,-90.34
165,4,49,46,-7.248,-88.43
165,5,68,46,-0.295,-95.38
165,6,62,46,-4.981,-90.70
165,7,123,46,4.035,-99.71
165,8,72,46,-1.654,-94.02
165,9,155,46,5.108,-100.78
165,10,97,46,1.692,-97.37
165,11,63,46,-2.075,-93.60
165,12,644,46,8.579,-104.26
166,0,100,100,-16.276,-79.40
166,1,162,100,0.650,-96.33
166,2,103,100,-6.791,-88.89
166,3,257,100,4.643,-100.32
166,4,164,100,1.309,-96.99
166,5,725,100,8.639,-104.32
166,6,253,100,3.158,-98.84
166,7,171,100,0.565,-96.24
166,8,364,100,6.563,-102.24
166,9,116,100,-4.840,-90.84
166,10,140,100,-0.238,-95.44
166,11,129,100,-1.561,-94.12
166,12,130,100,-1.283,-94.39
167,0,180,100,3.393,-99.07
167,1,123,100,-2.458,-93.22
167,2,133,100,-1.438,-94.24
167,3,103,100,-7.654,-88.02
167,4,130,100,-1.258,-94.42
167,5,123,100,-2.980,-92.70
167,6,126,100,-2.097,-93.58
167,7,107,100,-7.861,-87.82
167,8,219,100,4.474,-100.15
167,9,114,100,-7.040,-88.64
167,10,179,100,0.978,-96.66
167,11,102,100,-10.932,-84.74
167,12,133,100,-0.409,-95.27
168,0,100,100,-14.240,-81.44
168,1,110,100,-5.267,-90.41
168,2,787,100,8.260,-103.94
168,3,103,100,-9.926,-85.75
168,4,200,100,2.357,-98.03
168,5,114,100,-3.648,-92.03
168,6,2156,100,10.757,-106.43
168,7,326,100,5.141,-100.82
168,8,190,100,1.317,-96.99
168,9,335,100,4.792,-100.47
168,10,158,100,0.984,-96.66
168,11,111,100,-5.902,-89.78
168,12,115,100,-5.282,-90.39
169,0,3854,100,10.938,-106.61
169,1,139,100,-2.359,-93.32
169,2,242,100,3.958,-99.64
169,3,7463,0,16.595,-112.27
169,4,0,0,3.230,-98.91
169,5,0,0,-1.057,-94.62
169,6,0,0,-5.625,-90.05
169,7,0,0,6.727,-102.40
169,8,0,0,1.450,-97.13
169,9,0,0,1.045,-96.72
169,10,0,0,1.633,-97.31
169,11,0,0,9.802,-105.48
169,12,0,0,6.127,-101.80
170,0,356,100,6.204,-101.88
170,1,100,100,-13.469,-82.21
170,2,259,100,3.490,-99.17
170,3,122,100,-3.825,-91.85
170,4,101,100,-7.637,-88.04
170,5,1278,100,9.167,-104.84
170,6,288,100,5.194,-100.87
170,7,113,100,-9.142,-86.54
170,8,119,100,-2.049,-93.63
170,9,352,100,5.621,-101.30
170,10,100,100,-15.310,-80.37
170,11,795,100,8.098,-103.77
170,12,120,100,-6.156,-89.52
171,0,120,100,-0.684,-94.99
171,1,155,100,-1.384,-94.29
171,2,7500,0,17.671,-113.35
171,3,0,0,-4.976,-90.70
171,4,0,0,2.042,-97.72
171,5,0,0,-3.602,-92.07
171,6,0,0,1.391,-97.07
171,7,0,0,-6.847,-88.83
171,8,0,0,-1.541,-94.14
171,9,0,0,-5.660,-90.02
171,10,0,0,10.212,-105.89
171,11,0,0,15.667,-111.34
171,12,0,0,9.003,-104.68
172,0,133,100,-0.892,-94.79
172,1,329,100,6.029,-101.71
172,2,139,100,0.056,-95.73
172,3,163,100,2.573,-98.25
172,4,289,100,5.713,-101.39
172,5,118,100,-5.336,-90.34
172,6,190,100,1.433,-97.11
172,7,151,100,1.676,-97.35
172,8,184,100,2.751,-98.43
172,9,106,100,-4.866,-90.81
172,10,7492,0,16.282,-111.96
172,11,0,0,4.990,-100.67
172,12,0,0,4.688,-100.37
173,0,127,100,1.011,-96.69
173,1,7496,5,14.041,-109.72
173,2,13,5,0.898,-96.57
173,3,5,5,-2.347,-93.33
173,4,6,5,-4.439,-91.24
173,5,185,5,10.799,-106.48
173,6,7,5,-1.261,-94.42
173,7,5,5,-1.952,-93.73
173,8,5,5,0.321,-96.00
173,9,5,5,-8.043,-87.63
173,10,6,5,-8.320,-87.36
173,11,5,5,-6.359,-89.32
173,12,9,5,-1.783,-93.89
174,0,626,100,7.718,-103.40
174,1,204,100,3.813,-99.49
174,2,319,100,5.921,-101.60
174,3,175,100,2.197,-97.87
174,4,2928,99,10.076,-105.75
174,5,102,100,-14.305,-81.37
174,6,112,100,-7.812,-87.87
174,7,118,100,-5.001,-90.68
174,8,136,100,-1.337,-94.34
174,9,106,100,-12.956,-82.72
174,10,241,100,2.764,-98.44
174,11,144,100,0.338,-96.01
174,12,407,100,5.394,-101.07
175,0,148,100,1.305,-96.98
175,1,7500,0,15.976,-111.65
175,2,0,0,7.109,-102.79
175,3,0,0,-10.725,-84.95
175,4,0,0,3.758,-99.44
175,5,0,0,-8.096,-87.58
175,6,0,0,6.553,-102.23
175,7,0,0,0.028,-95.70
175,8,0,0,8.741,-104.42
175,9,0,0,-1.446,-94.23
175,10,0,0,-2.963,-92.71
175,11,0,0,-0.031,-95.65
175,12,0,0,1.506,-97.18
176,0,150,100,-1.091,-94.59
176,1,102,100,-8.170,-87.51
176,2,163,100,0.510,-96.19
176,3,130,100,-1.683,-93.99
176,4,128,100,-1.159,-94.52
176,5,951,100,8.440,-104.12
176,6,514,100,7.062,-102.74
176,7,122,100,-1.850,-93.83
176,8,164,100,-0.364,-95.31
176,9,153,100,0.644,-96.32
176,10,490,100,6.881,-102.56
176,11,102,100,-9.791,-85.89
176,12,103,100,-9.291,-86.39
177,0,108,100,-3.656,-92.02
177,1,164,100,0.914,-96.59
177,2,932,100,8.559,-104.24
177,3,109,100,-7.667,-88.01
177,4,115,100,-3.841,-91.84
177,5,7492,6,14.185,-109.86
177,6,6,6,-6.381,-89.30
177,7,13,6,0.363,-96.04
177,8,6,6,-4.062,-91.61
177,9,9,6,2.074,-97.75
177,10,6,6,-7.750,-87.93
177,11,8,6,2.150,-97.83
177,12,87,6,10.054,-105.73
178,0,247,100,3.913,-99.59
178,1,102,100,-12.031,-83.65
178,2,5002,100,10.727,-106.40
178,3,7475,67,12.062,-107.74
178,4,310,67,5.628,-101.30
178,5,104,67,0.761,-96.44
178,6,6867,0,15.787,-111.46
178,7,0,0,-0.208,-95.47
178,8,0,0,-10.145,-85.53
178,9,0,0,1.433,-97.11
178,10,0,0,-6.793,-88.88
178,11,0,0,5.127,-100.80
178,12,0,0,-8.030,-87.65
179,0,186,100,2.440,-98.12
179,1,148,100,1.719,-97.40
179,2,100,100,-16.367,-79.31
179,3,124,100,-2.586,-93.09
179,4,194,100,2.403,-98.08
179,5,122,100,-3.086,-92.59
179,6,109,100,-7.547,-88.13
179,7,6058,100,11.443,-107.12
179,8,116,100,-7.541,-88.14
179,9,145,100,0.383,-96.06
179,10,100,100,-17.420,-78.26
179,11,132,100,-0.748,-94.93
179,12,116,100,-4.659,-91.02
180,0,103,100,-11.588,-84.09
180,1,113,100,-3.085,-92.59
180,2,211,100,3.260,-98.94
180,3,1126,100,8.859,-104.54
180,4,7498,0,17.067,-112.74
180,5,0,0,-10.686,-84.99
180,6,0,0,9.404,-105.08
180,7,0,0,1.871,-97.55
180,8,0,0,8.234,-103.91
180,9,0,0,-3.369,-92.31
180,10,0,0,3.608,-99.28
180,11,0,0,4.431,-100.11
180,12,0,0,3.389,-99.07
181,0,485,100,7.028,-102.71
181,1,880,100,9.254,-104.93
181,2,113,100,-4.743,-90.93
181,3,162,100,-0.905,-94.77
181,4,600,100,7.732,-103.41
181,5,232,100,4.158,-99.84
181,6,230,100,3.965,-99.64
181,7,106,100,-9.636,-86.04
181,8,111,100,-4.822,-90.86
181,9,103,100,-10.228,-85.45
181,10,577,100,7.738,-103.42
181,11,173,100,0.043,-95.72
181,12,144,100,0.926,-96.60
182,0,107,100,-6.203,-89.47
182,1,6189,100,11.117,-106.79
182,2,170,100,1.117,-96.79
182,3,103,100,-7.646,-88.03
182,4,242,100,3.131,-98.81
182,5,2218,100,9.940,-105.62
182,6,127,100,-1.632,-94.05
182,7,130,100,-0.961,-94.72
182,8,140,100,-2.284,-93.39
182,9,101,100,-12.696,-82.98
182,10,124,100,-7.946,-87.73
182,11,123,100,-2.423,-93.25
182,12,230,100,2.906,-98.58
183,0,106,100,-7.116,-88.56
183,1,132,100,-0.594,-95.08
183,2,103,100,-11.886,-83.79
183,3,165,100,1.950,-97.63
183,4,108,100,-5.752,-89.92
183,5,131,100,-1.863,-93.81
183,6,7496,20,13.055,-108.73
183,7,626,20,10.523,-106.20
183,8,24,20,-2.244,-93.43
183,9,3214,20,12.366,-108.04
183,10,31,20,-2.272,-93.41
183,11,60,20,4.674,-100.35
183,12,78,20,5.717,-101.39
184,0,339,100,5.977,-101.65
184,1,111,100,-8.611,-87.07
184,2,242,100,4.274,-99.95
184,3,288,100,5.016,-100.69
184,4,104,100,-9.235,-86.44
184,5,565,100,8.272,-103.95
184,6,432,100,5.877,-101.55
184,7,149,100,-0.465,-95.21
184,8,367,100,5.213,-100.89
184,9,121,100,-4.700,-90.98
184,10,275,100,4.310,-99.99
184,11,7486,4,14.358,-110.03
184,12,198,4,9.538,-105.21
185,0,105,100,-5.570,-90.11
185,1,109,100,-9.047,-86.63
185,2,100,100,-9.140,-86.54
185,3,106,100,-8.951,-86.73
185,4,926,99,8.631,-104.31
185,5,112,100,-6.055,-89.62
185,6,168,100,0.525,-96.20
185,7,100,100,-15.073,-80.60
185,8,102,100,-8.791,-86.89
185,9,108,100,-5.542,-90.14
185,10,119,100,-4.623,-91.05
185,11,123,100,-4.802,-90.88
185,12,101,100,-15.715,-79.96
186,0,189,100,2.786,-98.46
186,1,127,100,-1.762,-93.91
186,2,133,100,-6.880,-88.80
186,3,116,100,-2.350,-93.33
186,4,153,100,1.527,-97.20
186,5,177,100,1.900,-97.58
186,6,355,100,6.418,-102.10
186,7,112,100,-4.372,-91.30
186,8,100,100,-11.147,-84.53
186,9,111,100,-7.123,-88.55
186,10,103,100,-9.349,-86.33
186,11,116,100,-1.694,-93.98
186,12,130,100,-2.014,-93.66
187,0,158,100,1.980,-97.66
187,1,7500,14,13.878,-109.56
187,2,24,15,-1.671,-94.01
187,3,532,15,10.448,-106.12
187,4,17,15,-6.856,-88.82
187,5,53,15,4.231,-99.91
187,6,15,15,-3.228,-92.45
187,7,61,15,4.846,-100.52
187,8,107,15,6.376,-102.05
187,9,138,15,7.123,-102.80
187,10,17,15,-2.098,-93.58
187,11,50,15,5.075,-100.75
187,12,15,15,-11.315,-84.36
188,0,405,100,5.651,-101.33
188,1,165,100,1.127,-96.80
188,2,152,100,-0.757,-94.92
188,3,105,100,-8.811,-86.87
188,4,568,100,7.946,-103.62
188,5,103,100,-8.017,-87.66
188,6,114,100,-5.029,-90.65
188,7,137,100,-1.050,-94.63
188,8,100,100,-19.031,-76.65
188,9,129,100,-1.903,-93.77
188,10,100,100,-19.038,-76.64
188,11,146,100,0.912,-96.59
188,12,100,100,-18.660,-77.02
189,0,1048,100,8.948,-104.63
189,1,106,100,-9.328,-86.35
189,2,102,100,-9.780,-85.90
189,3,321,100,4.769,-100.45
189,4,114,100,-8.163,-87.51
189,5,139,100,-3.815,-91.86
189,6,5147,100,11.505,-107.18
189,7,150,100,-2.201,-93.48
189,8,102,100,-17.987,-77.69
189,9,7494,9,13.587,-109.26
189,10,9,9,-8.211,-87.47
189,11,9,9,-5.736,-89.94
189,12,16,9,2.327,-98.00
190,0,114,100,-4.300,-91.38
190,1,243,100,4.601,-100.28
190,2,108,100,-7.086,-88.59
190,3,7500,0,18.706,-114.38
190,4,0,0,4.295,-99.97
190,5,0,0,2.089,-97.77
190,6,0,0,-5.307,-90.37
190,7,0,0,0.110,-95.79
190,8,0,0,-0.965,-94.71
190,9,0,0,1.554,-97.23
190,10,0,0,-2.872,-92.80
190,11,0,0,6.001,-101.68
190,12,0,0,3.762,-99.44
191,0,252,100,5.196,-100.87
191,1,106,100,-15.483,-80.19
191,2,251,100,3.920,-99.60
191,3,3456,100,10.917,-106.59
191,4,130,100,-1.626,-94.05
191,5,113,100,-6.620,-89.06
191,6,121,100,-3.871,-91.81
191,7,102,100,-17.257,-78.42
191,8,3098,100,10.489,-106.17
191,9,100,100,-21.770,-73.91
191,10,553,100,6.826,-102.50
191,11,988,100,8.709,-104.39
191,12,122,100,-3.486,-92.19
192,0,230,100,5.079,-100.76
192,1,109,100,-3.569,-92.11
192,2,100,100,-11.647,-84.03
192,3,223,100,4.449,-100.13
192,4,108,100,-4.641,-91.04
192,5,107,100,-6.450,-89.23
192,6,7495,0,15.907,-111.58
192,7,0,0,-4.074,-91.60
192,8,0,0,-12.017,-83.66
192,9,0,0,1.357,-97.03
192,10,0,0,5.509,-101.19
192,11,0,0,5.740,-101.42
192,12,0,0,6.337,-102.01
193,0,110,100,-5.153,-90.52
193,1,106,100,-9.043,-86.63
193,2,103,100,-8.875,-86.80
193,3,329,100,6.037,-101.71
193,4,277,100,3.449,-99.13
193,5,352,100,5.083,-100.76
193,6,773,100,8.329,-104.01
193,7,247,100,4.171,-99.85
193,8,730,100,6.201,-101.88
193,9,154,100,0.124,-95.80
193,10,123,100,-2.523,-93.15
193,11,125,100,-1.420,-94.26
193,12,1357,100,9.377,-105.05
194,0,979,100,8.458,-104.13
194,1,289,100,4.845,-100.52
194,2,2231,100,9.957,-105.63
194,3,103,100,-9.565,-86.11
194,4,245,100,3.203,-98.88
194,5,100,100,-12.522,-83.16
194,6,7429,25,13.061,-108.74
194,7,35,25,-2.482,-93.19
194,8,25,25,-15.865,-79.81
194,9,162,25,6.299,-101.98
194,10,25,25,-15.214,-80.46
194,11,7368,5,14.118,-109.80
194,12,5,5,-6.879,-88.80
195,0,4187,100,10.759,-106.44
195,1,5683,100,11.440,-107.12
195,2,101,100,-10.595,-85.08
195,3,117,100,-5.330,-90.35
195,4,7461,21,12.711,-108.39
195,5,29,22,-3.561,-92.12
195,6,35,22,-1.173,-94.50
195,7,28,22,-2.342,-93.33
195,8,89,22,1.820,-97.50
195,9,723,22,10.304,-105.98
195,10,56,22,3.596,-99.27
195,11,22,22,-17.589,-78.09
195,12,45,22,3.599,-99.28
196,0,103,100,-10.743,-84.93
196,1,104,100,-8.081,-87.60
196,2,100,100,-11.383,-84.29
196,3,100,100,-6.751,-88.93
196,4,114,100,-3.867,-91.81
196,5,110,100,-6.876,-88.80
196,6,7499,46,12.451,-108.13
196,7,116,46,2.737,-98.41
196,8,92,46,2.899,-98.58
196,9,516,46,8.680,-104.36
196,10,59,46,-2.362,-93.32
196,11,46,46,-4.006,-91.67
196,12,747,46,9.190,-104.87
197,0,181,100,-0.744,-94.93
197,1,103,100,-12.791,-82.89
197,2,123,100,-0.275,-95.40
197,3,110,100,-5.019,-90.66
197,4,128,100,-3.394,-92.28
197,5,7499,59,12.761,-108.44
197,6,523,60,7.800,-103.48
197,7,7412,12,13.260,-108.94
197,8,12,12,-16.815,-78.86
197,9,20,12,2.581,-98.26
197,10,12,12,-9.751,-85.93
197,11,12,12,-10.494,-85.18
197,12,12,12,-9.103,-86.57
198,0,248,100,4.979,-100.66
198,1,7500,0,15.371,-111.05
198,2,0,0,10.340,-106.02
198,3,0,0,-1.236,-94.44
198,4,0,0,5.303,-100.98
198,5,0,0,-0.899,-94.78
198,6,0,0,-2.187,-93.49
198,7,0,0,9.763,-105.44
198,8,0,0,13.911,-109.59
198,9,0,0,-7.559,-88.12
198,10,0,0,-4.273,-91.40
198,11,0,0,-19.363,-76.31
198,12,0,0,-2.365,-93.31
199,0,162,100,2.510,-98.19
199,1,110,100,-6.495,-89.18
199,2,103,100,-4.540,-91.14
199,3,512,100,6.849,-102.53
199,4,102,100,-15.879,-79.80
199,5,532,100,6.913,-102.59
199,6,103,100,-10.263,-85.41
199,7,106,100,-10.894,-84.78
199,8,149,100,1.388,-97.06
199,9,146,100,-0.690,-94.99
199,10,457,100,6.529,-102.21
199,11,127,100,-3.065,-92.61
199,12,3759,100,11.188,-106.86
200,0,145,100,0.909,-96.59
200,1,7500,1,14.808,-110.48
200,2,2,2,-7.150,-88.53
200,3,2,2,3.670,-99.35
200,4,2,2,-6.809,-88.87
200,5,2,2,-0.965,-94.71
200,6,7,2,1.362,-97.04
200,7,4,2,-5.833,-89.84
200,8,2,2,-2.202,-93.47
200,9,5,2,-0.797,-94.88
200,10,3,2,-1.253,-94.42
200,11,2,2,-7.664,-88.01
200,12,2,2,2.044,-97.72
