run,complete,completeS,firstS,delivered,dataTx,ackTx,overheard
1,0,-1.000000,-1.000000,0,17370,912,13084
2,0,-1.000000,-1.000000,0,27152,1601,17856
3,0,-1.000000,-1.000000,0,27129,897,10660
4,0,-1.000000,-1.000000,0,10742,402,13070
5,0,-1.000000,-1.000000,0,11024,304,16876
6,0,-1.000000,-1.000000,0,17811,256,7892
7,0,-1.000000,-1.000000,0,10000,0,3818
8,0,-1.000000,189.194448,2,22357,563,30640
9,0,-1.000000,-1.000000,0,20176,102,1516
10,0,-1.000000,-1.000000,0,12555,515,4204
11,0,-1.000000,-1.000000,0,20643,310,10431
12,0,-1.000000,-1.000000,0,29824,259,16323
13,0,-1.000000,-1.000000,0,20687,1162,14447
14,0,-1.000000,-1.000000,0,21425,785,25649
15,0,-1.000000,-1.000000,0,16657,1347,15103
16,0,-1.000000,-1.000000,0,33866,575,21934
17,0,-1.000000,-1.000000,0,10459,207,7940
18,0,-1.000000,-1.000000,0,28263,158,12118
19,0,-1.000000,-1.000000,0,10388,110,3403
20,0,-1.000000,-1.000000,0,45339,1797,18564
21,0,-1.000000,-1.000000,0,30095,356,14385
22,0,-1.000000,-1.000000,0,16164,302,12466
23,0,-1.000000,-1.000000,0,51414,1152,25082
24,0,-1.000000,67.604448,9,28199,1264,16504
25,0,-1.000000,-1.000000,0,19164,438,10449
26,0,-1.000000,-1.000000,0,35289,597,11570
27,0,-1.000000,33.434448,29,28455,1331,26964
28,0,-1.000000,-1.000000,0,10898,404,3254
29,0,-1.000000,-1.000000,0,11453,201,7338
30,0,-1.000000,-1.000000,0,29069,187,9474
31,0,-1.000000,-1.000000,0,15385,216,3973
32,0,-1.000000,-1.000000,0,10121,100,17282
33,0,-1.000000,-1.000000,0,10167,106,12256
34,0,-1.000000,-1.000000,0,17902,1238,26453
35,0,-1.000000,-1.000000,0,11457,509,19345
36,0,-1.000000,-1.000000,0,23201,75,16685
37,0,-1.000000,-1.000000,0,11121,508,8500
38,0,-1.000000,-1.000000,0,10000,0,102
39,0,-1.000000,-1.000000,0,11051,306,16910
40,0,-1.000000,-1.000000,0,17897,101,14199
41,0,-1.000000,17.264448,37,29685,1949,13068
42,0,-1.000000,-1.000000,0,13378,413,12072
43,0,-1.000000,-1.000000,0,13317,1313,17040
44,0,-1.000000,-1.000000,0,10944,512,12536
45,0,-1.000000,-1.000000,0,20208,256,11966
46,0,-1.000000,-1.000000,0,24114,1248,20958
47,0,-1.000000,99.794448,5,12166,581,6786
48,0,-1.000000,-1.000000,0,30157,1274,17115
49,0,-1.000000,-1.000000,0,33378,1212,13116
50,0,-1.000000,-1.000000,0,10000,0,2356
51,0,-1.000000,-1.000000,0,44460,1329,27734
52,0,-1.000000,-1.000000,0,19107,86,3954
53,0,-1.000000,-1.000000,0,10111,101,9848
54,0,-1.000000,-1.000000,0,10223,200,9084
55,1,100.424448,7.064448,100,12330,2073,10777
56,0,-1.000000,19.514448,28,18877,609,8832
57,1,199.934448,10.634448,100,15742,2036,21536
58,0,-1.000000,-1.000000,0,10406,210,7476
59,0,-1.000000,-1.000000,0,11876,604,10821
60,0,-1.000000,-1.000000,0,10323,101,2772
61,0,-1.000000,287.774448,1,32322,861,14330
62,0,-1.000000,-1.000000,0,10000,0,15
63,0,-1.000000,-1.000000,0,11754,815,3474
64,0,-1.000000,44.294448,5,29070,703,30120
65,0,-1.000000,-1.000000,0,13505,621,11497
66,0,-1.000000,-1.000000,0,23193,1246,14413
67,0,-1.000000,-1.000000,0,20000,185,19891
68,0,-1.000000,38.774448,17,27223,1075,22651
69,0,-1.000000,-1.000000,0,26185,904,17134
70,0,-1.000000,-1.000000,0,15732,1211,10686
71,0,-1.000000,-1.000000,0,10000,0,3544
72,0,-1.000000,-1.000000,0,11630,517,10409
73,0,-1.000000,-1.000000,0,10958,207,1900
74,0,-1.000000,-1.000000,0,10235,201,9762
75,0,-1.000000,91.334448,2,10722,238,12645
76,0,-1.000000,86.054448,5,15621,305,5310
77,0,-1.000000,-1.000000,0,30190,451,12145
78,0,-1.000000,-1.000000,0,11998,1122,14716
79,0,-1.000000,-1.000000,0,10762,210,2341
80,0,-1.000000,-1.000000,0,22304,687,20356
81,0,-1.000000,-1.000000,0,24067,1034,8623
82,0,-1.000000,70.604448,18,31436,579,16349
83,0,-1.000000,-1.000000,0,20819,500,20332
84,0,-1.000000,-1.000000,0,15158,215,3393
85,0,-1.000000,-1.000000,0,20944,494,6215
86,0,-1.000000,-1.000000,0,22737,620,12609
87,0,-1.000000,-1.000000,0,11962,1009,12838
88,0,-1.000000,177.344448,2,15788,1048,17512
89,0,-1.000000,-1.000000,0,10798,307,12536
90,0,-1.000000,-1.000000,0,16837,413,9957
91,0,-1.000000,-1.000000,0,12220,1325,13701
92,0,-1.000000,-1.000000,0,13629,817,14334
93,0,-1.000000,-1.000000,0,16072,1040,11170
94,0,-1.000000,-1.000000,0,10204,201,9984
95,0,-1.000000,-1.000000,0,20234,220,6394
96,0,-1.000000,-1.000000,0,15591,720,9957
97,0,-1.000000,-1.000000,0,14637,723,5021
98,0,-1.000000,-1.000000,0,10000,0,0
99,0,-1.000000,-1.000000,0,27827,915,25042
100,0,-1.000000,-1.000000,0,30482,854,11600
101,0,-1.000000,-1.000000,0,22857,480,19799
102,0,-1.000000,-1.000000,0,20291,383,12664
103,0,-1.000000,-1.000000,0,24245,927,18696
104,0,-1.000000,-1.000000,0,10000,0,5522
105,0,-1.000000,-1.000000,0,10985,312,6237
106,0,-1.000000,-1.000000,0,32797,1019,21800
107,0,-1.000000,-1.000000,0,11265,404,14285
108,0,-1.000000,-1.000000,0,10241,202,9400
109,0,-1.000000,-1.000000,0,10494,305,12736
110,0,-1.000000,78.704448,7,23562,577,29800
111,0,-1.000000,-1.000000,0,27219,222,29251
112,0,-1.000000,-1.000000,0,19598,830,7982
113,0,-1.000000,-1.000000,0,29423,308,11422
114,0,-1.000000,-1.000000,0,19677,99,5747
115,1,239.744448,3.194448,100,20465,2063,17932
116,0,-1.000000,-1.000000,0,10000,0,6937
117,0,-1.000000,-1.000000,0,22314,359,5431
118,0,-1.000000,132.734448,4,13977,82,3933
119,0,-1.000000,-1.000000,0,23193,742,19220
120,0,-1.000000,-1.000000,0,10153,105,7971
121,0,-1.000000,-1.000000,0,10000,0,677
122,0,-1.000000,-1.000000,0,13073,820,10570
123,0,-1.000000,-1.000000,0,50245,1477,22725
124,0,-1.000000,30.704448,13,33888,1954,32406
125,0,-1.000000,-1.000000,0,16587,645,16525
126,0,-1.000000,-1.000000,0,14219,306,5784
127,0,-1.000000,103.454448,2,11514,442,9574
128,0,-1.000000,224.654448,2,10911,440,12378
129,0,-1.000000,271.724448,1,16148,957,3890
130,0,-1.000000,-1.000000,0,20059,276,29399
131,0,-1.000000,-1.000000,0,14811,1230,27568
132,0,-1.000000,-1.000000,0,30764,552,28304
133,0,-1.000000,-1.000000,0,14601,827,4187
134,0,-1.000000,29.834448,45,21744,1059,12875
135,0,-1.000000,-1.000000,0,20588,203,9074
136,0,-1.000000,162.164448,1,13157,34,8348
137,0,-1.000000,-1.000000,0,20179,822,26085
138,0,-1.000000,-1.000000,0,16247,525,9868
139,0,-1.000000,-1.000000,0,12600,514,3662
140,0,-1.000000,-1.000000,0,31666,1439,25129
141,0,-1.000000,-1.000000,0,27966,487,11503
142,0,-1.000000,-1.000000,0,10000,0,33
143,0,-1.000000,-1.000000,0,10000,0,169
144,0,-1.000000,-1.000000,0,27232,813,12084
145,0,-1.000000,-1.000000,0,37638,1266,29982
146,0,-1.000000,-1.000000,0,16051,708,15119
147,0,-1.000000,-1.000000,0,10000,0,222
148,0,-1.000000,-1.000000,0,10000,0,48
149,0,-1.000000,-1.000000,0,21905,480,18386
150,0,-1.000000,-1.000000,0,20026,419,15079
151,0,-1.000000,-1.000000,0,18031,826,11846
152,0,-1.000000,33.404448,9,31688,1464,17181
153,0,-1.000000,78.944448,1,23971,502,22551
154,0,-1.000000,-1.000000,0,20692,389,10221
155,0,-1.000000,-1.000000,0,21632,1036,12401
156,0,-1.000000,2.864448,9,14045,1930,11849
157,0,-1.000000,-1.000000,0,10312,202,13764
158,0,-1.000000,-1.000000,0,20289,244,12612
159,0,-1.000000,159.794448,2,21314,739,16461
160,0,-1.000000,-1.000000,0,18190,940,12704
161,0,-1.000000,-1.000000,0,10246,202,8384
162,0,-1.000000,-1.000000,0,10109,100,9096
163,0,-1.000000,-1.000000,0,10280,203,9557
164,0,-1.000000,4.724448,87,16412,2044,8011
165,0,-1.000000,26.294448,19,20617,1158,21445
166,0,-1.000000,9.674448,42,16140,858,8055
167,0,-1.000000,-1.000000,0,14096,721,23578
168,0,-1.000000,121.364448,3,39856,1145,42308
169,0,-1.000000,-1.000000,0,10444,207,3591
170,0,-1.000000,-1.000000,0,30253,254,12901
171,0,-1.000000,-1.000000,0,15566,721,5175
172,0,-1.000000,277.334448,1,21998,840,19786
173,0,-1.000000,9.554448,64,24005,1996,23255
174,0,-1.000000,-1.000000,0,17268,725,14642
175,0,-1.000000,-1.000000,0,28034,441,16737
176,0,-1.000000,21.464448,21,38589,1504,21808
177,0,-1.000000,-1.000000,0,11415,309,14597
178,0,-1.000000,-1.000000,0,19434,1246,8283
179,1,226.424448,5.684448,100,17151,2050,14338
180,0,-1.000000,46.124448,13,27563,425,21528
181,1,83.234448,5.024448,100,8376,2050,8987
182,0,-1.000000,-1.000000,0,20503,477,28456
183,0,-1.000000,-1.000000,0,10786,308,3466
184,0,-1.000000,-1.000000,0,10620,406,10557
185,1,51.524448,5.744448,100,9503,2049,7609
186,0,-1.000000,-1.000000,0,17607,1028,16325
187,0,-1.000000,-1.000000,0,36191,1869,27519
188,0,-1.000000,-1.000000,0,17850,713,15468
189,0,-1.000000,-1.000000,0,19981,462,11478
190,0,-1.000000,-1.000000,0,19046,742,13464
191,0,-1.000000,-1.000000,0,13950,121,6878
192,0,-1.000000,-1.000000,0,20081,223,16851
193,0,-1.000000,-1.000000,0,10187,108,5221
194,0,-1.000000,-1.000000,0,20716,724,7976
195,0,-1.000000,-1.000000,0,10243,202,9772
196,0,-1.000000,-1.000000,0,10517,302,9166
197,0,-1.000000,58.604448,3,23977,1376,26265
198,0,-1.000000,-1.000000,0,10124,100,8662
199,0,-1.000000,-1.000000,0,29033,470,11240
200,0,-1.000000,1.484448,44,20525,1225,17004
