part,seg,x,y,thDeg
0,-1,25.989,-1222.243,105.2500
0,-1,25.463,-1220.314,105.2500
0,-1,24.937,-1218.384,105.2500
0,-1,24.411,-1216.455,105.2500
0,-1,23.885,-1214.525,105.2500
0,-1,23.359,-1212.596,105.2500
0,-1,22.833,-1210.666,105.2500
0,-1,22.307,-1208.736,105.2500
0,-1,21.781,-1206.807,105.2500
0,-1,21.255,-1204.877,105.2500
0,-1,20.729,-1202.948,105.2500
0,-1,20.203,-1201.018,105.2500
0,-1,19.677,-1199.089,105.2500
0,-1,19.151,-1197.159,105.2500
0,-1,18.625,-1195.229,105.2500
0,-1,18.098,-1193.300,105.2500
0,-1,17.572,-1191.370,105.2500
0,-1,17.046,-1189.441,105.2500
0,-1,16.520,-1187.511,105.2500
0,-1,15.994,-1185.582,105.2500
0,-1,15.468,-1183.652,105.2500
0,-1,14.942,-1181.722,105.2500
0,-1,14.416,-1179.793,105.2500
0,-1,13.890,-1177.863,105.2500
0,-1,13.364,-1175.934,105.2500
0,-1,12.838,-1174.004,105.2500
0,-1,12.312,-1172.075,105.2500
0,-1,11.786,-1170.145,105.2500
0,-1,11.260,-1168.215,105.2500
0,-1,10.734,-1166.286,105.2500
0,-1,10.208,-1164.356,105.2500
0,-1,9.681,-1162.427,105.2500
0,-1,9.155,-1160.497,105.2500
0,-1,8.629,-1158.568,105.2500
0,-1,8.103,-1156.638,105.2500
0,-1,7.577,-1154.708,105.2500
0,-1,7.051,-1152.779,105.2500
0,-1,6.525,-1150.849,105.2500
0,-1,5.999,-1148.920,105.2500
0,-1,5.473,-1146.990,105.2500
0,-1,4.947,-1145.060,105.2500
0,-1,4.421,-1143.131,105.2500
0,-1,3.895,-1141.201,105.2500
0,-1,3.369,-1139.272,105.2500
0,-1,2.843,-1137.342,105.2500
0,-1,2.317,-1135.413,105.2500
0,-1,1.791,-1133.483,105.2500
0,-1,1.264,-1131.553,105.2500
0,-1,0.738,-1129.624,105.2500
0,-1,0.212,-1127.694,105.2500
0,-1,-0.314,-1125.765,105.2500
0,-1,-0.840,-1123.835,105.2500
0,-1,-1.366,-1121.906,105.2500
0,-1,-1.892,-1119.976,105.2500
0,-1,-2.418,-1118.046,105.2500
0,-1,-2.944,-1116.117,105.2500
0,-1,-3.470,-1114.187,105.2500
0,-1,-3.996,-1112.258,105.2500
0,-1,-4.522,-1110.328,105.2500
0,-1,-5.048,-1108.399,105.2500
0,-1,-5.574,-1106.469,105.2500
0,-1,-6.100,-1104.539,105.2500
0,-1,-6.626,-1102.610,105.2500
0,-1,-7.153,-1100.680,105.2500
0,-1,-7.679,-1098.751,105.2500
0,-1,-8.205,-1096.821,105.2500
0,-1,-8.731,-1094.892,105.2500
0,-1,-9.257,-1092.962,105.2500
0,-1,-9.783,-1091.032,105.2500
0,-1,-10.309,-1089.103,105.2500
0,-1,-10.835,-1087.173,105.2500
0,-1,-11.361,-1085.244,105.2500
0,-1,-11.887,-1083.314,105.2500
0,-1,-12.413,-1081.385,105.2500
0,-1,-12.939,-1079.455,105.2500
0,-1,-13.465,-1077.525,105.2500
0,-1,-13.991,-1075.596,105.2500
0,-1,-14.517,-1073.666,105.2500
0,-1,-15.043,-1071.737,105.2500
0,-1,-15.570,-1069.807,105.2500
0,-1,-16.096,-1067.878,105.2500
0,-1,-16.622,-1065.948,105.2500
0,-1,-17.148,-1064.018,105.2500
0,-1,-17.674,-1062.089,105.2500
0,-1,-18.200,-1060.159,105.2500
0,-1,-18.726,-1058.230,105.2500
0,-1,-19.252,-1056.300,105.2500
0,-1,-19.778,-1054.370,105.2500
0,-1,-20.304,-1052.441,105.2500
0,-1,-20.830,-1050.511,105.2500
0,-1,-21.356,-1048.582,105.2500
0,-1,-21.882,-1046.652,105.2500
0,-1,-22.408,-1044.723,105.2500
0,-1,-22.934,-1042.793,105.2500
0,-1,-23.460,-1040.863,105.2500
0,-1,-23.987,-1038.934,105.2500
0,-1,-24.513,-1037.004,105.2500
0,-1,-25.039,-1035.075,105.2500
0,-1,-25.565,-1033.145,105.2500
0,-1,-26.091,-1031.216,105.2500
0,-1,-26.617,-1029.286,105.2500
0,-1,-27.143,-1027.356,105.2500
0,-1,-27.669,-1025.427,105.2500
0,-1,-28.195,-1023.497,105.2500
0,-1,-28.721,-1021.568,105.2500
0,-1,-29.247,-1019.638,105.2500
0,-1,-29.773,-1017.709,105.2500
0,-1,-30.299,-1015.779,105.2500
0,-1,-30.825,-1013.849,105.2500
0,-1,-31.351,-1011.920,105.2500
0,-1,-31.877,-1009.990,105.2500
0,-1,-32.404,-1008.061,105.2500
0,-1,-32.930,-1006.131,105.2500
0,-1,-33.456,-1004.202,105.2500
0,-1,-33.982,-1002.272,105.2500
0,-1,-34.508,-1000.342,105.2500
0,-1,-35.034,-998.413,105.2500
0,-1,-35.560,-996.483,105.2500
0,-1,-36.086,-994.554,105.2500
0,-1,-36.612,-992.624,105.2500
0,-1,-37.138,-990.695,105.2500
0,-1,-37.664,-988.765,105.2500
0,-1,-38.190,-986.835,105.2500
0,-1,-38.716,-984.906,105.2500
0,-1,-39.242,-982.976,105.2500
0,-1,-39.768,-981.047,105.2500
0,-1,-40.294,-979.117,105.2500
0,-1,-40.821,-977.187,105.2500
1,0,-41.065,-976.291,105.2500
1,1,-41.590,-974.363,105.2450
1,1,-42.116,-972.435,105.2450
1,1,-42.642,-970.506,105.2450
1,1,-43.167,-968.578,105.2450
1,1,-43.693,-966.650,105.2450
1,1,-44.218,-964.721,105.2450
1,1,-44.744,-962.793,105.2450
1,1,-45.269,-960.865,105.2450
1,1,-45.795,-958.937,105.2450
1,1,-46.320,-957.008,105.2450
1,1,-46.846,-955.080,105.2450
1,1,-47.371,-953.152,105.2450
1,1,-47.897,-951.223,105.2450
1,1,-48.422,-949.295,105.2450
1,1,-48.948,-947.367,105.2450
1,1,-49.473,-945.439,105.2450
1,1,-49.999,-943.510,105.2450
1,1,-50.524,-941.582,105.2450
1,1,-51.050,-939.654,105.2450
1,1,-51.576,-937.725,105.2450
1,1,-52.101,-935.797,105.2450
1,1,-52.627,-933.869,105.2450
1,1,-53.152,-931.941,105.2450
1,1,-53.678,-930.012,105.2450
1,1,-54.203,-928.084,105.2450
1,1,-54.729,-926.156,105.2450
1,1,-55.254,-924.227,105.2450
1,1,-55.780,-922.299,105.2450
1,1,-56.305,-920.371,105.2450
1,1,-56.831,-918.443,105.2450
1,1,-57.356,-916.514,105.2450
1,1,-57.882,-914.586,105.2450
1,1,-58.407,-912.658,105.2450
1,1,-58.933,-910.730,105.2450
1,1,-59.459,-908.801,105.2450
1,1,-59.984,-906.873,105.2450
1,1,-60.510,-904.945,105.2450
1,1,-61.035,-903.016,105.2450
1,1,-61.561,-901.088,105.2450
1,1,-62.086,-899.160,105.2450
1,1,-62.612,-897.232,105.2450
1,1,-63.137,-895.303,105.2450
1,1,-63.663,-893.375,105.2450
1,1,-64.188,-891.447,105.2450
1,1,-64.714,-889.518,105.2450
1,1,-65.239,-887.590,105.2450
1,1,-65.765,-885.662,105.2450
1,1,-66.290,-883.734,105.2450
1,1,-66.816,-881.805,105.2450
1,1,-67.341,-879.877,105.2450
1,1,-67.867,-877.949,105.2450
1,1,-68.393,-876.020,105.2450
1,1,-68.918,-874.092,105.2450
1,1,-69.444,-872.164,105.2450
1,1,-69.969,-870.236,105.2450
1,1,-70.495,-868.307,105.2450
1,1,-71.020,-866.379,105.2450
1,1,-71.546,-864.451,105.2450
1,1,-72.071,-862.522,105.2450
1,1,-72.597,-860.594,105.2450
1,1,-73.122,-858.666,105.2450
1,1,-73.648,-856.738,105.2450
1,1,-74.173,-854.809,105.2450
1,1,-74.699,-852.881,105.2450
1,1,-75.224,-850.953,105.2450
1,1,-75.750,-849.024,105.2450
1,1,-76.276,-847.096,105.2450
1,1,-76.801,-845.168,105.2450
1,1,-77.327,-843.240,105.2450
1,1,-77.852,-841.311,105.2450
1,1,-78.378,-839.383,105.2450
1,1,-78.903,-837.455,105.2450
1,1,-79.429,-835.526,105.2450
1,1,-79.954,-833.598,105.2450
1,1,-80.480,-831.670,105.2450
1,1,-81.005,-829.742,105.2450
1,1,-81.531,-827.813,105.2450
1,1,-82.056,-825.885,105.2450
1,1,-82.582,-823.957,105.2450
1,1,-83.107,-822.028,105.2450
1,1,-83.633,-820.100,105.2450
1,1,-84.159,-818.172,105.2450
1,1,-84.684,-816.244,105.2450
1,1,-85.210,-814.315,105.2450
1,1,-85.735,-812.387,105.2450
1,1,-86.261,-810.459,105.2450
1,1,-86.786,-808.530,105.2450
1,1,-87.312,-806.602,105.2450
1,1,-87.837,-804.674,105.2450
1,1,-88.363,-802.746,105.2450
1,1,-88.888,-800.817,105.2450
1,1,-89.414,-798.889,105.2450
1,1,-89.939,-796.961,105.2450
1,1,-90.465,-795.032,105.2450
1,1,-90.990,-793.104,105.2450
1,1,-91.516,-791.176,105.2450
1,1,-92.041,-789.248,105.2450
1,1,-92.567,-787.319,105.2450
1,1,-93.093,-785.391,105.2450
1,1,-93.618,-783.463,105.2450
1,1,-94.144,-781.534,105.2450
1,1,-94.669,-779.606,105.2450
1,1,-95.195,-777.678,105.2450
1,1,-95.720,-775.750,105.2450
1,1,-96.246,-773.821,105.2450
1,1,-96.771,-771.893,105.2450
1,1,-97.297,-769.965,105.2450
1,1,-97.822,-768.036,105.2450
1,1,-98.348,-766.108,105.2450
1,1,-98.873,-764.180,105.2450
1,1,-99.399,-762.252,105.2450
1,1,-99.924,-760.323,105.2450
1,1,-100.450,-758.395,105.2450
1,1,-100.976,-756.467,105.2450
1,1,-101.501,-754.538,105.2450
1,1,-102.027,-752.610,105.2450
1,1,-102.552,-750.682,105.2450
1,1,-103.078,-748.754,105.2450
1,1,-103.603,-746.825,105.2450
1,1,-104.129,-744.897,105.2450
1,1,-104.654,-742.969,105.2450
1,1,-105.180,-741.041,105.2450
1,1,-105.705,-739.112,105.2450
1,1,-106.231,-737.184,105.2450
1,1,-106.756,-735.256,105.2450
1,1,-107.282,-733.327,105.2450
1,1,-107.807,-731.399,105.2450
1,1,-108.333,-729.471,105.2450
1,1,-108.858,-727.543,105.2450
1,1,-109.384,-725.614,105.2450
1,1,-109.910,-723.686,105.2450
1,1,-110.435,-721.758,105.2450
1,1,-110.961,-719.829,105.2450
1,1,-111.486,-717.901,105.2450
1,1,-112.012,-715.973,105.2450
1,1,-112.537,-714.045,105.2450
1,1,-113.063,-712.116,105.2450
1,1,-113.588,-710.188,105.2450
1,1,-114.114,-708.260,105.2450
1,1,-114.639,-706.331,105.2450
1,1,-115.165,-704.403,105.2450
1,1,-115.690,-702.475,105.2450
1,1,-116.216,-700.547,105.2450
1,1,-116.741,-698.618,105.2450
1,1,-117.267,-696.690,105.2450
1,1,-117.793,-694.762,105.2450
1,1,-118.318,-692.833,105.2450
1,1,-118.844,-690.905,105.2450
1,1,-119.369,-688.977,105.2450
1,1,-119.895,-687.049,105.2450
1,1,-120.420,-685.120,105.2450
1,1,-120.946,-683.192,105.2450
1,1,-121.471,-681.264,105.2450
1,1,-121.997,-679.335,105.2450
1,1,-122.522,-677.407,105.2450
1,1,-123.048,-675.479,105.2450
1,1,-123.573,-673.551,105.2450
1,1,-124.099,-671.622,105.2450
1,1,-124.624,-669.694,105.2450
1,1,-125.150,-667.766,105.2450
1,1,-125.675,-665.837,105.2450
1,1,-126.201,-663.909,105.2450
1,1,-126.727,-661.981,105.2450
1,1,-127.252,-660.053,105.2450
1,1,-127.778,-658.124,105.2450
1,1,-128.303,-656.196,105.2450
1,1,-128.829,-654.268,105.2450
1,1,-129.354,-652.339,105.2450
1,1,-129.880,-650.411,105.2450
1,1,-130.405,-648.483,105.2450
1,1,-130.931,-646.555,105.2450
1,1,-131.456,-644.626,105.2450
1,1,-131.982,-642.698,105.2450
1,1,-132.507,-640.770,105.2450
1,1,-133.033,-638.841,105.2450
1,1,-133.558,-636.913,105.2450
1,1,-134.084,-634.985,105.2450
1,1,-134.610,-633.057,105.2450
1,1,-135.135,-631.128,105.2450
1,1,-135.661,-629.200,105.2450
1,1,-136.186,-627.272,105.2450
1,1,-136.712,-625.343,105.2450
1,1,-137.237,-623.415,105.2450
1,1,-137.763,-621.487,105.2450
1,1,-138.288,-619.559,105.2450
1,1,-138.814,-617.630,105.2450
1,1,-139.339,-615.702,105.2450
1,1,-139.865,-613.774,105.2450
1,1,-140.390,-611.845,105.2450
1,1,-140.916,-609.917,105.2450
1,1,-141.441,-607.989,105.2450
1,1,-141.967,-606.061,105.2450
1,1,-142.493,-604.132,105.2450
1,1,-143.018,-602.204,105.2450
1,1,-143.544,-600.276,105.2450
1,1,-144.069,-598.347,105.2450
1,1,-144.595,-596.419,105.2450
1,1,-145.120,-594.491,105.2450
1,1,-145.646,-592.563,105.2450
1,1,-146.171,-590.634,105.2450
1,1,-146.697,-588.706,105.2450
1,1,-147.222,-586.778,105.2450
1,1,-147.748,-584.850,105.2450
1,1,-148.273,-582.921,105.2450
1,1,-148.799,-580.993,105.2450
1,1,-149.324,-579.065,105.2450
1,1,-149.850,-577.136,105.2450
1,1,-150.375,-575.208,105.2450
1,1,-150.901,-573.280,105.2450
1,1,-151.427,-571.352,105.2450
1,1,-151.952,-569.423,105.2450
1,1,-152.478,-567.495,105.2450
1,1,-153.003,-565.567,105.2450
1,1,-153.529,-563.638,105.2450
1,1,-154.054,-561.710,105.2450
1,1,-154.580,-559.782,105.2450
1,1,-155.105,-557.854,105.2450
1,1,-155.631,-555.925,105.2450
1,1,-156.156,-553.997,105.2450
1,1,-156.682,-552.069,105.2450
1,1,-157.207,-550.140,105.2450
1,1,-157.733,-548.212,105.2450
1,1,-158.258,-546.284,105.2450
1,1,-158.784,-544.356,105.2450
1,1,-159.310,-542.427,105.2450
1,1,-159.835,-540.499,105.2450
1,1,-160.361,-538.571,105.2450
1,1,-160.886,-536.642,105.2450
1,1,-161.412,-534.714,105.2450
1,1,-161.937,-532.786,105.2450
1,1,-162.463,-530.858,105.2450
1,1,-162.988,-528.929,105.2450
1,1,-163.514,-527.001,105.2450
1,1,-164.039,-525.073,105.2450
1,1,-164.565,-523.144,105.2450
1,1,-165.090,-521.216,105.2450
1,1,-165.616,-519.288,105.2450
1,1,-166.141,-517.360,105.2450
1,1,-166.667,-515.431,105.2450
1,1,-167.192,-513.503,105.2450
1,1,-167.718,-511.575,105.2450
1,1,-168.244,-509.646,105.2450
1,1,-168.769,-507.718,105.2450
1,1,-169.295,-505.790,105.2450
1,1,-169.820,-503.862,105.2450
1,1,-170.346,-501.933,105.2450
1,1,-170.871,-500.005,105.2450
1,1,-171.397,-498.077,105.2450
1,1,-171.922,-496.148,105.2450
1,1,-172.448,-494.220,105.2450
1,1,-172.973,-492.292,105.2450
1,1,-173.499,-490.364,105.2450
1,1,-174.024,-488.435,105.2450
1,1,-174.550,-486.507,105.2450
1,1,-175.075,-484.579,105.2450
1,1,-175.601,-482.650,105.2450
1,1,-176.127,-480.722,105.2450
1,1,-176.652,-478.794,105.2450
1,1,-177.178,-476.866,105.2450
1,1,-177.703,-474.937,105.2450
1,1,-178.229,-473.009,105.2450
1,1,-178.754,-471.081,105.2450
1,1,-179.280,-469.152,105.2450
1,1,-179.805,-467.224,105.2450
1,1,-180.331,-465.296,105.2450
1,1,-180.856,-463.368,105.2450
1,1,-181.382,-461.439,105.2450
1,1,-181.907,-459.511,105.2450
1,1,-182.433,-457.583,105.2450
1,1,-182.958,-455.654,105.2450
1,1,-183.484,-453.726,105.2450
1,1,-184.009,-451.798,105.2450
1,1,-184.535,-449.870,105.2450
1,1,-185.061,-447.941,105.2450
1,1,-185.586,-446.013,105.2450
1,1,-186.112,-444.085,105.2450
1,1,-186.637,-442.156,105.2450
1,1,-187.163,-440.228,105.2450
1,1,-187.688,-438.300,105.2450
1,1,-188.214,-436.372,105.2450
1,1,-188.739,-434.443,105.2450
1,1,-189.265,-432.515,105.2450
1,1,-189.790,-430.587,105.2450
1,1,-190.316,-428.659,105.2450
1,1,-190.841,-426.730,105.2450
1,1,-191.367,-424.802,105.2450
1,1,-191.892,-422.874,105.2450
1,1,-192.418,-420.945,105.2450
1,1,-192.944,-419.017,105.2450
1,1,-193.469,-417.089,105.2450
1,1,-193.995,-415.161,105.2450
1,1,-194.520,-413.232,105.2450
1,1,-195.046,-411.304,105.2450
1,1,-195.571,-409.376,105.2450
1,1,-196.097,-407.447,105.2450
1,1,-196.622,-405.519,105.2450
1,1,-197.148,-403.591,105.2450
1,1,-197.673,-401.663,105.2450
1,1,-198.199,-399.734,105.2450
1,1,-198.724,-397.806,105.2450
1,1,-199.250,-395.878,105.2450
1,1,-199.775,-393.949,105.2450
1,1,-200.301,-392.021,105.2450
1,1,-200.827,-390.093,105.2450
1,1,-201.352,-388.165,105.2450
1,1,-201.878,-386.236,105.2450
1,1,-202.403,-384.308,105.2450
1,1,-202.929,-382.380,105.2450
1,1,-203.454,-380.451,105.2450
1,1,-203.980,-378.523,105.2450
1,1,-204.505,-376.595,105.2450
1,1,-205.031,-374.667,105.2450
1,1,-205.556,-372.738,105.2450
1,1,-206.082,-370.810,105.2450
1,1,-206.607,-368.882,105.2450
1,1,-207.133,-366.953,105.2450
1,1,-207.658,-365.025,105.2450
1,1,-208.184,-363.097,105.2450
1,1,-208.709,-361.169,105.2450
1,1,-209.235,-359.240,105.2450
1,1,-209.761,-357.312,105.2450
1,1,-210.286,-355.384,105.2450
1,1,-210.812,-353.455,105.2450
1,1,-211.337,-351.527,105.2450
1,1,-211.863,-349.599,105.2450
1,1,-212.388,-347.671,105.2450
1,1,-212.914,-345.742,105.2450
1,1,-213.439,-343.814,105.2450
1,1,-213.965,-341.886,105.2450
1,1,-214.490,-339.957,105.2450
1,1,-215.016,-338.029,105.2450
1,1,-215.541,-336.101,105.2450
1,1,-216.067,-334.173,105.2450
1,1,-216.592,-332.244,105.2450
1,1,-217.118,-330.316,105.2450
1,1,-217.644,-328.388,105.2450
1,1,-218.169,-326.459,105.2450
1,1,-218.695,-324.531,105.2450
1,1,-219.220,-322.603,105.2450
1,1,-219.746,-320.675,105.2450
1,1,-220.271,-318.746,105.2450
1,1,-220.797,-316.818,105.2450
1,1,-221.322,-314.890,105.2450
1,1,-221.848,-312.961,105.2450
1,1,-222.373,-311.033,105.2450
1,1,-222.899,-309.105,105.2450
1,1,-223.424,-307.177,105.2450
1,1,-223.950,-305.248,105.2450
1,1,-224.475,-303.320,105.2450
1,1,-225.001,-301.392,105.2450
1,1,-225.526,-299.463,105.2450
1,1,-226.052,-297.535,105.2450
1,1,-226.578,-295.607,105.2450
1,1,-227.103,-293.679,105.2450
1,1,-227.629,-291.750,105.2450
1,1,-228.154,-289.822,105.2450
1,1,-228.680,-287.894,105.2450
1,1,-229.205,-285.965,105.2450
1,1,-229.731,-284.037,105.2450
1,1,-230.256,-282.109,105.2450
1,1,-230.782,-280.181,105.2450
1,1,-231.307,-278.252,105.2450
1,1,-231.833,-276.324,105.2450
1,1,-232.358,-274.396,105.2450
1,1,-232.884,-272.468,105.2450
1,1,-233.409,-270.539,105.2450
1,1,-233.935,-268.611,105.2450
1,1,-234.461,-266.683,105.2450
1,1,-234.986,-264.754,105.2450
1,1,-235.512,-262.826,105.2450
1,1,-236.037,-260.898,105.2450
1,1,-236.563,-258.970,105.2450
1,1,-237.088,-257.041,105.2450
1,1,-237.614,-255.113,105.2450
1,1,-238.139,-253.185,105.2450
1,1,-238.665,-251.256,105.2450
1,1,-239.190,-249.328,105.2450
1,1,-239.716,-247.400,105.2450
1,1,-240.241,-245.472,105.2450
1,1,-240.767,-243.543,105.2450
1,1,-241.292,-241.615,105.2450
1,1,-241.818,-239.687,105.2450
1,1,-242.343,-237.758,105.2450
1,1,-242.869,-235.830,105.2450
1,1,-243.395,-233.902,105.2450
1,1,-243.920,-231.974,105.2450
1,1,-244.446,-230.045,105.2450
1,1,-244.971,-228.117,105.2450
1,1,-245.497,-226.189,105.2450
1,1,-246.022,-224.260,105.2450
1,1,-246.548,-222.332,105.2450
1,1,-247.073,-220.404,105.2450
1,1,-247.599,-218.476,105.2450
1,1,-248.124,-216.547,105.2450
1,1,-248.650,-214.619,105.2450
1,1,-249.175,-212.691,105.2450
1,1,-249.701,-210.762,105.2450
1,1,-250.226,-208.834,105.2450
1,1,-250.752,-206.906,105.2450
1,1,-251.278,-204.978,105.2450
1,1,-251.803,-203.049,105.2450
1,1,-252.329,-201.121,105.2450
1,1,-252.854,-199.193,105.2450
1,1,-253.380,-197.264,105.2450
1,1,-253.905,-195.336,105.2450
1,1,-254.431,-193.408,105.2450
1,1,-254.956,-191.480,105.2450
1,1,-255.482,-189.551,105.2450
1,1,-256.007,-187.623,105.2450
1,1,-256.533,-185.695,105.2450
1,1,-257.058,-183.766,105.2450
1,1,-257.584,-181.838,105.2450
1,1,-258.109,-179.910,105.2450
1,1,-258.635,-177.982,105.2450
1,1,-259.161,-176.053,105.2450
1,1,-259.686,-174.125,105.2450
1,1,-260.212,-172.197,105.2450
1,1,-260.737,-170.268,105.2450
1,1,-261.263,-168.340,105.2450
1,1,-261.788,-166.412,105.2450
1,1,-262.314,-164.484,105.2450
1,1,-262.839,-162.555,105.2450
1,1,-263.365,-160.627,105.2450
1,1,-263.890,-158.699,105.2450
1,1,-264.416,-156.770,105.2450
1,1,-264.941,-154.842,105.2450
1,1,-265.467,-152.914,105.2450
1,1,-265.992,-150.986,105.2450
1,1,-266.518,-149.057,105.2450
1,1,-267.043,-147.129,105.2450
1,1,-267.569,-145.201,105.2450
1,1,-268.095,-143.272,105.2450
1,1,-268.620,-141.344,105.2450
1,1,-269.146,-139.416,105.2450
1,1,-269.671,-137.488,105.2450
1,1,-270.197,-135.559,105.2450
1,1,-270.722,-133.631,105.2450
1,1,-271.248,-131.703,105.2450
1,1,-271.773,-129.774,105.2450
1,1,-272.299,-127.846,105.2450
1,1,-272.824,-125.918,105.2450
1,1,-273.350,-123.990,105.2450
1,1,-273.875,-122.061,105.2450
1,1,-274.401,-120.133,105.2450
1,1,-274.926,-118.205,105.2450
1,1,-275.452,-116.277,105.2450
1,1,-275.978,-114.348,105.2450
1,1,-276.503,-112.420,105.2450
1,1,-277.029,-110.492,105.2450
1,1,-277.554,-108.563,105.2450
1,1,-278.080,-106.635,105.2450
1,1,-278.605,-104.707,105.2450
1,1,-279.131,-102.779,105.2450
1,1,-279.656,-100.850,105.2450
1,1,-280.182,-98.922,105.2450
1,1,-280.707,-96.994,105.2450
1,1,-281.233,-95.065,105.2450
1,1,-281.758,-93.137,105.2450
1,1,-282.284,-91.209,105.2450
1,1,-282.809,-89.281,105.2450
1,1,-283.335,-87.352,105.2450
1,1,-283.860,-85.424,105.2450
1,1,-284.386,-83.496,105.2450
1,1,-284.912,-81.567,105.2450
1,1,-285.437,-79.639,105.2450
1,1,-285.963,-77.711,105.2450
1,1,-286.488,-75.783,105.2450
1,1,-287.014,-73.854,105.2450
1,1,-287.539,-71.926,105.2450
1,1,-288.065,-69.998,105.2450
1,1,-288.590,-68.069,105.2450
1,1,-289.116,-66.141,105.2450
1,1,-289.641,-64.213,105.2450
1,1,-290.167,-62.285,105.2450
1,1,-290.692,-60.356,105.2450
1,1,-291.218,-58.428,105.2450
1,1,-291.743,-56.500,105.2450
1,1,-292.269,-54.571,105.2450
1,1,-292.795,-52.643,105.2450
1,1,-293.320,-50.715,105.2450
1,1,-293.846,-48.787,105.2450
1,1,-294.371,-46.858,105.2450
1,1,-294.897,-44.930,105.2450
1,1,-295.422,-43.002,105.2450
1,1,-295.948,-41.073,105.2450
1,1,-296.473,-39.145,105.2450
1,1,-296.999,-37.217,105.2450
1,1,-297.524,-35.289,105.2450
1,1,-298.050,-33.360,105.2450
1,1,-298.575,-31.432,105.2450
1,1,-299.101,-29.504,105.2450
1,1,-299.626,-27.575,105.2450
1,1,-300.152,-25.647,105.2450
1,1,-300.677,-23.719,105.2450
1,1,-301.203,-21.791,105.2450
1,1,-301.729,-19.862,105.2450
1,1,-302.254,-17.934,105.2450
1,1,-302.780,-16.006,105.2450
1,1,-303.305,-14.077,105.2450
1,1,-303.831,-12.149,105.2450
1,1,-304.356,-10.221,105.2450
1,1,-304.882,-8.293,105.2450
1,1,-305.407,-6.364,105.2450
1,1,-305.933,-4.436,105.2450
1,1,-306.458,-2.508,105.2450
1,1,-306.984,-0.579,105.2450
1,1,-307.509,1.349,105.2450
1,1,-308.035,3.277,105.2450
1,1,-308.560,5.205,105.2450
1,1,-309.086,7.134,105.2450
1,1,-309.612,9.062,105.2450
1,1,-310.137,10.990,105.2450
1,1,-310.663,12.919,105.2450
1,1,-311.188,14.847,105.2450
1,1,-311.714,16.775,105.2450
1,1,-312.239,18.703,105.2450
1,1,-312.765,20.632,105.2450
1,1,-313.290,22.560,105.2450
1,1,-313.816,24.488,105.2450
1,1,-314.341,26.417,105.2450
1,1,-314.867,28.345,105.2450
1,1,-315.392,30.273,105.2450
1,1,-315.918,32.201,105.2450
1,1,-316.443,34.130,105.2450
1,1,-316.969,36.058,105.2450
1,1,-317.495,37.986,105.2450
1,1,-318.020,39.915,105.2450
1,1,-318.546,41.843,105.2450
1,1,-319.071,43.771,105.2450
1,1,-319.597,45.699,105.2450
1,1,-320.122,47.628,105.2450
1,1,-320.648,49.556,105.2450
1,1,-321.173,51.484,105.2450
1,1,-321.699,53.412,105.2450
1,1,-322.224,55.341,105.2450
1,1,-322.750,57.269,105.2450
1,1,-323.275,59.197,105.2450
1,1,-323.801,61.126,105.2450
1,1,-324.326,63.054,105.2450
1,1,-324.852,64.982,105.2450
1,1,-325.377,66.910,105.2450
1,1,-325.903,68.839,105.2450
1,1,-326.429,70.767,105.2450
1,2,-326.953,72.696,105.0987
1,2,-327.466,74.627,104.6495
1,2,-327.964,76.563,104.2003
1,2,-328.447,78.502,103.7511
1,2,-328.914,80.445,103.3019
1,2,-329.367,82.392,102.8527
1,2,-329.803,84.342,102.4035
1,2,-330.225,86.296,101.9543
1,2,-330.631,88.253,101.5051
1,2,-331.022,90.213,101.0559
1,2,-331.398,92.176,100.6067
1,2,-331.758,94.142,100.1576
1,2,-332.103,96.110,99.7084
1,2,-332.432,98.082,99.2592
1,2,-332.746,100.056,98.8100
1,2,-333.044,102.032,98.3608
1,2,-333.327,104.010,97.9116
1,2,-333.595,105.991,97.4624
1,2,-333.846,107.974,97.0132
1,2,-334.083,109.958,96.5640
1,2,-334.303,111.945,96.1148
1,2,-334.508,113.933,95.6656
1,2,-334.698,115.922,95.2164
1,2,-334.872,117.913,94.7672
1,2,-335.030,119.906,94.3181
1,2,-335.173,121.899,93.8689
1,2,-335.300,123.894,93.4197
1,2,-335.411,125.889,92.9705
1,2,-335.507,127.886,92.5213
1,2,-335.587,129.883,92.0721
1,2,-335.652,131.880,91.6229
1,2,-335.700,133.878,91.1737
1,2,-335.733,135.876,90.7245
1,2,-335.751,137.875,90.2753
1,2,-335.753,139.874,89.8261
1,2,-335.739,141.872,89.3769
1,2,-335.709,143.871,88.9277
1,2,-335.664,145.869,88.4786
1,2,-335.603,147.866,88.0294
1,2,-335.526,149.864,87.5802
1,2,-335.434,151.860,87.1310
1,2,-335.326,153.856,86.6818
1,2,-335.203,155.850,86.2326
1,2,-335.064,157.844,85.7834
1,2,-334.909,159.837,85.3342
1,2,-334.739,161.828,84.8850
1,2,-334.553,163.818,84.4358
1,2,-334.351,165.807,83.9866
1,2,-334.134,167.793,83.5374
1,2,-333.901,169.778,83.0882
1,2,-333.653,171.761,82.6390
1,2,-333.389,173.743,82.1899
1,2,-333.110,175.722,81.7407
1,2,-332.815,177.698,81.2915
1,2,-332.504,179.673,80.8423
1,2,-332.179,181.645,80.3931
1,2,-331.837,183.614,79.9439
1,2,-331.481,185.580,79.4947
1,2,-331.109,187.544,79.0455
1,2,-330.721,189.505,78.5963
1,2,-330.318,191.462,78.1471
1,2,-329.900,193.417,77.6979
1,2,-329.467,195.368,77.2487
1,2,-329.018,197.315,76.7995
1,2,-328.554,199.259,76.3504
1,2,-328.075,201.200,75.9012
1,2,-327.580,203.136,75.4520
1,2,-327.070,205.069,75.0028
1,2,-326.546,206.997,74.5536
1,2,-326.006,208.921,74.1044
1,2,-325.451,210.841,73.6552
1,2,-324.881,212.757,73.2060
1,2,-324.296,214.668,72.7568
1,2,-323.696,216.575,72.3076
1,2,-323.081,218.476,71.8584
1,2,-322.452,220.373,71.4092
1,2,-321.807,222.265,70.9600
1,2,-321.148,224.152,70.5109
1,2,-320.473,226.033,70.0617
1,2,-319.784,227.909,69.6125
1,2,-319.081,229.780,69.1633
1,2,-318.363,231.645,68.7141
1,2,-317.630,233.504,68.2649
1,2,-316.882,235.358,67.8157
1,2,-316.121,237.206,67.3665
1,2,-315.344,239.047,66.9173
1,2,-314.553,240.883,66.4681
1,2,-313.748,242.712,66.0189
1,2,-312.929,244.535,65.5697
1,2,-312.095,246.351,65.1205
1,2,-311.247,248.161,64.6713
1,2,-310.385,249.964,64.2222
1,2,-309.509,251.761,63.7730
1,2,-308.619,253.550,63.3238
1,2,-307.714,255.332,62.8746
1,2,-306.796,257.108,62.4254
1,2,-305.864,258.875,61.9762
1,2,-304.918,260.636,61.5270
1,2,-303.958,262.389,61.0778
1,2,-302.985,264.135,60.6286
1,2,-301.998,265.873,60.1794
1,2,-300.997,267.603,59.7302
1,2,-299.983,269.325,59.2810
1,2,-298.955,271.039,58.8318
1,2,-297.914,272.745,58.3827
1,2,-296.860,274.443,57.9335
1,2,-295.792,276.132,57.4843
1,2,-294.711,277.813,57.0351
1,2,-293.617,279.486,56.5859
1,2,-292.510,281.150,56.1367
1,2,-291.390,282.805,55.6875
2,0,-291.390,282.805,55.6875
2,0,-290.256,284.453,55.2380
2,0,-289.109,286.091,54.7885
2,0,-287.950,287.721,54.3390
2,0,-286.777,289.341,53.8896
2,0,-285.592,290.952,53.4401
2,0,-284.395,292.554,52.9906
2,0,-283.185,294.146,52.5411
2,0,-281.962,295.729,52.0916
2,0,-280.727,297.302,51.6421
2,0,-279.480,298.865,51.1926
2,0,-278.221,300.419,50.7431
2,0,-276.949,301.962,50.2937
2,0,-275.665,303.496,49.8442
2,0,-274.370,305.019,49.3947
2,0,-273.062,306.532,48.9452
2,0,-271.743,308.035,48.4957
2,0,-270.411,309.528,48.0462
2,0,-269.069,311.010,47.5967
2,0,-267.714,312.481,47.1473
2,0,-266.348,313.942,46.6978
2,0,-264.971,315.392,46.2483
2,0,-263.582,316.831,45.7988
2,0,-262.182,318.260,45.3493
2,0,-260.771,319.677,44.8998
2,0,-259.349,321.083,44.4503
2,0,-257.916,322.478,44.0009
2,0,-256.472,323.862,43.5514
2,0,-255.017,325.234,43.1019
2,0,-253.552,326.595,42.6524
2,0,-252.075,327.944,42.2029
2,0,-250.589,329.282,41.7534
2,0,-249.091,330.608,41.3039
2,0,-247.584,331.922,40.8544
2,0,-246.066,333.224,40.4050
2,0,-244.538,334.514,39.9555
2,0,-243.000,335.793,39.5060
2,0,-241.452,337.059,39.0565
2,0,-239.894,338.313,38.6070
2,0,-238.326,339.555,38.1575
2,0,-236.749,340.784,37.7080
2,0,-235.162,342.001,37.2586
2,0,-233.566,343.206,36.8091
2,0,-231.960,344.397,36.3596
2,0,-230.344,345.577,35.9101
2,0,-228.720,346.743,35.4606
2,0,-227.087,347.897,35.0111
2,0,-225.444,349.038,34.5616
2,0,-223.793,350.166,34.1121
2,0,-222.132,351.281,33.6627
2,0,-220.464,352.383,33.2132
2,0,-218.786,353.472,32.7637
2,0,-217.100,354.548,32.3142
2,0,-215.406,355.610,31.8647
2,0,-213.703,356.660,31.4152
2,0,-211.992,357.695,30.9657
2,0,-210.273,358.718,30.5163
2,0,-208.546,359.726,30.0668
2,0,-206.812,360.722,29.6173
2,0,-205.069,361.703,29.1678
2,0,-203.319,362.671,28.7183
2,0,-201.561,363.625,28.2688
2,0,-199.796,364.565,27.8193
2,0,-198.024,365.492,27.3699
2,0,-196.244,366.404,26.9204
2,0,-194.458,367.303,26.4709
2,0,-192.664,368.187,26.0214
2,0,-190.863,369.057,25.5719
2,0,-189.056,369.913,25.1224
2,0,-187.242,370.755,24.6729
2,0,-185.421,371.583,24.2234
2,0,-183.594,372.397,23.7740
2,0,-181.761,373.196,23.3245
2,0,-179.921,373.980,22.8750
2,0,-178.076,374.750,22.4255
2,0,-176.224,375.506,21.9760
2,0,-174.366,376.247,21.5265
2,0,-172.503,376.974,21.0770
2,0,-170.634,377.686,20.6276
2,0,-168.760,378.383,20.1781
2,0,-166.880,379.065,19.7286
2,0,-164.995,379.733,19.2791
2,0,-163.104,380.386,18.8296
2,0,-161.209,381.024,18.3801
2,0,-159.309,381.647,17.9306
2,0,-157.403,382.255,17.4811
2,0,-155.493,382.849,17.0317
2,0,-153.579,383.427,16.5822
2,0,-151.660,383.990,16.1327
2,0,-149.737,384.538,15.6832
2,0,-147.809,385.071,15.2337
2,0,-145.877,385.589,14.7842
2,0,-143.942,386.092,14.3347
2,0,-142.002,386.580,13.8853
2,0,-140.059,387.052,13.4358
2,0,-138.112,387.509,12.9863
2,0,-136.161,387.951,12.5368
2,0,-134.207,388.377,12.0873
2,0,-132.250,388.788,11.6378
2,0,-130.290,389.184,11.1883
2,0,-128.326,389.564,10.7389
2,0,-126.360,389.929,10.2894
2,0,-124.391,390.279,9.8399
2,0,-122.419,390.613,9.3904
2,0,-120.445,390.931,8.9409
2,0,-118.468,391.235,8.4914
2,0,-116.489,391.522,8.0419
2,0,-114.507,391.794,7.5924
2,0,-112.524,392.051,7.1430
2,0,-110.539,392.291,6.6935
2,0,-108.551,392.517,6.2440
2,1,-106.563,392.731,6.1226
2,1,-104.574,392.944,6.1226
2,1,-102.586,393.157,6.1226
2,1,-100.597,393.371,6.1226
2,1,-98.609,393.584,6.1226
2,1,-96.620,393.797,6.1226
2,1,-94.632,394.010,6.1226
2,1,-92.643,394.224,6.1226
2,1,-90.655,394.437,6.1226
2,1,-88.666,394.650,6.1226
2,1,-86.678,394.864,6.1226
2,1,-84.689,395.077,6.1226
2,1,-82.701,395.290,6.1226
2,1,-80.712,395.504,6.1226
2,1,-78.724,395.717,6.1226
2,1,-76.735,395.930,6.1226
2,1,-74.747,396.144,6.1226
2,1,-72.758,396.357,6.1226
2,1,-70.770,396.570,6.1226
2,1,-68.781,396.783,6.1226
2,1,-66.793,396.997,6.1226
2,1,-64.804,397.210,6.1226
2,1,-62.816,397.423,6.1226
2,1,-60.827,397.637,6.1226
2,1,-58.839,397.850,6.1226
2,1,-56.850,398.063,6.1226
2,1,-54.862,398.277,6.1226
2,1,-52.873,398.490,6.1226
2,1,-50.885,398.703,6.1226
2,1,-48.896,398.916,6.1226
2,1,-46.908,399.130,6.1226
2,1,-44.919,399.343,6.1226
2,1,-42.930,399.556,6.1226
2,1,-40.942,399.770,6.1226
2,1,-38.953,399.983,6.1226
2,1,-36.965,400.196,6.1226
2,1,-34.976,400.410,6.1226
2,1,-32.988,400.623,6.1226
2,1,-30.999,400.836,6.1226
2,1,-29.011,401.050,6.1226
2,1,-27.022,401.263,6.1226
2,1,-25.034,401.476,6.1226
2,1,-23.045,401.689,6.1226
2,1,-21.057,401.903,6.1226
2,1,-19.068,402.116,6.1226
2,1,-17.080,402.329,6.1226
2,1,-15.091,402.543,6.1226
2,1,-13.103,402.756,6.1226
2,1,-11.114,402.969,6.1226
2,1,-9.126,403.183,6.1226
2,1,-7.137,403.396,6.1226
2,1,-5.149,403.609,6.1226
2,1,-3.160,403.822,6.1226
2,1,-1.172,404.036,6.1226
2,1,0.817,404.249,6.1226
2,1,2.805,404.462,6.1226
2,1,4.794,404.676,6.1226
2,1,6.782,404.889,6.1226
2,1,8.771,405.102,6.1226
2,1,10.759,405.316,6.1226
2,1,12.748,405.529,6.1226
2,1,14.736,405.742,6.1226
2,1,16.725,405.956,6.1226
2,1,18.714,406.169,6.1226
2,1,20.702,406.382,6.1226
2,1,22.691,406.595,6.1226
2,1,24.679,406.809,6.1226
2,1,26.668,407.022,6.1226
2,1,28.656,407.235,6.1226
2,1,30.645,407.449,6.1226
2,1,32.633,407.662,6.1226
2,1,34.622,407.875,6.1226
2,1,36.610,408.089,6.1226
2,1,38.599,408.302,6.1226
2,1,40.587,408.515,6.1226
2,1,42.576,408.728,6.1226
2,1,44.564,408.942,6.1226
2,1,46.553,409.155,6.1226
2,1,48.541,409.368,6.1226
2,1,50.530,409.582,6.1226
2,1,52.518,409.795,6.1226
2,1,54.507,410.008,6.1226
2,1,56.495,410.222,6.1226
2,1,58.484,410.435,6.1226
2,1,60.472,410.648,6.1226
2,1,62.461,410.862,6.1226
2,1,64.449,411.075,6.1226
2,1,66.438,411.288,6.1226
2,1,68.426,411.501,6.1226
2,1,70.415,411.715,6.1226
2,1,72.403,411.928,6.1226
2,1,74.392,412.141,6.1226
2,1,76.380,412.355,6.1226
2,1,78.369,412.568,6.1226
2,1,80.357,412.781,6.1226
2,1,82.346,412.995,6.1226
2,1,84.335,413.208,6.1226
2,1,86.323,413.421,6.1226
2,1,88.312,413.634,6.1226
2,1,90.300,413.848,6.1226
2,1,92.289,414.061,6.1226
2,1,94.277,414.274,6.1226
2,1,96.266,414.488,6.1226
2,1,98.254,414.701,6.1226
2,1,100.243,414.914,6.1226
2,1,102.231,415.128,6.1226
2,1,104.220,415.341,6.1226
2,1,106.208,415.554,6.1226
2,1,108.197,415.768,6.1226
2,1,110.185,415.981,6.1226
2,1,112.174,416.194,6.1226
2,1,114.162,416.407,6.1226
2,1,116.151,416.621,6.1226
2,1,118.139,416.834,6.1226
2,1,120.128,417.047,6.1226
2,1,122.116,417.261,6.1226
2,1,124.105,417.474,6.1226
2,1,126.093,417.687,6.1226
2,1,128.082,417.901,6.1226
2,1,130.070,418.114,6.1226
2,1,132.059,418.327,6.1226
2,1,134.047,418.540,6.1226
2,1,136.036,418.754,6.1226
2,1,138.024,418.967,6.1226
2,1,140.013,419.180,6.1226
2,1,142.001,419.394,6.1226
2,1,143.990,419.607,6.1226
2,1,145.979,419.820,6.1226
2,1,147.967,420.034,6.1226
2,1,149.956,420.247,6.1226
2,1,151.944,420.460,6.1226
2,1,153.933,420.674,6.1226
2,1,155.921,420.887,6.1226
2,1,157.910,421.100,6.1226
2,1,159.898,421.313,6.1226
2,1,161.887,421.527,6.1226
2,1,163.875,421.740,6.1226
2,1,165.864,421.953,6.1226
2,1,167.852,422.167,6.1226
2,1,169.841,422.380,6.1226
2,1,171.829,422.593,6.1226
2,1,173.818,422.807,6.1226
2,1,175.806,423.020,6.1226
2,1,177.795,423.233,6.1226
2,1,179.783,423.446,6.1226
2,1,181.772,423.660,6.1226
2,1,183.760,423.873,6.1226
2,1,185.749,424.086,6.1226
2,1,187.737,424.300,6.1226
2,1,189.726,424.513,6.1226
2,1,191.714,424.726,6.1226
2,1,193.703,424.940,6.1226
2,1,195.691,425.153,6.1226
2,1,197.680,425.366,6.1226
2,1,199.668,425.580,6.1226
2,1,201.657,425.793,6.1226
2,1,203.645,426.006,6.1226
2,1,205.634,426.219,6.1226
2,1,207.622,426.433,6.1226
2,1,209.611,426.646,6.1226
2,1,211.600,426.859,6.1226
2,1,213.588,427.073,6.1226
2,1,215.577,427.286,6.1226
2,1,217.565,427.499,6.1226
2,1,219.554,427.713,6.1226
2,1,221.542,427.926,6.1226
2,1,223.531,428.139,6.1226
2,1,225.519,428.352,6.1226
2,1,227.508,428.566,6.1226
2,1,229.496,428.779,6.1226
2,1,231.485,428.992,6.1226
2,1,233.473,429.206,6.1226
2,1,235.462,429.419,6.1226
2,1,237.450,429.632,6.1226
2,1,239.439,429.846,6.1226
2,1,241.427,430.059,6.1226
2,1,243.416,430.272,6.1226
2,1,245.404,430.486,6.1226
2,1,247.393,430.699,6.1226
2,1,249.381,430.912,6.1226
2,1,251.370,431.125,6.1226
2,1,253.358,431.339,6.1226
2,1,255.347,431.552,6.1226
2,1,257.335,431.765,6.1226
2,1,259.324,431.979,6.1226
2,1,261.312,432.192,6.1226
2,1,263.301,432.405,6.1226
2,1,265.289,432.619,6.1226
2,1,267.278,432.832,6.1226
2,1,269.266,433.045,6.1226
2,1,271.255,433.258,6.1226
2,1,273.244,433.472,6.1226
2,1,275.232,433.685,6.1226
2,1,277.221,433.898,6.1226
2,1,279.209,434.112,6.1226
2,1,281.198,434.325,6.1226
2,1,283.186,434.538,6.1226
2,1,285.175,434.752,6.1226
2,1,287.163,434.965,6.1226
2,1,289.152,435.178,6.1226
2,1,291.140,435.392,6.1226
2,1,293.129,435.605,6.1226
2,1,295.117,435.818,6.1226
2,1,297.106,436.031,6.1226
2,1,299.094,436.245,6.1226
2,1,301.083,436.458,6.1226
2,1,303.071,436.671,6.1226
2,1,305.060,436.885,6.1226
2,1,307.048,437.098,6.1226
2,1,309.037,437.311,6.1226
2,1,311.025,437.525,6.1226
2,1,313.014,437.738,6.1226
2,1,315.002,437.951,6.1226
2,1,316.991,438.164,6.1226
2,1,318.979,438.378,6.1226
2,1,320.968,438.591,6.1226
2,1,322.956,438.804,6.1226
2,1,324.945,439.018,6.1226
2,1,326.933,439.231,6.1226
2,1,328.922,439.444,6.1226
2,1,330.910,439.658,6.1226
2,1,332.899,439.871,6.1226
2,1,334.887,440.084,6.1226
2,1,336.876,440.298,6.1226
2,1,338.865,440.511,6.1226
2,1,340.853,440.724,6.1226
2,1,342.842,440.937,6.1226
2,1,344.830,441.151,6.1226
2,1,346.819,441.364,6.1226
2,1,348.807,441.577,6.1226
2,1,350.796,441.791,6.1226
2,1,352.784,442.004,6.1226
2,1,354.773,442.217,6.1226
2,1,356.761,442.431,6.1226
2,1,358.750,442.644,6.1226
2,1,360.738,442.857,6.1226
2,1,362.727,443.070,6.1226
2,1,364.715,443.284,6.1226
2,1,366.704,443.497,6.1226
2,1,368.692,443.710,6.1226
2,1,370.681,443.924,6.1226
2,1,372.669,444.137,6.1226
2,1,374.658,444.350,6.1226
2,1,376.646,444.564,6.1226
2,1,378.635,444.777,6.1226
2,1,380.623,444.990,6.1226
2,1,382.612,445.204,6.1226
2,1,384.600,445.417,6.1226
2,1,386.589,445.630,6.1226
2,1,388.577,445.843,6.1226
2,1,390.566,446.057,6.1226
2,1,392.554,446.270,6.1226
2,1,394.543,446.483,6.1226
2,1,396.531,446.697,6.1226
2,1,398.520,446.910,6.1226
2,1,400.509,447.123,6.1226
2,1,402.497,447.337,6.1226
2,1,404.486,447.550,6.1226
2,1,406.474,447.763,6.1226
2,1,408.463,447.976,6.1226
2,1,410.451,448.190,6.1226
2,1,412.440,448.403,6.1226
2,1,414.428,448.616,6.1226
2,1,416.417,448.830,6.1226
2,1,418.405,449.043,6.1226
2,1,420.394,449.256,6.1226
2,1,422.382,449.470,6.1226
2,1,424.371,449.683,6.1226
2,1,426.359,449.896,6.1226
2,1,428.348,450.110,6.1226
2,1,430.336,450.323,6.1226
2,1,432.325,450.536,6.1226
2,1,434.313,450.749,6.1226
2,1,436.302,450.963,6.1226
2,1,438.290,451.176,6.1226
2,1,440.279,451.389,6.1226
2,1,442.267,451.603,6.1226
2,1,444.256,451.816,6.1226
2,1,446.244,452.029,6.1226
2,1,448.233,452.243,6.1226
2,1,450.221,452.456,6.1226
2,1,452.210,452.669,6.1226
2,1,454.198,452.882,6.1226
2,1,456.187,453.096,6.1226
2,1,458.175,453.309,6.1226
2,1,460.164,453.522,6.1226
2,1,462.153,453.736,6.1226
2,1,464.141,453.949,6.1226
2,1,466.130,454.162,6.1226
2,1,468.118,454.376,6.1226
2,1,470.107,454.589,6.1226
2,1,472.095,454.802,6.1226
2,1,474.084,455.016,6.1226
2,1,476.072,455.229,6.1226
2,1,478.061,455.442,6.1226
2,1,480.049,455.655,6.1226
2,1,482.038,455.869,6.1226
2,1,484.026,456.082,6.1226
2,1,486.015,456.295,6.1226
2,1,488.003,456.509,6.1226
2,1,489.992,456.722,6.1226
2,1,491.980,456.935,6.1226
2,1,493.969,457.149,6.1226
2,1,495.957,457.362,6.1226
2,1,497.946,457.575,6.1226
2,1,499.934,457.789,6.1226
2,1,501.923,458.002,6.1226
2,1,503.911,458.215,6.1226
2,1,505.900,458.428,6.1226
2,1,507.888,458.642,6.1226
2,1,509.877,458.855,6.1226
2,1,511.865,459.068,6.1226
2,1,513.854,459.282,6.1226
2,1,515.842,459.495,6.1226
2,1,517.831,459.708,6.1226
2,1,519.819,459.922,6.1226
2,1,521.808,460.135,6.1226
2,1,523.796,460.348,6.1226
2,1,525.785,460.561,6.1226
2,1,527.774,460.775,6.1226
2,1,529.762,460.988,6.1226
2,1,531.751,461.201,6.1226
2,1,533.739,461.415,6.1226
2,1,535.728,461.628,6.1226
2,1,537.716,461.841,6.1226
2,1,539.705,462.055,6.1226
2,1,541.693,462.268,6.1226
2,1,543.682,462.481,6.1226
2,1,545.670,462.695,6.1226
2,1,547.659,462.908,6.1226
2,1,549.647,463.121,6.1226
2,1,551.636,463.334,6.1226
2,1,553.624,463.548,6.1226
2,1,555.613,463.761,6.1226
2,1,557.601,463.974,6.1226
2,1,559.590,464.188,6.1226
2,1,561.578,464.401,6.1226
2,1,563.567,464.614,6.1226
2,1,565.555,464.828,6.1226
2,1,567.544,465.041,6.1226
2,1,569.532,465.254,6.1226
2,1,571.521,465.467,6.1226
2,1,573.509,465.681,6.1226
2,1,575.498,465.894,6.1226
2,1,577.486,466.107,6.1226
2,1,579.475,466.321,6.1226
2,1,581.463,466.534,6.1226
2,1,583.452,466.747,6.1226
2,1,585.440,466.961,6.1226
2,1,587.429,467.174,6.1226
2,1,589.418,467.387,6.1226
2,1,591.406,467.601,6.1226
2,1,593.395,467.814,6.1226
2,1,595.383,468.027,6.1226
2,1,597.372,468.240,6.1226
2,1,599.360,468.454,6.1226
2,1,601.349,468.667,6.1226
2,1,603.337,468.880,6.1226
2,1,605.326,469.094,6.1226
2,1,607.314,469.307,6.1226
2,1,609.303,469.520,6.1226
2,1,611.291,469.734,6.1226
2,1,613.280,469.947,6.1226
2,1,615.268,470.160,6.1226
2,1,617.257,470.373,6.1226
2,1,619.245,470.587,6.1226
2,1,621.234,470.800,6.1226
2,1,623.222,471.013,6.1226
2,1,625.211,471.227,6.1226
2,1,627.199,471.440,6.1226
2,1,629.188,471.653,6.1226
2,1,631.176,471.867,6.1226
2,1,633.165,472.080,6.1226
2,1,635.153,472.293,6.1226
2,1,637.142,472.507,6.1226
2,1,639.130,472.720,6.1226
2,1,641.119,472.933,6.1226
2,1,643.107,473.146,6.1226
2,1,645.096,473.360,6.1226
2,1,647.084,473.573,6.1226
2,1,649.073,473.786,6.1226
2,1,651.061,474.000,6.1226
2,1,653.050,474.213,6.1226
2,1,655.039,474.426,6.1226
2,1,657.027,474.640,6.1226
2,1,659.016,474.853,6.1226
2,1,661.004,475.066,6.1226
2,1,662.993,475.279,6.1226
2,1,664.981,475.493,6.1226
2,1,666.970,475.706,6.1226
2,1,668.958,475.919,6.1226
2,1,670.947,476.133,6.1226
2,1,672.935,476.346,6.1226
2,1,674.924,476.559,6.1226
2,1,676.912,476.773,6.1226
2,1,678.901,476.986,6.1226
2,1,680.889,477.199,6.1226
2,1,682.878,477.413,6.1226
2,1,684.866,477.626,6.1226
2,1,686.855,477.839,6.1226
2,1,688.843,478.052,6.1226
2,1,690.832,478.266,6.1226
2,2,692.820,478.479,6.1250
3,-1,692.820,478.479,6.1250
3,-1,694.809,478.692,6.1250
3,-1,696.797,478.906,6.1250
3,-1,698.786,479.119,6.1250
3,-1,700.775,479.333,6.1250
3,-1,702.763,479.546,6.1250
3,-1,704.752,479.759,6.1250
3,-1,706.740,479.973,6.1250
3,-1,708.729,480.186,6.1250
3,-1,710.718,480.400,6.1250
3,-1,712.706,480.613,6.1250
3,-1,714.695,480.826,6.1250
3,-1,716.683,481.040,6.1250
3,-1,718.672,481.253,6.1250
3,-1,720.660,481.467,6.1250
3,-1,722.649,481.680,6.1250
3,-1,724.638,481.893,6.1250
3,-1,726.626,482.107,6.1250
3,-1,728.615,482.320,6.1250
3,-1,730.603,482.534,6.1250
3,-1,732.592,482.747,6.1250
3,-1,734.581,482.960,6.1250
3,-1,736.569,483.174,6.1250
3,-1,738.558,483.387,6.1250
3,-1,740.546,483.601,6.1250
3,-1,742.535,483.814,6.1250
3,-1,744.523,484.027,6.1250
3,-1,746.512,484.241,6.1250
3,-1,748.501,484.454,6.1250
3,-1,750.489,484.668,6.1250
3,-1,752.478,484.881,6.1250
3,-1,754.466,485.094,6.1250
3,-1,756.455,485.308,6.1250
3,-1,758.444,485.521,6.1250
3,-1,760.432,485.734,6.1250
3,-1,762.421,485.948,6.1250
3,-1,764.409,486.161,6.1250
3,-1,766.398,486.375,6.1250
3,-1,768.386,486.588,6.1250
3,-1,770.375,486.801,6.1250
3,-1,772.364,487.015,6.1250
3,-1,774.352,487.228,6.1250
3,-1,776.341,487.442,6.1250
3,-1,778.329,487.655,6.1250
3,-1,780.318,487.868,6.1250
3,-1,782.307,488.082,6.1250
3,-1,784.295,488.295,6.1250
3,-1,786.284,488.509,6.1250
3,-1,788.272,488.722,6.1250
3,-1,790.261,488.935,6.1250
3,-1,792.249,489.149,6.1250
3,-1,794.238,489.362,6.1250
3,-1,796.227,489.576,6.1250
3,-1,798.215,489.789,6.1250
3,-1,800.204,490.002,6.1250
3,-1,802.192,490.216,6.1250
3,-1,804.181,490.429,6.1250
3,-1,806.170,490.643,6.1250
3,-1,808.158,490.856,6.1250
3,-1,810.147,491.069,6.1250
3,-1,812.135,491.283,6.1250
3,-1,814.124,491.496,6.1250
3,-1,816.112,491.710,6.1250
3,-1,818.101,491.923,6.1250
3,-1,820.090,492.136,6.1250
3,-1,822.078,492.350,6.1250
3,-1,824.067,492.563,6.1250
3,-1,826.055,492.777,6.1250
3,-1,828.044,492.990,6.1250
3,-1,830.033,493.203,6.1250
3,-1,832.021,493.417,6.1250
3,-1,834.010,493.630,6.1250
3,-1,835.998,493.844,6.1250
3,-1,837.987,494.057,6.1250
3,-1,839.975,494.270,6.1250
3,-1,841.964,494.484,6.1250
3,-1,843.953,494.697,6.1250
3,-1,845.941,494.911,6.1250
3,-1,847.930,495.124,6.1250
3,-1,849.918,495.337,6.1250
3,-1,851.907,495.551,6.1250
3,-1,853.896,495.764,6.1250
3,-1,855.884,495.977,6.1250
3,-1,857.873,496.191,6.1250
3,-1,859.861,496.404,6.1250
3,-1,861.850,496.618,6.1250
3,-1,863.838,496.831,6.1250
3,-1,865.827,497.044,6.1250
3,-1,867.816,497.258,6.1250
3,-1,869.804,497.471,6.1250
3,-1,871.793,497.685,6.1250
3,-1,873.781,497.898,6.1250
3,-1,875.770,498.111,6.1250
3,-1,877.759,498.325,6.1250
3,-1,879.747,498.538,6.1250
3,-1,881.736,498.752,6.1250
3,-1,883.724,498.965,6.1250
3,-1,885.713,499.178,6.1250
3,-1,887.701,499.392,6.1250
3,-1,889.690,499.605,6.1250
3,-1,891.679,499.819,6.1250
3,-1,893.667,500.032,6.1250
3,-1,895.656,500.245,6.1250
3,-1,897.644,500.459,6.1250
3,-1,899.633,500.672,6.1250
3,-1,901.622,500.886,6.1250
3,-1,903.610,501.099,6.1250
3,-1,905.599,501.312,6.1250
3,-1,907.587,501.526,6.1250
3,-1,909.576,501.739,6.1250
3,-1,911.564,501.953,6.1250
3,-1,913.553,502.166,6.1250
3,-1,915.542,502.379,6.1250
3,-1,917.530,502.593,6.1250
3,-1,919.519,502.806,6.1250
3,-1,921.507,503.020,6.1250
3,-1,923.496,503.233,6.1250
3,-1,925.485,503.446,6.1250
3,-1,927.473,503.660,6.1250
3,-1,929.462,503.873,6.1250
3,-1,931.450,504.087,6.1250
3,-1,933.439,504.300,6.1250
3,-1,935.427,504.513,6.1250
3,-1,937.416,504.727,6.1250
3,-1,939.405,504.940,6.1250
3,-1,941.393,505.154,6.1250
3,-1,943.382,505.367,6.1250
3,-1,945.370,505.580,6.1250
