id,chunks
0,1999
1,2000
2,1998
3,2000
4,1998
5,1953
6,1999
7,1999
8,2000
9,1757
10,1997
11,1978
12,1997
13,1980
14,1996
15,456
16,2000
17,1362
18,1992
19,1997
20,1857
21,1996
22,2000
23,1776
24,1568
25,1625
26,2000
27,942
28,2000
29,1984
30,1996
31,1905
32,2000
33,2000
34,1956
35,1455
36,1481
37,1224
38,1993
39,2000
40,1998
41,1663
42,1988
43,1872
44,2000
45,1998
46,1993
47,1978
48,2000
49,1999
50,1971
51,805
52,1965
53,1907
54,1881
55,2000
56,1966
57,1734
58,1999
59,1037
60,1923
61,2000
62,1731
63,2000
64,2000
65,1999
66,1974
67,1999
68,2000
69,1910
70,1959
71,787
72,1959
73,1568
74,1999
75,2000
76,1992
77,1992
78,1957
79,1951
80,1322
81,1899
82,1999
83,1431
84,1996
85,1898
86,2000
87,1956
88,2000
89,1811
90,1931
91,1998
92,2000
93,905
94,1982
95,915
96,1777
97,2000
98,2000
99,1999
100,996
101,1943
102,1240
103,1953
104,1841
105,2000
106,1997
107,1999
108,1835
109,1513
110,991
111,1861
112,1997
113,1991
114,1998
115,2000
116,1554
117,1690
118,1975
119,1683
120,1373
121,2000
122,1575
123,1999
124,1992
125,1998
126,1998
127,1280
128,1265
129,1997
130,2000
131,2000
132,2000
133,1981
134,1943
135,2000
136,1998
137,1896
138,2000
139,2000
140,1077
141,1197
142,2000
143,2000
144,2000
145,896
146,1727
147,1959
148,1816
149,1244
150,1984
151,1996
152,2000
153,1976
154,1999
155,1951
156,1966
157,2000
158,2000
159,1966
160,1983
161,1885
162,1101
163,1985
164,2000
165,2000
166,1998
167,2000
168,2000
169,2000
170,2000
171,2000
172,2000
173,2000
174,1560
175,1840
176,1231
177,2000
178,1981
179,953
180,1551
181,1997
182,1901
183,1985
184,1901
185,2000
186,2000
187,1996
188,1524
189,2000
190,2000
191,1992
192,1999
193,1999
194,1996
195,2000
196,1999
197,992
198,1998
199,1276
200,1820
201,1982
202,1999
203,2000
204,1376
205,1998
206,1871
207,759
208,723
209,351
210,1925
211,1103
212,1850
213,1529
214,2000
215,1004
216,1642
217,2000
218,1710
219,1950
220,1993
221,692
222,1764
223,2000
224,1728
225,1981
226,1944
227,1992
228,1997
229,1471
230,1995
231,1997
232,2000
233,2000
234,1994
235,1806
236,1997
237,1482
238,2000
239,1995
240,1774
241,1964
242,2000
243,2000
244,720
245,1257
246,1737
247,1944
248,1065
249,1513
250,2000
251,809
252,1961
253,2000
254,1973
255,1933
256,1917
257,1904
258,1992
259,1875
260,1991
261,2000
262,1041
263,1246
264,1936
265,1664
266,1846
267,1127
268,1893
269,2000
270,1251
271,1999
272,1972
273,2000
274,1948
275,1525
276,1667
277,1999
278,1990
279,1528
280,1974
281,1999
282,1983
283,1990
284,2000
285,1973
286,2000
287,947
288,2000
289,1975
290,1988
291,1961
292,1814
293,2000
294,2000
295,2000
296,2000
297,2000
298,1994
299,1966
300,2000
301,1995
302,1948
303,1331
304,1985
305,1884
306,1999
307,2000
308,1063
309,1996
310,1999
311,1964
312,1037
313,987
314,1814
315,2000
316,492
317,1999
318,2000
319,1999
320,1998
321,1517
322,999
323,2000
324,757
325,2000
326,1912
327,1879
328,1362
329,2000
330,2000
331,589
332,1997
333,2000
334,1988
335,1999
336,1920
337,2000
338,1993
339,1579
340,1296
341,1555
342,1998
343,1170
344,1999
345,1377
346,1998
347,1960
348,1996
349,1212
350,1312
351,2000
352,1997
353,1978
354,984
355,1994
356,2000
357,1826
358,1997
359,1999
360,1177
361,1999
362,2000
363,2000
364,1901
365,1798
366,2000
367,1938
368,1615
369,1979
370,1997
371,1163
372,1028
373,1157
374,1461
375,1999
376,1903
377,867
378,1993
379,1998
380,1328
381,1997
382,2000
383,1987
384,1992
385,1995
386,1696
387,1996
388,1918
389,1085
390,1906
391,1460
392,2000
393,1981
394,1992
395,1867
396,1968
397,1002
398,1999
399,1875
400,649
401,1881
402,1999
403,2000
404,2000
405,1674
406,1955
407,1064
408,1948
409,1764
410,2000
411,1792
412,850
413,1966
414,1743
415,1994
416,1940
417,1781
418,1998
419,2000
420,2000
421,1850
422,1826
423,1011
424,1931
425,2000
426,1391
427,1995
428,1943
429,1885
430,1991
431,1977
432,2000
433,1811
434,1217
435,1992
436,1935
437,2000
438,1998
439,637
440,1744
441,2000
442,1994
443,827
444,2000
445,2000
446,1997
447,1953
448,2000
449,1843
450,1995
451,1999
452,1704
453,2000
454,1997
455,2000
456,1995
457,1945
458,1992
459,1990
460,1817
461,2000
462,2000
463,1396
464,1958
465,1999
466,1621
467,1948
468,1728
469,1964
470,1992
471,2000
472,1997
473,1948
474,2000
475,2000
476,2000
477,1731
478,1662
479,2000
480,1993
481,2000
482,1973
483,1635
484,2000
485,1444
486,2000
487,1976
488,1999
489,922
490,2000
491,1896
492,2000
493,925
494,2000
495,1724
496,2000
497,2000
498,1682
499,2000
500,1997
501,1258
502,2000
503,1861
504,1994
505,1733
506,1450
507,1998
508,2000
509,1527
510,1456
511,2000
512,930
513,2000
514,1985
515,1099
516,1386
517,1999
518,976
519,2000
520,2000
521,2000
522,1837
523,898
524,1997
525,1986
526,1425
527,1951
528,2000
529,1976
530,1127
531,1348
532,2000
533,1983
534,1995
535,1583
536,786
537,1999
538,1589
539,1802
540,1973
541,1933
542,1999
543,2000
544,1899
545,2000
546,1705
547,1996
548,2000
549,1974
550,1514
551,1005
552,1904
553,1998
554,1904
555,1801
556,2000
557,2000
558,1997
559,1349
560,1980
561,2000
562,1820
563,479
564,1351
565,1023
566,1194
567,1503
568,2000
569,2000
570,2000
571,2000
572,1994
573,1993
574,1999
575,1389
576,1999
577,1447
578,1724
579,1910
580,948
581,1281
582,2000
583,1231
584,1997
585,1982
586,1970
587,2000
588,2000
589,1972
590,2000
591,2000
592,2000
593,1936
594,1966
595,1985
596,1948
597,1996
598,2000
599,1763
600,1999
601,1994
602,1973
603,509
604,1969
605,1479
606,1822
607,2000
608,1647
609,1999
610,2000
611,2000
612,684
613,1866
614,2000
615,2000
616,2000
617,1999
618,1998
619,1972
620,2000
621,1990
622,2000
623,1995
624,1554
625,1917
626,1398
627,1997
628,1622
629,1956
630,2000
631,1771
632,946
633,2000
634,1996
635,1947
636,963
637,2000
638,1988
639,1987
640,1998
641,2000
642,1886
643,2000
644,1940
645,1122
646,2000
647,1983
648,1954
649,1999
650,2000
651,1997
652,1999
653,2000
654,2000
655,1592
656,1998
657,1958
658,1998
659,1996
660,1998
661,2000
662,2000
663,1998
664,1988
665,1990
666,1718
667,1764
668,1966
669,1990
670,1844
671,2000
672,1999
673,1716
674,1990
675,1998
676,2000
677,1999
678,1948
679,1999
680,1996
681,1999
682,1978
683,1163
684,1660
685,1215
686,2000
687,1092
688,1991
689,766
690,1577
691,1988
692,2000
693,1995
694,1999
695,1998
696,1954
697,1923
698,1973
699,2000
700,1996
701,2000
702,1471
703,989
704,695
705,1978
706,1545
707,2000
708,1957
709,1999
710,1987
711,2000
712,1455
713,1977
714,1989
715,1911
716,1276
717,1952
718,1984
719,1999
720,2000
721,1987
722,1990
723,1978
724,2000
725,1989
726,1498
727,1976
728,1999
729,2000
730,2000
731,1355
732,1987
733,1998
734,1997
735,1983
736,1995
737,679
738,724
739,1720
740,2000
741,1978
742,2000
743,1017
744,1967
745,1985
746,1153
747,2000
748,2000
749,2000
750,1717
751,2000
752,1918
753,1998
754,1485
755,1999
756,1953
757,1809
758,1845
759,1998
760,1981
761,1843
762,1995
763,2000
764,2000
765,1999
766,1999
767,619
768,1774
769,1921
770,1813
771,1997
772,2000
773,1298
774,1926
775,1970
776,959
777,446
778,1998
779,2000
780,1995
781,385
782,1790
783,1980
784,1513
785,1869
786,1904
787,1298
788,640
789,1929
790,1978
791,1122
792,1400
793,1890
794,2000
795,1914
796,1964
797,1992
798,1143
799,896
800,1292
801,1996
802,1451
803,1772
804,1999
805,2000
806,2000
807,1783
808,1983
809,699
810,1803
811,1999
812,1996
813,1519
814,851
815,2000
816,1999
817,1047
818,1974
819,1926
820,935
821,2000
822,1999
823,1962
824,1878
825,1981
826,1996
827,2000
828,2000
829,1999
830,2000
831,2000
832,1994
833,888
834,1999
835,1976
836,1998
837,1985
838,2000
839,1426
840,1960
841,1990
842,2000
843,1902
844,2000
845,1990
846,1122
847,1374
848,676
849,1995
850,1999
851,1942
852,842
853,1870
854,2000
855,1910
856,2000
857,1963
858,1985
859,2000
860,1999
861,1866
862,1997
863,1787
864,1987
865,1369
866,1841
867,1926
868,1998
869,2000
870,1497
871,2000
872,1461
873,2000
874,895
875,2000
876,1993
877,1993
878,2000
879,2000
880,2000
881,2000
882,1998
883,1989
884,1578
885,1845
886,1933
887,1996
888,1997
889,1782
890,1986
891,2000
892,616
893,1209
894,1186
895,2000
896,1999
897,1998
898,1994
899,1998
900,1089
901,1999
902,1994
903,1998
904,1614
905,1999
906,1997
907,1954
908,1457
909,1522
910,1999
911,1055
912,1986
913,1981
914,944
915,1993
916,1939
917,1872
918,1999
919,1606
920,1907
921,1934
922,1164
923,1981
924,2000
925,1983
926,1966
927,1882
928,1984
929,1064
930,1998
931,2000
932,1022
933,2000
934,1951
935,2000
936,1198
937,2000
938,1969
939,1272
940,685
941,1990
942,1978
943,1999
944,1445
945,1976
946,1997
947,1983
948,1706
949,1954
950,2000
951,1861
952,1901
953,1997
954,1999
955,1989
956,1448
957,1975
958,1997
959,1091
960,2000
961,1853
962,1881
963,1999
964,1365
965,1933
966,1950
967,1996
968,2000
969,1690
970,2000
971,2000
972,1246
973,2000
974,1909
975,2000
976,1148
977,1997
978,1976
979,1991
980,898
981,1994
982,1537
983,1995
984,2000
985,2000
986,1856
987,1984
988,1999
989,1988
990,2000
991,1861
992,1297
993,2000
994,1683
995,2000
996,1972
997,1999
998,1987
999,1991
1000,1951
1001,1925
1002,1956
1003,2000
1004,1997
1005,1884
1006,1996
1007,734
1008,1933
1009,1996
1010,1999
1011,1838
1012,831
1013,1434
1014,1997
1015,2000
1016,2000
1017,1998
1018,1978
1019,1712
1020,868
1021,1988
1022,1996
1023,1993
1024,2000
1025,1813
1026,1985
1027,1891
1028,463
1029,1999
1030,1673
1031,1965
1032,2000
1033,1977
1034,1999
1035,1985
1036,1956
1037,1276
1038,2000
1039,1898
1040,1174
1041,1649
1042,1408
1043,1461
1044,1995
1045,2000
1046,1014
1047,1496
1048,1990
1049,1785
1050,1708
1051,1756
1052,2000
1053,1999
1054,1763
1055,1999
1056,1999
1057,1973
1058,2000
1059,1999
1060,1982
1061,2000
1062,2000
1063,1991
1064,2000
1065,1858
1066,1404
1067,1739
1068,860
1069,2000
1070,1980
1071,1967
1072,1999
1073,2000
1074,1414
1075,1233
1076,973
1077,1908
1078,1872
1079,1976
1080,2000
1081,1712
1082,1999
1083,1982
1084,1779
1085,1444
1086,1283
1087,1982
1088,2000
1089,2000
1090,825
1091,2000
1092,1330
1093,965
1094,1409
1095,1998
1096,2000
1097,1912
1098,1421
1099,2000
1100,1967
1101,2000
1102,2000
1103,1609
1104,1261
1105,1990
1106,1726
1107,1962
1108,1880
1109,2000
1110,2000
1111,1287
1112,1810
1113,1954
1114,1999
1115,1997
1116,1988
1117,1834
1118,1980
1119,2000
1120,1975
1121,1999
1122,1899
1123,1982
1124,2000
1125,2000
1126,2000
1127,1108
1128,1698
1129,2000
1130,1985
1131,1995
1132,1999
1133,1998
1134,2000
1135,2000
1136,1999
1137,1977
1138,1774
1139,1882
1140,1963
1141,1846
1142,1798
1143,2000
1144,1965
1145,1975
1146,1999
1147,1960
1148,1953
1149,1982
1150,1960
1151,2000
1152,2000
1153,1926
1154,1995
1155,2000
1156,1991
1157,1776
1158,2000
1159,1876
1160,1960
1161,1719
1162,1940
1163,2000
1164,526
1165,1772
1166,1982
1167,1999
1168,1879
1169,1999
1170,2000
1171,2000
1172,1991
1173,2000
1174,1937
1175,2000
1176,2000
1177,1999
1178,2000
1179,2000
1180,1808
1181,2000
1182,1951
1183,2000
1184,1991
1185,1915
1186,2000
1187,1958
1188,1999
1189,1226
1190,1990
1191,1913
1192,1980
1193,2000
1194,756
1195,1975
1196,1992
1197,1251
1198,1998
1199,2000
1200,2000
1201,2000
1202,1738
1203,1847
1204,1758
1205,1983
1206,1977
1207,2000
1208,1960
1209,1961
1210,1482
1211,1978
1212,1998
1213,2000
1214,1952
1215,1373
1216,1974
1217,1416
1218,1999
1219,1999
1220,1028
1221,597
1222,1655
1223,1999
1224,1994
1225,1999
1226,1999
1227,2000
1228,774
1229,2000
1230,1684
1231,1966
1232,2000
1233,1994
1234,2000
1235,1144
1236,1847
1237,1995
1238,1459
1239,1912
1240,1030
1241,1972
1242,1998
1243,2000
1244,1712
1245,1967
1246,2000
1247,1965
1248,1998
1249,2000
1250,1999
1251,2000
1252,1044
1253,1995
1254,1808
1255,1999
1256,1837
1257,1346
1258,1998
1259,1348
1260,1810
1261,1994
1262,2000
1263,1999
1264,1924
1265,2000
1266,1916
1267,1608
1268,1743
1269,1910
1270,1975
1271,1997
1272,1988
1273,1485
1274,1951
1275,1524
1276,2000
1277,1999
1278,1993
1279,1966
1280,1950
1281,2000
1282,1078
1283,2000
1284,1052
1285,2000
1286,1943
1287,1548
1288,2000
1289,1923
1290,2000
1291,1848
1292,1925
1293,1590
1294,1970
1295,1998
1296,2000
1297,1555
1298,1558
1299,1988
1300,1991
1301,974
1302,1896
1303,1999
1304,2000
1305,1013
1306,2000
1307,1282
1308,1989
1309,1995
1310,1988
1311,1908
1312,1741
1313,985
1314,1998
1315,2000
1316,1056
1317,1999
1318,1230
1319,1714
1320,1134
1321,2000
1322,1984
1323,1849
1324,1999
1325,1964
1326,686
1327,1998
1328,1085
1329,749
1330,1208
1331,1666
1332,1500
1333,1976
1334,959
1335,2000
1336,2000
1337,1463
1338,1830
1339,1820
1340,1988
1341,1998
1342,1999
1343,2000
1344,1981
1345,2000
1346,2000
1347,1109
1348,1926
1349,2000
1350,984
1351,1979
1352,1997
1353,2000
1354,1980
1355,1991
1356,1956
1357,887
1358,2000
1359,2000
1360,1985
1361,2000
1362,1857
1363,2000
1364,1709
1365,1910
1366,896
1367,875
1368,1476
1369,1968
1370,1976
1371,896
1372,1965
1373,1959
1374,2000
1375,1930
1376,1775
1377,1999
1378,1745
1379,1979
1380,1999
1381,1278
1382,2000
1383,1306
1384,1750
1385,1996
1386,1825
1387,1692
1388,1997
1389,1912
1390,2000
1391,2000
1392,1749
1393,1977
1394,1884
1395,2000
1396,849
1397,1999
1398,1990
1399,1961
1400,1983
1401,1950
1402,2000
1403,1643
1404,1998
1405,1646
1406,1988
1407,2000
1408,1987
1409,1438
1410,2000
1411,1993
1412,1937
1413,1781
1414,1979
1415,1999
1416,1579
1417,1386
1418,1536
1419,1996
1420,1999
1421,2000
1422,1999
1423,1927
1424,2000
1425,1936
1426,1987
1427,1946
1428,1970
1429,2000
1430,1994
1431,1999
1432,2000
1433,2000
1434,804
1435,1390
1436,1951
1437,2000
1438,1952
1439,2000
1440,1977
1441,1999
1442,1987
1443,1990
1444,1585
1445,1946
1446,2000
1447,1998
1448,1992
1449,2000
1450,1820
1451,1977
1452,1999
1453,1984
1454,1012
1455,1997
1456,2000
1457,1902
1458,1999
1459,1988
1460,2000
1461,2000
1462,2000
1463,1966
1464,1957
1465,1771
1466,1106
1467,1997
1468,2000
1469,1330
1470,1904
1471,1981
1472,1842
1473,1996
1474,2000
1475,1992
1476,2000
1477,1880
1478,2000
1479,1999
1480,962
1481,1938
1482,1997
1483,1809
1484,865
1485,2000
1486,1959
1487,940
1488,2000
1489,1118
1490,1121
1491,1591
1492,1999
1493,1857
1494,1999
1495,1999
1496,1453
1497,2000
1498,796
1499,1894
1500,1374
1501,1996
1502,1954
1503,1999
1504,1910
1505,1998
1506,2000
1507,1964
1508,2000
1509,1025
1510,1995
1511,2000
1512,1998
1513,2000
1514,1931
1515,2000
1516,1999
1517,2000
1518,2000
1519,1987
1520,2000
1521,1701
1522,1990
1523,682
1524,2000
1525,1999
1526,2000
1527,1951
1528,606
1529,800
1530,1999
1531,1997
1532,2000
1533,1998
1534,1999
1535,1378
1536,1979
1537,1987
1538,2000
1539,1950
1540,1610
1541,1968
1542,1776
1543,1969
1544,1410
1545,655
1546,1950
1547,1068
1548,1435
1549,1984
1550,842
1551,1994
1552,2000
1553,1959
1554,1385
1555,2000
1556,1975
1557,689
1558,1198
1559,1999
1560,1771
1561,2000
1562,1378
1563,1993
1564,2000
1565,2000
1566,712
1567,1999
1568,2000
1569,1996
1570,1998
1571,1984
1572,2000
1573,1076
1574,1799
1575,1764
1576,1957
1577,1415
1578,1920
1579,1760
1580,1999
1581,2000
1582,1997
1583,1990
1584,1757
1585,1917
1586,1914
1587,2000
1588,1998
1589,2000
1590,1939
1591,1944
1592,1991
1593,522
1594,1987
1595,1943
1596,1304
1597,2000
1598,1951
1599,1989
1600,2000
1601,1929
1602,1971
1603,1968
1604,1992
1605,2000
1606,1962
1607,1760
1608,1964
1609,1996
1610,555
1611,1721
1612,1602
1613,2000
1614,2000
1615,1904
1616,1875
1617,2000
1618,2000
1619,1471
1620,1901
1621,2000
1622,1706
1623,1868
1624,1992
1625,1432
1626,2000
1627,1743
1628,925
1629,1978
1630,2000
1631,1999
1632,2000
1633,1915
1634,1999
1635,576
1636,1999
1637,1990
1638,2000
1639,1565
1640,1960
1641,1988
1642,2000
1643,1989
1644,1977
1645,1995
1646,1925
1647,1863
1648,1934
1649,1967
1650,1999
1651,1967
1652,1998
1653,1354
1654,1998
1655,2000
1656,1924
1657,1976
1658,993
1659,1970
1660,2000
1661,1953
1662,1991
1663,1869
1664,669
1665,2000
1666,1852
1667,2000
1668,1918
1669,1903
1670,2000
1671,1835
1672,2000
1673,1998
1674,1977
1675,2000
1676,870
1677,1575
1678,1999
1679,1998
1680,2000
1681,1992
1682,1978
1683,1512
1684,1713
1685,1966
1686,1999
1687,1977
1688,1986
1689,2000
1690,1982
1691,2000
1692,1980
1693,1987
1694,1999
1695,2000
1696,887
1697,1997
1698,1904
1699,1857
1700,1842
1701,1863
1702,1367
1703,1981
1704,2000
1705,1999
1706,2000
1707,1698
1708,2000
1709,1390
1710,1976
1711,1329
1712,2000
1713,2000
1714,1342
1715,1983
1716,1991
1717,1824
1718,1996
1719,1737
1720,767
1721,1987
1722,563
1723,1867
1724,2000
1725,1989
1726,1991
1727,954
1728,1984
1729,2000
1730,2000
1731,445
1732,1949
1733,1991
1734,1992
1735,1891
1736,2000
1737,1414
1738,1987
1739,1999
1740,1878
1741,1980
1742,1468
1743,1817
1744,880
1745,1993
1746,1636
1747,2000
1748,1997
1749,1214
1750,2000
1751,2000
1752,1982
1753,1999
1754,1998
1755,1898
1756,2000
1757,1997
1758,2000
1759,890
1760,2000
1761,1937
1762,1980
1763,1194
1764,1743
1765,1952
1766,1345
1767,2000
1768,1997
1769,1998
1770,1619
1771,2000
1772,1995
1773,1815
1774,1999
1775,1979
1776,1919
1777,1999
1778,2000
1779,2000
1780,1999
1781,1998
1782,1986
1783,1998
1784,1974
1785,1721
1786,1899
1787,1157
1788,1983
1789,1896
1790,1982
1791,1304
1792,1969
1793,1946
1794,861
1795,1999
1796,1944
1797,1993
1798,2000
1799,1988
1800,2000
1801,1997
1802,1999
1803,1976
1804,2000
1805,1955
1806,1999
1807,1920
1808,1996
1809,1906
1810,1998
1811,1995
1812,2000
1813,2000
1814,1350
1815,1753
1816,1999
1817,2000
1818,2000
1819,1803
1820,2000
1821,2000
1822,1901
1823,1999
1824,1999
1825,2000
1826,2000
1827,1956
1828,839
1829,2000
1830,2000
1831,1197
1832,2000
1833,1995
1834,1989
1835,1955
1836,2000
1837,1993
1838,1892
1839,1999
1840,2000
1841,1857
1842,1770
1843,2000
1844,1921
1845,1511
1846,2000
1847,1964
1848,873
1849,2000
1850,2000
1851,1932
1852,1799
1853,1991
1854,1867
1855,1747
1856,1950
1857,2000
1858,2000
1859,1999
1860,1935
1861,1998
1862,1740
1863,1999
1864,1986
1865,1862
1866,1175
1867,1941
1868,1743
1869,1976
1870,1931
1871,911
1872,1912
1873,2000
1874,1995
1875,1883
1876,1440
1877,2000
1878,1915
1879,1880
1880,1819
1881,2000
1882,1957
1883,2000
1884,2000
1885,1993
1886,1898
1887,1989
1888,1801
1889,1104
1890,1881
1891,1158
1892,1866
1893,1998
1894,1483
1895,1951
1896,1988
1897,1999
1898,1928
1899,1584
1900,1991
1901,2000
1902,1999
1903,2000
1904,1995
1905,1984
1906,1998
1907,843
1908,886
1909,1999
1910,1758
1911,2000
1912,1972
1913,2000
1914,1277
1915,1998
1916,1809
1917,1999
1918,2000
1919,2000
1920,1505
1921,2000
1922,1787
1923,1995
1924,1998
1925,1997
1926,1920
1927,1999
1928,1966
1929,826
1930,1994
1931,1575
1932,1955
1933,2000
1934,2000
1935,2000
1936,2000
1937,1626
1938,1989
1939,2000
1940,2000
1941,1837
1942,1516
1943,1707
1944,2000
1945,729
1946,1396
1947,2000
1948,1998
1949,1912
1950,1998
1951,2000
1952,1963
1953,912
1954,1989
1955,1999
1956,2000
1957,1992
1958,1991
1959,2000
1960,1856
1961,1544
1962,1975
1963,2000
1964,1796
1965,1986
1966,1078
1967,934
1968,1999
1969,1503
1970,2000
1971,1999
1972,835
1973,1467
1974,1990
1975,1263
1976,1335
1977,1091
1978,797
1979,1997
1980,1882
1981,1302
1982,2000
1983,994
1984,1988
1985,2000
1986,753
1987,1997
1988,1973
1989,2000
1990,1621
1991,1296
1992,1991
1993,1461
1994,1527
1995,949
1996,2000
1997,1809
1998,1944
1999,1982
2000,2000
2001,1980
2002,1982
2003,1440
2004,1999
2005,1838
2006,1388
2007,1564
2008,1785
2009,1999
2010,1975
2011,1999
2012,1996
2013,1969
2014,1999
2015,2000
2016,2000
2017,1745
2018,1996
2019,1964
2020,1997
2021,1999
2022,1998
2023,1914
2024,1981
2025,1853
2026,2000
2027,1574
2028,1541
2029,2000
2030,2000
2031,1910
2032,569
2033,2000
2034,2000
2035,1954
2036,1108
2037,1993
2038,1169
2039,1979
2040,1992
2041,1989
2042,1067
2043,1679
2044,1998
2045,1172
2046,1999
2047,1839
2048,1999
2049,1615
2050,316
2051,2000
2052,1997
2053,1484
2054,1455
2055,1994
2056,1983
2057,1955
2058,1052
2059,1541
2060,1999
2061,1998
2062,1999
2063,1997
2064,1979
2065,1981
2066,1999
2067,2000
2068,1842
2069,1999
2070,2000
2071,1994
2072,1501
2073,1994
2074,2000
2075,1983
2076,1995
2077,1998
2078,1336
2079,1873
2080,1989
2081,1968
2082,1983
2083,1334
2084,1993
2085,1999
2086,1995
2087,1997
2088,1984
2089,1822
2090,1922
2091,1122
2092,1998
2093,1996
2094,2000
2095,1828
2096,728
2097,1989
2098,783
2099,2000
2100,1987
2101,1999
2102,1990
2103,2000
2104,1943
2105,1995
2106,1999
2107,1289
2108,1168
2109,1997
2110,1912
2111,1999
2112,1998
2113,1548
2114,1702
2115,1999
2116,2000
2117,1062
2118,2000
2119,2000
2120,1998
2121,1991
2122,1995
2123,2000
2124,1999
2125,1981
2126,1315
2127,2000
2128,1969
2129,1905
2130,1997
2131,1999
2132,2000
2133,2000
2134,1976
2135,1929
2136,757
2137,1992
2138,1999
2139,1997
2140,1968
2141,1518
2142,1736
2143,1996
2144,1978
2145,1999
2146,1895
2147,1923
2148,1816
2149,1996
2150,2000
2151,2000
2152,1997
2153,1779
2154,1947
2155,2000
2156,1995
2157,1951
2158,1999
2159,1998
2160,1966
2161,2000
2162,1971
2163,1680
2164,1972
2165,2000
2166,1999
2167,1516
2168,2000
2169,717
2170,1998
2171,2000
2172,1757
2173,2000
2174,1996
2175,2000
2176,1250
2177,2000
2178,2000
2179,2000
2180,1869
2181,1997
2182,1956
2183,2000
2184,1978
2185,1995
2186,1994
2187,1996
2188,2000
2189,1999
2190,2000
2191,1713
2192,2000
2193,2000
2194,2000
2195,1998
2196,2000
2197,1998
2198,1829
2199,1994
2200,502
2201,1999
2202,2000
2203,1995
2204,1988
2205,1970
2206,1996
2207,1818
2208,1715
2209,1704
2210,1901
2211,1980
2212,2000
2213,1963
2214,1626
2215,1953
2216,2000
2217,2000
2218,690
2219,1623
2220,2000
2221,2000
2222,933
2223,1650
2224,1755
2225,1964
2226,1990
2227,793
2228,1999
2229,1101
2230,1988
2231,1474
2232,1989
2233,1997
2234,1162
2235,1998
2236,1572
2237,1172
2238,1987
2239,1171
2240,1990
2241,1999
2242,1420
2243,1994
2244,1922
2245,1931
2246,1394
2247,1230
2248,1999
2249,1453
2250,1993
2251,1998
2252,1966
2253,1307
2254,1675
2255,1999
2256,728
2257,666
2258,1970
2259,1999
2260,1987
2261,1912
2262,2000
2263,1578
2264,2000
2265,1998
2266,1588
2267,1904
2268,1301
2269,1998
2270,1876
2271,2000
2272,1374
2273,2000
2274,1974
2275,2000
2276,1484
2277,1136
2278,1947
2279,2000
2280,461
2281,1990
2282,1258
2283,2000
2284,2000
2285,1776
2286,1986
2287,2000
2288,841
2289,1998
2290,1989
2291,2000
2292,1983
2293,2000
2294,1976
2295,1270
2296,1912
2297,1999
2298,1991
2299,698
2300,1792
2301,1966
2302,1980
2303,1267
2304,827
2305,1993
2306,1524
2307,1961
2308,2000
2309,1825
2310,1421
2311,1967
