time_seconds,src_node_id,dst_node_id,fragment_id,success,rssi_dbm
5.2,226,4294967295,0,false,0
5.4,226,4294967295,1,false,0
5.6,226,4294967295,2,false,0
5.8,226,4294967295,3,false,0
6,226,4294967295,4,false,0
6.2,226,4294967295,5,false,0
6.4,226,4294967295,6,false,0
6.6,226,4294967295,7,false,0
6.8,226,4294967295,8,false,0
7,226,4294967295,9,false,0
7.2,226,4294967295,10,false,0
7.4,226,4294967295,11,false,0
7.6,226,4294967295,12,false,0
7.8,226,4294967295,13,false,0
8,226,4294967295,14,false,0
8.2,226,4294967295,15,false,0
8.4,226,4294967295,16,false,0
8.6,226,4294967295,17,false,0
8.8,226,4294967295,18,false,0
9,226,4294967295,19,false,0
9.2,226,4294967295,0,false,0
9.4,226,4294967295,1,false,0
9.6,226,4294967295,2,false,0
9.8,226,4294967295,3,false,0
10,226,4294967295,4,false,0
10.2,226,4294967295,5,false,0
10.4,226,4294967295,6,false,0
10.6,226,4294967295,7,false,0
10.8,226,4294967295,8,false,0
11,226,4294967295,9,false,0
11.2,226,4294967295,10,false,0
11.4,226,4294967295,11,false,0
11.6,226,4294967295,12,false,0
11.8,226,4294967295,13,false,0
12,226,4294967295,14,false,0
12.2,226,4294967295,15,false,0
12.4,226,4294967295,16,false,0
12.6,226,4294967295,17,false,0
12.8,226,4294967295,18,false,0
13,226,4294967295,19,false,0
13.2,226,4294967295,0,false,0
13.4,226,4294967295,1,false,0
13.6,226,4294967295,2,false,0
13.8,226,4294967295,3,false,0
14,226,4294967295,4,false,0
14.2,226,4294967295,5,true,-80.4769
14.2,226,150,5,true,-80.4769
14.4,226,4294967295,6,true,-86.7026
14.4,226,135,6,true,-86.7026
14.4,226,150,6,true,-84.3172
14.6,226,4294967295,7,true,-92.3535
14.6,226,135,7,true,-92.3535
14.6,226,150,7,true,-76.4312
14.8,226,4294967295,8,true,-85.9244
14.8,226,135,8,true,-85.9244
14.8,226,150,8,true,-84.71
14.8,226,165,8,true,-88.5422
15,226,4294967295,9,true,-81.7066
15,226,135,9,true,-81.7066
15,226,150,9,true,-73.1419
15,226,151,9,true,-88.4625
15,226,165,9,true,-79.3698
15.2,226,4294967295,10,true,-81.4188
15.2,226,135,10,true,-81.4188
15.2,226,150,10,true,-70.7993
15.2,226,151,10,true,-88.3189
15.2,226,165,10,true,-89.9655
15.4,226,4294967295,11,true,-89.1863
15.4,226,135,11,true,-89.1863
15.4,226,150,11,true,-69.9284
15.4,226,151,11,true,-84.6968
15.4,226,165,11,true,-85.5841
15.6,226,4294967295,12,true,-90.2488
15.6,226,135,12,true,-90.2488
15.6,226,150,12,true,-73.4334
15.6,226,151,12,true,-83.7576
15.6,226,165,12,true,-82.093
15.6,226,166,12,true,-88.2589
15.8,226,4294967295,13,true,-83.4547
15.8,226,135,13,true,-83.4547
15.8,226,136,13,true,-92.6978
15.8,226,150,13,true,-78.5857
15.8,226,151,13,true,-72.6228
15.8,226,165,13,true,-78.8269
16,226,4294967295,14,true,-90.294
16,226,135,14,true,-90.294
16,226,150,14,true,-73.8644
16,226,151,14,true,-86.3233
16,226,165,14,true,-82.3492
16,226,166,14,true,-86.74
16.2,226,4294967295,15,true,-90.1694
16.2,226,135,15,true,-90.1694
16.2,226,136,15,true,-88.3944
16.2,226,150,15,true,-74.1828
16.2,226,151,15,true,-64.252
16.2,226,165,15,true,-86.5892
16.2,226,166,15,true,-88.0618
16.4,226,4294967295,16,true,-81.3607
16.4,226,136,16,true,-81.3607
16.4,226,150,16,true,-81.9321
16.4,226,151,16,true,-64.3098
16.4,226,152,16,true,-82.7241
16.4,226,165,16,true,-86.0808
16.4,226,166,16,true,-76.5285
16.4,226,167,16,true,-89.6399
16.6,226,4294967295,17,true,-71.2197
16.6,226,136,17,true,-71.2197
16.6,226,151,17,true,-67.8667
16.6,226,152,17,true,-78.7888
16.6,226,165,17,true,-91.1031
16.6,226,166,17,true,-84.6928
16.6,226,167,17,true,-82.4614
16.8,226,4294967295,18,true,-81.4748
16.8,226,150,18,true,-81.4748
16.8,226,151,18,true,-75.8815
16.8,226,152,18,true,-81.06
16.8,226,165,18,true,-92.8258
16.8,226,166,18,true,-88.3841
17,226,4294967295,19,true,-77.893
17,226,151,19,true,-77.893
17,226,152,19,true,-85.5584
17,226,165,19,true,-88.5342
17,226,166,19,true,-77.0149
17,226,167,19,true,-85.9822
17.2,226,4294967295,0,true,-75.5427
17.2,226,151,0,true,-75.5427
17.2,226,152,0,true,-87.0102
17.2,226,153,0,true,-94.7698
17.2,226,166,0,true,-75.5016
17.2,226,167,0,true,-76.3818
17.2,226,168,0,true,-89.8719
17.4,226,4294967295,1,true,-76.2603
17.4,226,152,1,true,-76.2603
17.4,226,153,1,true,-84.8008
17.4,226,166,1,true,-75.4713
17.4,226,167,1,true,-71.1816
17.4,226,168,1,true,-74.1309
17.6,226,4294967295,2,true,-75.3308
17.6,226,151,2,true,-75.3308
17.6,226,152,2,true,-88.1825
17.6,226,167,2,true,-69.2527
17.6,226,168,2,true,-93.2153
17.6,226,182,2,true,-91.7269
17.8,226,4294967295,3,true,-77.2344
17.8,226,152,3,true,-77.2344
17.8,226,167,3,true,-69.1675
17.8,226,168,3,true,-82.4729
17.8,226,182,3,true,-88.7169
18,226,4294967295,4,true,-92.3089
18,226,153,4,true,-92.3089
18,226,167,4,true,-71.8484
18,226,168,4,true,-56.9903
18,226,182,4,true,-94.2113
18.2,226,4294967295,5,true,-89.7875
18.2,226,153,5,true,-89.7875
18.2,226,167,5,true,-79.4616
18.2,226,168,5,true,-74.965
18.2,226,169,5,true,-92.6984
18.2,226,182,5,true,-92.3275
18.4,226,4294967295,6,true,-84.235
18.4,226,153,6,true,-84.235
18.4,226,154,6,true,-77.779
18.4,226,167,6,true,-82.8803
18.4,226,168,6,true,-68.6684
18.4,226,169,6,true,-93.4251
18.4,226,182,6,true,-77.6322
18.4,226,183,6,true,-82.0066
18.6,226,4294967295,7,true,-89.0833
18.6,226,154,7,true,-89.0833
18.6,226,168,7,true,-60.3873
18.6,226,169,7,true,-86.7555
18.6,226,182,7,true,-81.3905
18.8,226,4294967295,8,true,-94.6917
18.8,226,154,8,true,-94.6917
18.8,226,168,8,true,-61.7972
18.8,226,169,8,true,-78.2313
18.8,226,182,8,true,-89.3407
18.8,226,184,8,true,-73.0294
19,226,4294967295,9,true,-87.2687
19,226,153,9,true,-87.2687
19,226,154,9,true,-88.0216
19,226,167,9,true,-92.7894
19,226,168,9,true,-70.5265
19,226,169,9,true,-87.9006
19,226,183,9,true,-86.1022
19.2,226,4294967295,10,true,-75.8263
19.2,226,168,10,true,-75.8263
19.2,226,169,10,true,-75.9337
19.2,226,170,10,true,-85.117
19.2,226,183,10,true,-84.0031
19.2,226,184,10,true,-89.4032
19.4,226,4294967295,11,true,-78.3245
19.4,226,153,11,true,-78.3245
19.4,226,154,11,true,-88.9187
19.4,226,169,11,true,-70.4995
19.4,226,184,11,true,-88.2961
19.4,226,185,11,true,-94.9585
19.6,226,4294967295,12,true,-79.0028
19.6,226,154,12,true,-79.0028
19.6,226,169,12,true,-79.7319
19.6,226,170,12,true,-86.6243
19.6,226,183,12,true,-92.0752
19.6,226,184,12,true,-89.1705
19.6,226,185,12,true,-78.8743
19.8,226,4294967295,13,true,-79.1224
19.8,226,154,13,true,-79.1224
19.8,226,169,13,true,-81.6461
19.8,226,184,13,true,-76.7131
20,226,4294967295,14,true,-90.2885
20,226,168,14,true,-90.2885
20,226,169,14,true,-73.2134
20,226,170,14,true,-80.5455
20,226,184,14,true,-88.1
20.2,226,4294967295,15,true,-90.7149
20.2,226,169,15,true,-90.7149
20.2,226,170,15,true,-73.1339
20.2,226,184,15,true,-78.5129
20.2,226,185,15,true,-85.7822
20.4,226,4294967295,16,true,-92.0955
20.4,226,155,16,true,-92.0955
20.4,226,169,16,true,-89.5798
20.4,226,170,16,true,-85.5414
20.4,226,171,16,true,-79.8955
20.4,226,184,16,true,-89.4841
20.4,226,185,16,true,-82.5634
20.4,226,186,16,true,-76.291
20.4,226,200,16,true,-81.7295
20.6,226,4294967295,17,true,-89.7243
20.6,226,169,17,true,-89.7243
20.6,226,170,17,true,-81.7462
20.6,226,171,17,true,-91.48
20.6,226,184,17,true,-86.3236
20.6,226,185,17,true,-78.9627
20.6,226,200,17,true,-90.2893
20.8,226,4294967295,18,true,-76.3168
20.8,226,170,18,true,-76.3168
20.8,226,171,18,true,-82.0881
20.8,226,184,18,true,-90.5783
20.8,226,185,18,true,-78.6714
20.8,226,186,18,true,-85.3142
21,226,4294967295,19,true,-86.0995
21,226,170,19,true,-86.0995
21,226,171,19,true,-89.1977
21,226,184,19,true,-85.9334
21,226,185,19,true,-64.385
21,226,201,19,true,-79.9675
21.2,226,4294967295,0,true,-79.5072
21.2,226,171,0,true,-79.5072
21.2,226,185,0,true,-78.5946
21.2,226,186,0,true,-68.6608
21.2,226,187,0,true,-92.0346
21.2,226,200,0,true,-94.0059
21.4,226,4294967295,1,true,-86.333
21.4,226,170,1,true,-86.333
21.4,226,171,1,true,-89.6184
21.4,226,185,1,true,-90.8467
21.4,226,186,1,true,-73.3204
21.4,226,200,1,true,-79.0378
21.4,226,201,1,true,-84.7758
21.6,226,4294967295,2,true,-90.1232
21.6,226,170,2,true,-90.1232
21.6,226,171,2,true,-84.3852
21.6,226,186,2,true,-75.1847
21.8,226,4294967295,3,true,-94.4293
21.8,226,170,3,true,-94.4293
21.8,226,186,3,true,-55.8898
21.8,226,187,3,true,-76.3865
21.8,226,200,3,true,-81.3937
21.8,226,201,3,true,-84.3214
21.8,226,202,3,true,-93.1427
22,226,4294967295,4,true,-85.4599
22,226,171,4,true,-85.4599
22,226,172,4,true,-77.0379
22,226,185,4,true,-91.809
22,226,186,4,true,-64.9266
22,226,187,4,true,-76.4461
22,226,202,4,true,-91.1852
22.2,226,4294967295,5,true,-84.7282
22.2,226,185,5,true,-84.7282
22.2,226,186,5,true,-75.111
22.2,226,187,5,true,-72.3952
22.2,226,202,5,true,-85.513
22.4,226,4294967295,6,true,-84.6975
22.4,226,172,6,true,-84.6975
22.4,226,186,6,true,-90.8914
22.4,226,187,6,true,-73.8698
22.4,226,201,6,true,-73.3977
22.4,226,202,6,true,-79.2303
22.6,226,4294967295,7,true,-78.4273
22.6,226,172,7,true,-78.4273
22.6,226,186,7,true,-94.4099
22.6,226,187,7,true,-78.9864
22.6,226,188,7,true,-94.9235
22.6,226,202,7,true,-89.7538
22.8,226,4294967295,8,true,-92.8078
22.8,226,172,8,true,-92.8078
22.8,226,186,8,true,-84.518
22.8,226,187,8,true,-66.3289
22.8,226,202,8,true,-88.1738
23,226,4294967295,9,true,-79.1362
23,226,186,9,true,-79.1362
23,226,187,9,true,-68.2192
23,226,188,9,true,-82.7423
23.2,226,4294967295,10,true,-71.7741
23.2,226,187,10,true,-71.7741
23.2,226,188,10,true,-81.9845
23.2,226,202,10,true,-86.0504
23.2,226,203,10,true,-89.892
23.4,226,4294967295,11,true,-94.9148
23.4,226,187,11,true,-94.9148
23.4,226,188,11,true,-91.0805
23.4,226,202,11,true,-94.5112
23.4,226,203,11,true,-80.6615
23.6,226,4294967295,12,true,-93.6259
23.6,226,188,12,true,-93.6259
23.6,226,202,12,true,-83.7593
23.6,226,203,12,true,-84.5952
23.8,226,4294967295,13,true,-83.2348
23.8,226,187,13,true,-83.2348
23.8,226,188,13,true,-94.9375
23.8,226,189,13,true,-88.9509
23.8,226,202,13,true,-94.9648
24,226,4294967295,14,true,-88.5885
24,226,189,14,true,-88.5885
24,226,203,14,true,-85.8741
24.2,226,4294967295,15,true,-88.3477
24.2,226,188,15,true,-88.3477
24.2,226,189,15,true,-76.9716
24.2,226,204,15,true,-83.9194
24.4,226,4294967295,16,true,-67.3439
24.4,226,188,16,true,-67.3439
24.4,226,189,16,true,-80.1324
24.4,226,203,16,true,-87.4467
24.6,226,4294967295,17,true,-94.012
24.6,226,173,17,true,-94.012
24.6,226,188,17,true,-75.0353
24.6,226,189,17,true,-94.4521
24.6,226,203,17,true,-89.7332
24.6,226,204,17,true,-92.325
24.8,226,4294967295,18,true,-93.9576
24.8,226,173,18,true,-93.9576
24.8,226,188,18,true,-69.9574
24.8,226,189,18,true,-93.7562
24.8,226,203,18,true,-82.6176
25,226,4294967295,19,true,-85.9615
25,226,173,19,true,-85.9615
25,226,174,19,true,-82.2822
25,226,188,19,true,-80.9542
25,226,189,19,true,-70.3795
25.2,226,4294967295,0,true,-84.0794
25.2,226,173,0,true,-84.0794
25.2,226,189,0,true,-90.4039
25.4,226,4294967295,1,true,-65.9566
25.4,226,174,1,true,-65.9566
25.4,226,188,1,true,-88.1058
25.4,226,189,1,true,-90.1987
25.6,226,4294967295,2,true,-77.3764
25.6,226,173,2,true,-77.3764
25.6,226,174,2,true,-50.9193
25.6,226,175,2,true,-89.9369
25.6,226,188,2,true,-85.2555
25.6,226,189,2,true,-88.4509
25.8,226,4294967295,3,true,-93.7238
25.8,226,159,3,true,-93.7238
25.8,226,173,3,true,-87.7401
25.8,226,174,3,true,-62.6392
25.8,226,175,3,true,-92.4073
25.8,226,189,3,true,-75.3757
26,226,4294967295,4,true,-59.2397
26,226,174,4,true,-59.2397
26,226,175,4,true,-93.9259
26,226,189,4,true,-94.9101
26.2,226,4294967295,5,true,-93.539
26.2,226,158,5,true,-93.539
26.2,226,159,5,true,-83.7466
26.2,226,174,5,true,-76.0477
26.2,226,175,5,true,-79.8553
26.4,226,4294967295,6,true,-73.8681
26.4,226,159,6,true,-73.8681
26.4,226,160,6,true,-93.8701
26.4,226,174,6,true,-92.8425
26.6,226,4294967295,7,true,-76.2922
26.6,226,159,7,true,-76.2922
26.6,226,160,7,true,-68.4264
26.6,226,174,7,true,-81.2895
26.6,226,175,7,true,-83.6096
26.8,226,4294967295,8,true,-88.0816
26.8,226,158,8,true,-88.0816
26.8,226,159,8,true,-67.8214
26.8,226,160,8,true,-86.8747
26.8,226,174,8,true,-85.3404
26.8,226,175,8,true,-91.9816
27,226,4294967295,9,true,-89.8106
27,226,159,9,true,-89.8106
27,226,160,9,true,-87.2333
27,226,174,9,true,-94.6412
27.2,226,4294967295,10,true,-81.8059
27.2,226,144,10,true,-81.8059
27.2,226,145,10,true,-90.0204
27.2,226,159,10,true,-71.7602
27.4,226,4294967295,11,true,-93.1517
27.4,226,145,11,true,-93.1517
27.4,226,159,11,true,-89.4903
27.4,226,160,11,true,-82.8931
27.6,226,4294967295,12,true,-75.2999
27.6,226,144,12,true,-75.2999
27.6,226,145,12,true,-69.6982
27.6,226,159,12,true,-92.0917
27.6,226,160,12,true,-91.4299
27.8,226,4294967295,13,true,-75.7695
27.8,226,144,13,true,-75.7695
27.8,226,145,13,true,-72.1092
27.8,226,160,13,true,-89.2444
28,226,4294967295,14,true,-83.9485
28,226,130,14,true,-83.9485
28,226,144,14,true,-80.6922
28,226,145,14,true,-83.3912
28.2,226,4294967295,15,true,-50.1215
28.2,226,145,15,true,-50.1215
28.4,226,4294967295,16,true,-84.0963
28.4,226,130,16,true,-84.0963
28.4,226,144,16,true,-94.0207
28.4,226,145,16,true,-72.6103
28.4,226,146,16,true,-79.2398
28.4,226,160,16,true,-82.4328
28.6,226,4294967295,17,true,-79.0715
28.6,226,145,17,true,-79.0715
28.6,226,146,17,true,-84.1871
28.6,226,161,17,true,-93.761
28.8,226,4294967295,18,true,-90.4944
28.8,226,131,18,true,-90.4944
28.8,226,146,18,true,-84.5333
28.8,226,160,18,true,-87.7199
28.8,226,161,18,true,-90.8701
29,226,4294967295,19,true,-91.7245
29,226,131,19,true,-91.7245
29,226,145,19,true,-81.9431
29,226,146,19,true,-82.0441
29.2,226,4294967295,0,true,-80.1845
29.2,226,131,0,true,-80.1845
29.2,226,145,0,true,-92.4431
29.2,226,146,0,true,-53.1327
29.2,226,147,0,true,-84.7342
29.4,226,4294967295,1,true,-83.2729
29.4,226,145,1,true,-83.2729
29.4,226,146,1,true,-48.3646
29.4,226,147,1,true,-86.8414
29.6,226,4294967295,2,true,-85.3385
29.6,226,131,2,true,-85.3385
29.6,226,146,2,true,-87.5159
29.6,226,147,2,true,-84.3336
29.8,226,4294967295,3,true,-90.9346
29.8,226,132,3,true,-90.9346
29.8,226,147,3,true,-79.8811
29.8,226,162,3,true,-87.6948
30,226,4294967295,4,true,-84.2098
30,226,132,4,true,-84.2098
30,226,146,4,true,-72.1348
30,226,162,4,true,-94.9853
30.2,226,4294967295,5,true,-82.4645
30.2,226,131,5,true,-82.4645
30.2,226,132,5,true,-94.4237
30.2,226,147,5,true,-77.0899
30.2,226,148,5,true,-86.8927
30.4,226,4294967295,6,true,-64.2884
30.4,226,147,6,true,-64.2884
30.4,226,162,6,true,-89.1957
30.6,226,4294967295,7,true,-94.9467
30.6,226,132,7,true,-94.9467
30.6,226,147,7,true,-91.995
30.6,226,148,7,true,-71.6994
30.8,226,4294967295,8,true,-87.4226
30.8,226,132,8,true,-87.4226
30.8,226,133,8,true,-86.5443
30.8,226,148,8,true,-76.4909
31,226,4294967295,9,true,-91.6313
31,226,132,9,true,-91.6313
31,226,148,9,true,-71.0571
31.2,226,4294967295,10,true,-86.1771
31.2,226,133,10,true,-86.1771
31.2,226,147,10,true,-87.924
31.2,226,148,10,true,-59.0335
31.2,226,163,10,true,-85.8824
31.4,226,4294967295,11,true,-82.0042
31.4,226,133,11,true,-82.0042
31.4,226,147,11,true,-68.3044
31.4,226,148,11,true,-54.2804
31.4,226,163,11,true,-87.881
31.6,226,4294967295,12,true,-84.9693
31.6,226,133,12,true,-84.9693
31.6,226,147,12,true,-92.8052
31.6,226,148,12,true,-66.6169
31.6,226,149,12,true,-85.1475
31.6,226,163,12,true,-81.3633
31.6,226,164,12,true,-83.1624
31.8,226,4294967295,13,true,-68.8069
31.8,226,148,13,true,-68.8069
31.8,226,149,13,true,-93.4411
31.8,226,163,13,true,-86.5035
32,226,4294967295,14,true,-74.1024
32,226,149,14,true,-74.1024
32,226,164,14,true,-78.4621
32.2,226,4294967295,15,true,-85.1857
32.2,226,148,15,true,-85.1857
32.2,226,149,15,true,-88.615
32.2,226,163,15,true,-85.8314
32.4,226,4294967295,16,true,-77.4358
32.4,226,148,16,true,-77.4358
32.4,226,163,16,true,-81.5516
32.4,226,164,16,true,-83.5319
32.6,226,4294967295,17,true,-79.1382
32.6,226,149,17,true,-79.1382
32.6,226,163,17,true,-90.6985
32.6,226,164,17,true,-64.283
32.6,226,179,17,true,-91.0646
32.8,226,4294967295,18,true,-84.519
32.8,226,149,18,true,-84.519
32.8,226,164,18,true,-79.1574
32.8,226,178,18,true,-80.144
32.8,226,179,18,true,-82.0806
33,226,4294967295,19,true,-87.9376
33,226,163,19,true,-87.9376
33,226,164,19,true,-80.7649
33,226,179,19,true,-84.9697
33.2,226,4294967295,0,true,-82.7659
33.2,226,163,0,true,-82.7659
33.2,226,164,0,true,-72.3721
33.2,226,178,0,true,-81.0361
33.4,226,4294967295,1,true,-79.7855
33.4,226,163,1,true,-79.7855
33.4,226,178,1,true,-79.365
33.4,226,179,1,true,-90.1804
33.6,226,4294967295,2,true,-77.888
33.6,226,163,2,true,-77.888
33.6,226,178,2,true,-75.0831
33.6,226,179,2,true,-89.7071
33.8,226,4294967295,3,true,-94.5595
33.8,226,163,3,true,-94.5595
33.8,226,177,3,true,-82.897
33.8,226,178,3,true,-72.8002
33.8,226,179,3,true,-90.9898
33.8,226,193,3,true,-90.9161
34,226,4294967295,4,true,-69.558
34,226,178,4,true,-69.558
34,226,179,4,true,-90.8118
34,226,193,4,true,-89.4257
34.2,226,4294967295,5,true,-83.2877
34.2,226,163,5,true,-83.2877
34.2,226,177,5,true,-73.4585
34.2,226,178,5,true,-76.3218
34.2,226,192,5,true,-82.7456
34.4,226,4294967295,6,true,-83.8247
34.4,226,177,6,true,-83.8247
34.4,226,178,6,true,-70.677
34.4,226,193,6,true,-79.3534
34.6,226,4294967295,7,true,-85.7506
34.6,226,177,7,true,-85.7506
34.6,226,178,7,true,-76.407
34.6,226,192,7,true,-78.0971
34.6,226,193,7,true,-88.195
34.8,226,4294967295,8,true,-92.0106
34.8,226,177,8,true,-92.0106
34.8,226,178,8,true,-86.2969
34.8,226,192,8,true,-86.1582
35,226,4294967295,9,true,-76.257
35,226,177,9,true,-76.257
35,226,178,9,true,-90.1489
35,226,192,9,true,-69.0582
35.2,226,4294967295,10,true,-81.1064
35.2,226,177,10,true,-81.1064
35.2,226,178,10,true,-92.9485
35.2,226,192,10,true,-81.6665
35.2,226,193,10,true,-78.5053
35.2,226,207,10,true,-75.842
35.4,226,4294967295,11,true,-82.1222
35.4,226,192,11,true,-82.1222
35.4,226,193,11,true,-88.115
35.4,226,207,11,true,-92.3577
35.6,226,4294967295,12,true,-70.571
35.6,226,192,12,true,-70.571
35.6,226,193,12,true,-79.4455
35.6,226,207,12,true,-86.9051
35.6,226,208,12,true,-77.7571
35.8,226,4294967295,13,true,-73.801
35.8,226,192,13,true,-73.801
35.8,226,193,13,true,-94.4866
35.8,226,207,13,true,-82.8001
35.8,226,208,13,true,-80.7293
36,226,4294967295,14,true,-88.12
36,226,192,14,true,-88.12
36,226,193,14,true,-66.486
36,226,207,14,true,-66.4765
36,226,208,14,true,-87.5469
36.2,226,4294967295,15,true,-74.4259
36.2,226,207,15,true,-74.4259
36.2,226,208,15,true,-86.6101
36.2,226,222,15,true,-89.9843
36.4,226,4294967295,16,true,-89.6594
36.4,226,192,16,true,-89.6594
36.4,226,208,16,true,-83.6276
36.4,226,223,16,true,-89.7736
36.6,226,4294967295,17,true,-84.7068
36.6,226,207,17,true,-84.7068
36.6,226,208,17,true,-81.9203
36.6,226,222,17,true,-85.1048
36.6,226,223,17,true,-86.7296
36.8,226,4294967295,18,true,-82.0874
36.8,226,207,18,true,-82.0874
36.8,226,208,18,true,-90.1252
36.8,226,222,18,true,-83.031
36.8,226,223,18,true,-84.1142
37,226,4294967295,19,true,-94.5983
37,226,223,19,true,-94.5983
37.2,226,4294967295,0,true,-94.098
37.2,226,193,0,true,-94.098
37.2,226,207,0,true,-89.091
37.2,226,208,0,true,-93.4353
37.2,226,222,0,true,-93.6772
37.4,226,4294967295,1,true,-85.8175
37.4,226,192,1,true,-85.8175
37.4,226,207,1,true,-86.2684
37.4,226,208,1,true,-83.654
37.4,226,223,1,true,-92.3148
37.6,226,4294967295,2,true,-88.2182
37.6,226,192,2,true,-88.2182
37.6,226,193,2,true,-87.9952
37.6,226,207,2,true,-81.9496
37.6,226,208,2,true,-86.3062
37.8,226,4294967295,3,true,-93.971
37.8,226,192,3,true,-93.971
37.8,226,193,3,true,-89.2604
37.8,226,207,3,true,-92.2391
37.8,226,208,3,true,-92.5018
38,226,4294967295,4,true,-94.3945
38,226,192,4,true,-94.3945
38,226,193,4,true,-80.0778
38,226,207,4,true,-73.5827
38.2,226,4294967295,5,true,-88.4502
38.2,226,178,5,true,-88.4502
38.2,226,192,5,true,-82.1844
38.2,226,193,5,true,-86.3065
38.2,226,208,5,true,-90.6635
38.3097,226,193,1,false,0
38.3097,226,193,8,false,0
38.3097,226,193,9,false,0
38.3097,226,193,15,false,0
38.3097,226,193,16,false,0
38.3097,226,193,17,false,0
38.3097,226,193,18,false,0
38.3097,226,193,19,false,0
38.3097,226,192,1,true,-79.1331
38.3097,226,192,8,true,-89.7054
38.3097,226,192,9,true,-93.5169
38.3097,226,192,15,true,-91.072
38.3097,226,192,16,true,-80.825
38.3097,226,192,17,true,-84.359
38.3097,226,192,18,true,-85.4936
38.3097,226,192,19,true,-76.4984
38.3148,226,177,0,false,0
38.3148,226,177,1,false,0
38.3148,226,177,2,false,0
38.3148,226,177,4,false,0
38.3148,226,177,11,false,0
38.3148,226,177,12,false,0
38.3148,226,177,13,false,0
38.3148,226,177,14,false,0
38.3148,226,177,15,false,0
38.3148,226,177,16,false,0
38.3148,226,177,17,false,0
38.3148,226,177,18,false,0
38.3148,226,177,19,false,0
38.4,226,4294967295,6,true,-82.7155
38.4,226,192,6,true,-82.7155
38.4,226,193,6,true,-92.4887
38.6,226,4294967295,7,true,-93.5711
38.6,226,177,7,true,-93.5711
38.6,226,178,7,true,-88.9864
38.6,226,192,7,true,-87.2125
38.6,226,193,7,true,-67.8724
38.7038,226,192,0,false,0
38.8,226,4294967295,8,true,-80.4835
38.8,226,177,8,true,-80.4835
38.8,226,192,8,true,-79.5451
38.8,226,193,8,true,-94.1137
39,226,4294967295,9,true,-74.2877
39,226,177,9,true,-74.2877
39,226,178,9,true,-74.5513
39,226,192,9,true,-88.7622
39,226,193,9,true,-81.0272
39.2,226,4294967295,10,true,-77.9156
39.2,226,162,10,true,-77.9156
39.2,226,163,10,true,-85.1243
39.2,226,177,10,true,-86.1151
39.2,226,178,10,true,-77.0076
39.2,226,192,10,true,-93.5962
39.2,226,193,10,true,-88.0688
39.4,226,4294967295,11,true,-91.6441
39.4,226,162,11,true,-91.6441
39.4,226,177,11,true,-83.2065
39.4,226,178,11,true,-79.4801
39.4,226,193,11,true,-94.5521
39.6,226,4294967295,12,true,-86.2445
39.6,226,162,12,true,-86.2445
39.6,226,163,12,true,-86.973
39.6,226,177,12,true,-87.4092
39.6,226,178,12,true,-85.3738
39.8,226,4294967295,13,true,-90.0759
39.8,226,163,13,true,-90.0759
39.8,226,177,13,true,-90.4767
39.8,226,178,13,true,-82.7633
40,226,4294967295,14,true,-90.3647
40,226,162,14,true,-90.3647
40,226,163,14,true,-84.1362
40,226,177,14,true,-75.9297
40,226,178,14,true,-88.255
40.2,226,4294967295,15,true,-75.1183
40.2,226,162,15,true,-75.1183
40.2,226,163,15,true,-70.5672
40.2,226,178,15,true,-85.8883
40.2191,226,163,4,false,0
40.2191,226,163,6,false,0
40.2191,226,163,7,false,0
40.2191,226,163,8,false,0
40.2191,226,163,9,false,0
40.2191,226,163,18,false,0
40.2191,226,162,4,true,-86.1061
40.2191,226,162,6,true,-83.7418
40.2191,226,162,8,true,-76.5587
40.2191,226,162,9,true,-76.0547
40.2191,226,162,18,true,-89.4993
40.4,226,4294967295,16,true,-91.2219
40.4,226,148,16,true,-91.2219
40.4,226,162,16,true,-79.7861
40.4,226,163,16,true,-70.933
40.4,226,178,16,true,-85.7389
40.6,226,4294967295,17,true,-91.0821
40.6,226,147,17,true,-91.0821
40.6,226,148,17,true,-91.0258
40.6,226,162,17,true,-86.9537
40.6,226,163,17,true,-91.3754
40.8,226,4294967295,18,true,-65.007
40.8,226,148,18,true,-65.007
40.8,226,162,18,true,-85.4738
40.8,226,163,18,true,-80.312
41,226,4294967295,19,true,-88.438
41,226,147,19,true,-88.438
41,226,148,19,true,-79.1422
41,226,163,19,true,-79.8451
41.2,226,4294967295,0,true,-88.2052
41.2,226,133,0,true,-88.2052
41.2,226,147,0,true,-77.9153
41.2,226,148,0,true,-81.5623
41.2,226,149,0,true,-92.9505
41.2,226,163,0,true,-77.14
41.4,226,4294967295,1,true,-88.6601
41.4,226,132,1,true,-88.6601
41.4,226,147,1,true,-85.345
41.4,226,148,1,true,-56.8514
41.4,226,149,1,true,-92.5374
41.4,226,163,1,true,-93.0424
41.6,226,4294967295,2,true,-93.8161
41.6,226,132,2,true,-93.8161
41.6,226,133,2,true,-76.4767
41.6,226,148,2,true,-83.4875
41.8,226,4294967295,3,true,-91.5185
41.8,226,132,3,true,-91.5185
41.8,226,133,3,true,-80.88
41.8,226,147,3,true,-84.4219
41.8,226,148,3,true,-86.0805
42,226,4294967295,4,true,-80.0848
42,226,133,4,true,-80.0848
42,226,134,4,true,-83.9317
42,226,147,4,true,-78.0091
42,226,148,4,true,-91.4621
42.2,226,4294967295,5,true,-84.7151
42.2,226,118,5,true,-84.7151
42.2,226,132,5,true,-86.1128
42.2,226,133,5,true,-72.5094
42.2,226,147,5,true,-79.2958
42.2,226,148,5,true,-65.7536
42.4,226,4294967295,6,true,-82.9244
42.4,226,117,6,true,-82.9244
42.4,226,133,6,true,-60.1009
42.4,226,148,6,true,-94.6289
42.6,226,4294967295,7,true,-68.5901
42.6,226,117,7,true,-68.5901
42.6,226,118,7,true,-89.2634
42.6,226,133,7,true,-68.338
42.6,226,134,7,true,-83.6943
42.8,226,4294967295,8,true,-85.7029
42.8,226,117,8,true,-85.7029
42.8,226,118,8,true,-85.0087
42.8,226,133,8,true,-86.0887
43,226,4294967295,9,true,-82.9093
43,226,117,9,true,-82.9093
43,226,118,9,true,-87.5088
43,226,133,9,true,-92.9704
43.2,226,4294967295,10,true,-88.0957
43.2,226,117,10,true,-88.0957
43.2,226,118,10,true,-66.6896
43.2,226,119,10,true,-94.924
43.2,226,133,10,true,-74.8197
43.4,226,4294967295,11,true,-80.6533
43.4,226,117,11,true,-80.6533
43.4,226,118,11,true,-79.7398
43.4,226,133,11,true,-94.1877
43.6,226,4294967295,12,true,-89.3099
43.6,226,102,12,true,-89.3099
43.6,226,103,12,true,-91.6021
43.6,226,117,12,true,-87.8376
43.6,226,118,12,true,-92.8607
43.6,226,119,12,true,-81.6887
43.8,226,4294967295,13,true,-89.2667
43.8,226,103,13,true,-89.2667
43.8,226,104,13,true,-86.9995
43.8,226,117,13,true,-81.094
43.8,226,118,13,true,-84.8932
43.8,226,119,13,true,-92.0462
44,226,4294967295,14,true,-88.3001
44,226,102,14,true,-88.3001
44,226,103,14,true,-85.1327
44,226,104,14,true,-92.2312
44,226,118,14,true,-86.1747
44.2,226,4294967295,15,true,-89.7561
44.2,226,88,15,true,-89.7561
44.2,226,102,15,true,-84.3938
44.2,226,103,15,true,-69.1694
44.2,226,104,15,true,-94.326
44.2,226,118,15,true,-89.3876
44.4,226,4294967295,16,true,-89.7521
44.4,226,87,16,true,-89.7521
44.4,226,88,16,true,-91.7109
44.4,226,102,16,true,-90.7923
44.4,226,103,16,true,-67.9416
44.4,226,104,16,true,-88.4374
44.4,226,118,16,true,-92.3138
44.6,226,4294967295,17,true,-89.4679
44.6,226,88,17,true,-89.4679
44.6,226,102,17,true,-84.401
44.6,226,103,17,true,-83.9388
44.6,226,104,17,true,-86.6303
44.8,226,4294967295,18,true,-85.7214
44.8,226,87,18,true,-85.7214
44.8,226,88,18,true,-88.2522
44.8,226,102,18,true,-80.6097
44.8,226,103,18,true,-76.1527
44.8,226,104,18,true,-87.0346
45,226,4294967295,19,true,-77.9562
45,226,87,19,true,-77.9562
45,226,88,19,true,-65.4107
45,226,102,19,true,-88.1028
45,226,103,19,true,-76.7074
45.2,226,4294967295,0,true,-84.2793
45.2,226,87,0,true,-84.2793
45.2,226,88,0,true,-68.2351
45.2,226,89,0,true,-85.3652
45.2,226,102,0,true,-82.7827
45.2,226,103,0,true,-80.0053
45.4,226,4294967295,1,true,-89.7191
45.4,226,73,1,true,-89.7191
45.4,226,88,1,true,-76.333
45.6,226,4294967295,2,true,-94.4333
45.6,226,73,2,true,-94.4333
45.6,226,87,2,true,-84.4913
45.6,226,88,2,true,-82.998
45.6,226,89,2,true,-87.6104
45.8,226,4294967295,3,true,-75.2244
45.8,226,73,3,true,-75.2244
45.8,226,87,3,true,-78.7837
45.8,226,88,3,true,-72.1972
46,226,4294967295,4,true,-88.6805
46,226,72,4,true,-88.6805
46,226,73,4,true,-76.7144
46,226,74,4,true,-79.5033
46,226,87,4,true,-77.7995
46,226,88,4,true,-89.3072
46.2,226,4294967295,5,true,-89.3413
46.2,226,72,5,true,-89.3413
46.2,226,73,5,true,-74.4061
46.2,226,87,5,true,-79.5891
46.2,226,88,5,true,-87.9488
46.4,226,4294967295,6,true,-82.1867
46.4,226,57,6,true,-82.1867
46.4,226,73,6,true,-55.6116
46.6,226,4294967295,7,true,-91.1966
46.6,226,57,7,true,-91.1966
46.6,226,73,7,true,-70.7648
46.6,226,74,7,true,-91.9072
46.8,226,4294967295,8,true,-83.3889
46.8,226,58,8,true,-83.3889
46.8,226,59,8,true,-77.4772
46.8,226,73,8,true,-87.6927
47,226,4294967295,9,true,-87.3011
47,226,57,9,true,-87.3011
47,226,58,9,true,-65.4251
47,226,59,9,true,-93.8857
47,226,73,9,true,-86.2598
47.2,226,4294967295,10,true,-83.4773
47.2,226,43,10,true,-83.4773
47.2,226,57,10,true,-77.1229
47.2,226,58,10,true,-63.1219
47.2,226,59,10,true,-82.1997
47.2,226,73,10,true,-92.1992
47.4,226,4294967295,11,true,-80.198
47.4,226,43,11,true,-80.198
47.4,226,58,11,true,-60.8628
47.4,226,73,11,true,-90.6883
47.6,226,4294967295,12,true,-75.439
47.6,226,43,12,true,-75.439
47.6,226,57,12,true,-74.0149
47.6,226,58,12,true,-80.8588
47.6,226,59,12,true,-87.518
47.8,226,4294967295,13,true,-91.4848
47.8,226,42,13,true,-91.4848
47.8,226,43,13,true,-93.7232
47.8,226,57,13,true,-87.7366
47.8,226,58,13,true,-83.3037
48,226,4294967295,14,true,-79.0675
48,226,42,14,true,-79.0675
48,226,43,14,true,-73.3353
48,226,44,14,true,-94.8062
48,226,57,14,true,-93.0127
48.2,226,4294967295,15,true,-91.0916
48.2,226,42,15,true,-91.0916
48.2,226,43,15,true,-82.8366
48.2,226,44,15,true,-91.6938
48.2,226,58,15,true,-92.8129
48.4,226,4294967295,16,true,-90.1494
48.4,226,27,16,true,-90.1494
48.4,226,28,16,true,-94.0803
48.4,226,42,16,true,-72.3908
48.4,226,43,16,true,-74.1991
48.4,226,58,16,true,-77.368
48.6,226,4294967295,17,true,-87.8578
48.6,226,27,17,true,-87.8578
48.6,226,42,17,true,-87.904
48.6,226,43,17,true,-87.4425
48.6,226,58,17,true,-86.0474
48.8,226,4294967295,18,true,-88.01
48.8,226,42,18,true,-88.01
48.8,226,43,18,true,-80.1725
48.8,226,57,18,true,-73.6795
48.8,226,58,18,true,-90.8761
49,226,4294967295,19,true,-64.8339
49,226,42,19,true,-64.8339
49.2,226,4294967295,0,true,-86.0668
49.2,226,27,0,true,-86.0668
49.2,226,41,0,true,-75.5729
49.2,226,42,0,true,-67.3902
49.2,226,43,0,true,-91.8695
49.2,226,56,0,true,-91.3295
49.2,226,57,0,true,-82.3484
49.4,226,4294967295,1,true,-76.324
49.4,226,42,1,true,-76.324
49.4,226,56,1,true,-86.7651
49.4,226,57,1,true,-93.3474
49.6,226,4294967295,2,true,-71.7271
49.6,226,41,2,true,-71.7271
49.6,226,56,2,true,-79.164
49.6,226,57,2,true,-83.3972
49.8,226,4294967295,3,true,-81.8185
49.8,226,41,3,true,-81.8185
49.8,226,42,3,true,-91.1342
49.8,226,56,3,true,-82.0526
49.8,226,57,3,true,-87.4022
50,226,4294967295,4,true,-89.4702
50,226,40,4,true,-89.4702
50,226,41,4,true,-73.5916
50,226,42,4,true,-65.4872
50,226,56,4,true,-87.4673
50,226,57,4,true,-84.1366
50.2,226,4294967295,5,true,-94.246
50.2,226,42,5,true,-94.246
50.2,226,56,5,true,-84.2372
50.4,226,4294967295,6,true,-84.1513
50.4,226,41,6,true,-84.1513
50.4,226,55,6,true,-73.299
50.4,226,56,6,true,-86.3401
50.6,226,4294967295,7,true,-94.3062
50.6,226,41,7,true,-94.3062
50.6,226,55,7,true,-92.7437
50.8,226,4294967295,8,true,-84.9628
50.8,226,39,8,true,-84.9628
50.8,226,40,8,true,-71.0797
50.8,226,41,8,true,-88.9862
50.8,226,54,8,true,-92.6
50.8,226,55,8,true,-79.9977
50.8,226,70,8,true,-72.8857
51,226,4294967295,9,true,-85.2601
51,226,39,9,true,-85.2601
51,226,40,9,true,-83.3006
51,226,41,9,true,-89.6344
51,226,54,9,true,-87.8401
51,226,55,9,true,-82.8567
51,226,56,9,true,-92.8635
51,226,70,9,true,-90.4732
51.2,226,4294967295,10,true,-82.8215
51.2,226,39,10,true,-82.8215
51.2,226,40,10,true,-78.5777
51.2,226,54,10,true,-90.5323
51.2,226,55,10,true,-55.1352
51.2,226,56,10,true,-80.3028
51.4,226,4294967295,11,true,-86.2314
51.4,226,39,11,true,-86.2314
51.4,226,40,11,true,-90.8496
51.4,226,54,11,true,-83.0666
51.4,226,55,11,true,-73.567
51.4,226,69,11,true,-87.1851
51.4,226,70,11,true,-80.6692
51.6,226,4294967295,12,true,-93.8647
51.6,226,39,12,true,-93.8647
51.6,226,40,12,true,-94.8686
51.6,226,54,12,true,-68.2527
51.6,226,55,12,true,-85.8244
51.6,226,56,12,true,-90.904
51.6,226,69,12,true,-91.4348
51.8,226,4294967295,13,true,-91.6713
51.8,226,38,13,true,-91.6713
51.8,226,39,13,true,-84.8014
51.8,226,40,13,true,-86.1625
51.8,226,54,13,true,-86.1927
51.8,226,55,13,true,-70.5104
51.8,226,70,13,true,-89.4327
52,226,4294967295,14,true,-80.4784
52,226,38,14,true,-80.4784
52,226,39,14,true,-89.2095
52,226,53,14,true,-90.6853
52,226,54,14,true,-71.0533
52,226,55,14,true,-83.9906
52,226,69,14,true,-88.3823
52,226,70,14,true,-87.679
52.2,226,4294967295,15,true,-92.2043
52.2,226,39,15,true,-92.2043
52.2,226,40,15,true,-78.5384
52.2,226,54,15,true,-64.0555
52.2,226,55,15,true,-91.5818
52.2,226,68,15,true,-90.8474
52.2,226,70,15,true,-84.4915
52.4,226,4294967295,16,true,-87.1059
52.4,226,38,16,true,-87.1059
52.4,226,39,16,true,-84.9699
52.4,226,40,16,true,-91.7425
52.4,226,53,16,true,-90.1131
52.4,226,54,16,true,-62.3476
52.4,226,55,16,true,-91.0704
52.4,226,68,16,true,-84.9117
52.4,226,69,16,true,-71.4431
52.6,226,4294967295,17,true,-89.1731
52.6,226,39,17,true,-89.1731
52.6,226,53,17,true,-78.0342
52.6,226,54,17,true,-82.5439
52.6,226,55,17,true,-86.6877
52.6,226,68,17,true,-92.3884
52.8,226,4294967295,18,true,-87.4871
52.8,226,39,18,true,-87.4871
52.8,226,52,18,true,-75.9735
52.8,226,53,18,true,-80.138
52.8,226,54,18,true,-73.7652
52.8,226,68,18,true,-90.1787
52.8,226,69,18,true,-85.5216
53,226,4294967295,19,true,-86.164
53,226,37,19,true,-86.164
53,226,38,19,true,-85.7217
53,226,52,19,true,-93.9312
53,226,53,19,true,-71.0768
53,226,54,19,true,-78.7275
53,226,67,19,true,-75.4662
53,226,68,19,true,-81.0977
53.2,226,4294967295,0,true,-85.4826
53.2,226,52,0,true,-85.4826
53.2,226,53,0,true,-69.7026
53.2,226,54,0,true,-87.1632
53.2,226,67,0,true,-87.5773
53.2,226,68,0,true,-67.2522
53.4,226,4294967295,1,true,-83.3267
53.4,226,38,1,true,-83.3267
53.4,226,52,1,true,-85.135
53.4,226,53,1,true,-69.1713
53.4,226,54,1,true,-79.4954
53.4,226,67,1,true,-78.8971
53.4,226,68,1,true,-81.8369
53.4,226,69,1,true,-94.8353
53.6,226,4294967295,2,true,-85.3431
53.6,226,37,2,true,-85.3431
53.6,226,38,2,true,-77.6983
53.6,226,52,2,true,-68.2058
53.6,226,53,2,true,-80.1137
53.6,226,67,2,true,-85.7331
53.6,226,68,2,true,-92.3547
53.8,226,4294967295,3,true,-84.9188
53.8,226,37,3,true,-84.9188
53.8,226,51,3,true,-82.1736
53.8,226,52,3,true,-79.7852
53.8,226,53,3,true,-78.7246
53.8,226,68,3,true,-84.6346
54,226,4294967295,4,true,-83.7722
54,226,37,4,true,-83.7722
54,226,51,4,true,-84.7534
54,226,52,4,true,-67.1569
54,226,53,4,true,-87.1633
54,226,66,4,true,-90.8173
54,226,67,4,true,-80.7748
54.2,226,4294967295,5,true,-72.0717
54.2,226,37,5,true,-72.0717
54.2,226,52,5,true,-63.3839
54.2,226,67,5,true,-87.4786
54.2,226,68,5,true,-74.5454
54.4,226,4294967295,6,true,-79.6259
54.4,226,51,6,true,-79.6259
54.4,226,52,6,true,-85.8948
54.4,226,53,6,true,-83.6751
54.4,226,66,6,true,-78.2152
54.4,226,67,6,true,-85.387
54.4,226,68,6,true,-94.5265
54.6,226,4294967295,7,true,-91.3009
54.6,226,36,7,true,-91.3009
54.6,226,51,7,true,-78.9662
54.6,226,52,7,true,-80.318
54.6,226,66,7,true,-93.8323
54.6,226,68,7,true,-89.1509
54.8,226,4294967295,8,true,-79.6576
54.8,226,36,8,true,-79.6576
54.8,226,51,8,true,-78.4157
54.8,226,52,8,true,-76.3122
54.8,226,66,8,true,-79.5999
54.8,226,67,8,true,-93.9613
55,226,4294967295,9,true,-78.756
55,226,51,9,true,-78.756
55,226,52,9,true,-90.4455
55,226,66,9,true,-80.1408
55,226,67,9,true,-88.6437
55.2,226,4294967295,10,true,-69.7371
55.2,226,50,10,true,-69.7371
55.2,226,51,10,true,-76.4529
55.2,226,66,10,true,-79.9326
55.4,226,4294967295,11,true,-83.4664
55.4,226,36,11,true,-83.4664
55.4,226,51,11,true,-75.4272
55.4,226,66,11,true,-71.1617
55.6,226,4294967295,12,true,-74.0204
55.6,226,50,12,true,-74.0204
55.6,226,51,12,true,-81.8314
55.6,226,52,12,true,-91.3899
55.6,226,65,12,true,-80.3574
55.6,226,66,12,true,-70.5265
55.6,226,81,12,true,-87.66
55.8,226,4294967295,13,true,-78.9113
55.8,226,50,13,true,-78.9113
55.8,226,51,13,true,-80.7634
55.8,226,65,13,true,-76.5001
55.8,226,66,13,true,-77.0641
55.8,226,81,13,true,-75.8061
56,226,4294967295,14,true,-66.9804
56,226,50,14,true,-66.9804
56,226,51,14,true,-89.4692
56,226,64,14,true,-85.6539
56,226,65,14,true,-75.0424
56,226,66,14,true,-86.61
56,226,81,14,true,-93.0125
56.2,226,4294967295,15,true,-84.494
56.2,226,49,15,true,-84.494
56.2,226,50,15,true,-76.3806
56.2,226,51,15,true,-93.9735
56.2,226,65,15,true,-65.9792
56.2,226,66,15,true,-94.7528
56.2,226,80,15,true,-75.3424
56.4,226,4294967295,16,true,-90.4041
56.4,226,49,16,true,-90.4041
56.4,226,50,16,true,-67.9371
56.4,226,51,16,true,-89.9749
56.4,226,64,16,true,-81.5539
56.4,226,65,16,true,-68.553
56.4,226,79,16,true,-94.066
56.6,226,4294967295,17,true,-75.7041
56.6,226,49,17,true,-75.7041
56.6,226,50,17,true,-83.8193
56.6,226,64,17,true,-72.6514
56.6,226,65,17,true,-65.4294
56.6,226,66,17,true,-94.2975
56.8,226,4294967295,18,true,-73.3371
56.8,226,49,18,true,-73.3371
56.8,226,50,18,true,-86.0892
56.8,226,63,18,true,-80.2148
56.8,226,64,18,true,-74.4987
56.8,226,65,18,true,-83.144
56.8,226,79,18,true,-84.5992
56.8,226,80,18,true,-89.5942
57,226,4294967295,19,true,-68.6008
57,226,49,19,true,-68.6008
57,226,63,19,true,-93.6771
57,226,64,19,true,-69.2255
57,226,65,19,true,-86.9999
57,226,80,19,true,-90.9566
57.2,226,4294967295,0,true,-92.4405
57.2,226,49,0,true,-92.4405
57.2,226,50,0,true,-89.1804
57.2,226,64,0,true,-68.8
57.2,226,65,0,true,-76.7018
57.2,226,79,0,true,-85.4795
57.4,226,4294967295,1,true,-91.3907
57.4,226,48,1,true,-91.3907
57.4,226,49,1,true,-82.1836
57.4,226,63,1,true,-87.9329
57.4,226,64,1,true,-68.8256
57.4,226,65,1,true,-82.3996
57.4,226,78,1,true,-84.9891
57.4,226,79,1,true,-80.2513
57.6,226,4294967295,2,true,-81.8401
57.6,226,49,2,true,-81.8401
57.6,226,63,2,true,-88.867
57.6,226,64,2,true,-68.5679
57.6,226,65,2,true,-71.1398
57.6,226,79,2,true,-86.4304
57.8,226,4294967295,3,true,-86.392
57.8,226,48,3,true,-86.392
57.8,226,49,3,true,-94.2855
57.8,226,63,3,true,-67.6591
57.8,226,64,3,true,-85.4632
57.8,226,78,3,true,-82.0843
57.8,226,79,3,true,-89.118
58,226,4294967295,4,true,-80.6955
58,226,48,4,true,-80.6955
58,226,63,4,true,-69.9119
58,226,64,4,true,-75.9933
58,226,78,4,true,-77.6243
58,226,79,4,true,-91.8896
58.2,226,4294967295,5,true,-84.413
58.2,226,48,5,true,-84.413
58.2,226,49,5,true,-84.3138
58.2,226,62,5,true,-76.238
58.2,226,63,5,true,-72.4242
58.2,226,64,5,true,-80.1945
58.2,226,78,5,true,-94.2799
58.2,226,79,5,true,-90.2593
58.4,226,4294967295,6,true,-79.7866
58.4,226,47,6,true,-79.7866
58.4,226,48,6,true,-89.749
58.4,226,62,6,true,-76.3835
58.4,226,63,6,true,-68.0177
58.4,226,64,6,true,-82.0353
58.4,226,77,6,true,-83.9465
58.4,226,78,6,true,-90.1362
58.4,226,79,6,true,-89.9306
58.6,226,4294967295,7,true,-86.1943
58.6,226,48,7,true,-86.1943
58.6,226,62,7,true,-77.3509
58.6,226,63,7,true,-77.3448
58.6,226,64,7,true,-83.3949
58.6,226,77,7,true,-93.7134
58.6,226,78,7,true,-73.7116
58.6,226,79,7,true,-85.2298
58.8,226,4294967295,8,true,-90.8753
58.8,226,47,8,true,-90.8753
58.8,226,62,8,true,-84.599
58.8,226,63,8,true,-76.2535
58.8,226,77,8,true,-89.0597
58.8,226,78,8,true,-72.6816
59,226,4294967295,9,true,-90.3476
59,226,47,9,true,-90.3476
59,226,48,9,true,-90.6043
59,226,62,9,true,-68.9251
59,226,63,9,true,-73.2119
59,226,77,9,true,-85.2985
59,226,78,9,true,-94.4252
59.2,226,4294967295,10,true,-78.8342
59.2,226,47,10,true,-78.8342
59.2,226,61,10,true,-91.3414
59.2,226,62,10,true,-77.2184
59.2,226,63,10,true,-71.9973
59.2,226,77,10,true,-81.6857
59.2,226,78,10,true,-81.0456
59.4,226,4294967295,11,true,-91.2367
59.4,226,47,11,true,-91.2367
59.4,226,61,11,true,-89.875
59.4,226,62,11,true,-69.9095
59.4,226,63,11,true,-88.2538
59.4,226,76,11,true,-89.0323
59.4,226,77,11,true,-82.2606
59.4,226,78,11,true,-74.7918
59.6,226,4294967295,12,true,-88.5093
59.6,226,61,12,true,-88.5093
59.6,226,62,12,true,-74.1015
59.6,226,63,12,true,-74.4846
59.6,226,76,12,true,-82.6363
59.6,226,77,12,true,-77.0687
59.6,226,78,12,true,-78.2295
59.8,226,4294967295,13,true,-81.8315
59.8,226,61,13,true,-81.8315
59.8,226,62,13,true,-67.5157
59.8,226,76,13,true,-86.8236
59.8,226,77,13,true,-73.2613
60,226,4294967295,14,true,-89.2505
60,226,61,14,true,-89.2505
60,226,62,14,true,-82.5097
60,226,75,14,true,-82.882
60,226,76,14,true,-79.9262
60,226,77,14,true,-70.2169
60.2,226,4294967295,15,true,-87.1239
60.2,226,60,15,true,-87.1239
60.2,226,61,15,true,-80.8921
60.2,226,62,15,true,-85.2767
60.2,226,75,15,true,-81.026
60.2,226,76,15,true,-74.1013
60.2,226,77,15,true,-87.8818
60.2,226,91,15,true,-88.0708
60.4,226,4294967295,16,true,-70.6638
60.4,226,60,16,true,-70.6638
60.4,226,61,16,true,-67.5425
60.4,226,62,16,true,-83.7866
60.4,226,75,16,true,-84.8987
60.4,226,76,16,true,-68.5624
60.4,226,77,16,true,-79.7094
60.4,226,91,16,true,-83.4385
60.6,226,4294967295,17,true,-86.8343
60.6,226,60,17,true,-86.8343
60.6,226,61,17,true,-80.4177
60.6,226,62,17,true,-91.7582
60.6,226,75,17,true,-79.0862
60.6,226,76,17,true,-70.2317
60.6,226,77,17,true,-94.8027
60.8,226,4294967295,18,true,-84.6764
60.8,226,60,18,true,-84.6764
60.8,226,61,18,true,-81.8451
60.8,226,75,18,true,-80.6575
60.8,226,76,18,true,-76.6333
60.8,226,77,18,true,-93.6201
60.8,226,90,18,true,-84.6094
60.8,226,91,18,true,-86.5059
61,226,4294967295,19,true,-84.1893
61,226,60,19,true,-84.1893
61,226,61,19,true,-91.2786
61,226,75,19,true,-72.2945
61,226,76,19,true,-83.2377
61,226,90,19,true,-91.4347
61,226,91,19,true,-73.1663
61.2,226,4294967295,0,true,-80.942
61.2,226,60,0,true,-80.942
61.2,226,61,0,true,-86.5042
61.2,226,75,0,true,-70.3152
61.2,226,76,0,true,-79.0022
61.2,226,90,0,true,-88.1092
61.2,226,91,0,true,-85.1241
61.4,226,4294967295,1,true,-77.0449
61.4,226,60,1,true,-77.0449
61.4,226,61,1,true,-91.7267
61.4,226,75,1,true,-70.8106
61.4,226,76,1,true,-87.6778
61.4,226,90,1,true,-68.7801
61.6,226,4294967295,2,true,-75.2526
61.6,226,60,2,true,-75.2526
61.6,226,61,2,true,-83.2673
61.6,226,75,2,true,-71.9301
61.6,226,76,2,true,-90.1841
61.6,226,90,2,true,-84.0892
61.8,226,4294967295,3,true,-92.5047
61.8,226,60,3,true,-92.5047
61.8,226,75,3,true,-64.5296
61.8,226,76,3,true,-83.4596
61.8,226,90,3,true,-77.3614
62,226,4294967295,4,true,-78.916
62,226,60,4,true,-78.916
62,226,75,4,true,-76.6695
62,226,76,4,true,-92.5089
62,226,90,4,true,-87.2836
62.2,226,4294967295,5,true,-89.2325
62.2,226,60,5,true,-89.2325
62.2,226,90,5,true,-77.5191
62.4,226,4294967295,6,true,-88.4984
62.4,226,60,6,true,-88.4984
62.4,226,75,6,true,-86.2942
62.4,226,90,6,true,-83.845
62.6,226,4294967295,7,true,-85.6593
62.6,226,60,7,true,-85.6593
62.6,226,75,7,true,-81.1826
62.6,226,90,7,true,-83.7905
62.8,226,4294967295,8,true,-85.1228
62.8,226,75,8,true,-85.1228
62.8,226,90,8,true,-79.5972
63,226,4294967295,9,false,0
63.2,226,4294967295,10,false,0
63.4,226,4294967295,11,false,0
63.6,226,4294967295,12,false,0
63.8,226,4294967295,13,false,0
64,226,4294967295,14,false,0
64.2,226,4294967295,15,false,0
64.4,226,4294967295,16,false,0
64.6,226,4294967295,17,false,0
64.8,226,4294967295,18,false,0
65,226,4294967295,19,false,0
65.2,226,4294967295,0,false,0
65.4,226,4294967295,1,false,0
65.6,226,4294967295,2,false,0
65.8,226,4294967295,3,false,0
66,226,4294967295,4,false,0
66.2,226,4294967295,5,false,0
66.4,226,4294967295,6,false,0
66.6,226,4294967295,7,false,0
66.8,226,4294967295,8,false,0
67,226,4294967295,9,false,0
67.2,226,4294967295,10,false,0
67.4,226,4294967295,11,false,0
67.6,226,4294967295,12,false,0
67.8,226,4294967295,13,false,0
68,226,4294967295,14,false,0
68.2,226,4294967295,15,false,0
68.4,226,4294967295,16,false,0
68.6,226,4294967295,17,false,0
68.8,226,4294967295,18,false,0
69,226,4294967295,19,false,0
69.2,226,4294967295,0,false,0
69.4,226,4294967295,1,false,0
69.6,226,4294967295,2,false,0
69.8,226,4294967295,3,false,0
70,226,4294967295,4,false,0
70.2,226,4294967295,5,false,0
70.4,226,4294967295,6,false,0
70.6,226,4294967295,7,false,0
70.8,226,4294967295,8,false,0
71,226,4294967295,9,false,0
71.2,226,4294967295,10,false,0
71.4,226,4294967295,11,false,0
71.6,226,4294967295,12,false,0
71.8,226,4294967295,13,false,0
72,226,4294967295,14,false,0
72.2,226,4294967295,15,false,0
72.4,226,4294967295,16,false,0
72.6,226,4294967295,17,false,0
72.8,226,4294967295,18,false,0
73,226,4294967295,19,false,0
73.2,226,4294967295,0,false,0
73.4,226,4294967295,1,false,0
73.6,226,4294967295,2,false,0
73.8,226,4294967295,3,false,0
74,226,4294967295,4,false,0
74.2,226,4294967295,5,false,0
74.4,226,4294967295,6,false,0
74.6,226,4294967295,7,false,0
74.8,226,4294967295,8,false,0
75,226,4294967295,9,false,0
75.2,226,4294967295,10,false,0
75.4,226,4294967295,11,false,0
75.6,226,4294967295,12,false,0
75.8,226,4294967295,13,false,0
76,226,4294967295,14,false,0
76.2,226,4294967295,15,false,0
76.4,226,4294967295,16,false,0
76.6,226,4294967295,17,false,0
76.8,226,4294967295,18,false,0
77,226,4294967295,19,false,0
77.2,226,4294967295,0,false,0
77.4,226,4294967295,1,false,0
77.6,226,4294967295,2,false,0
77.8,226,4294967295,3,false,0
78,226,4294967295,4,false,0
78.2,226,4294967295,5,false,0
78.4,226,4294967295,6,false,0
78.6,226,4294967295,7,false,0
78.8,226,4294967295,8,false,0
79,226,4294967295,9,false,0
79.2,226,4294967295,10,false,0
79.4,226,4294967295,11,false,0
79.6,226,4294967295,12,false,0
79.8,226,4294967295,13,false,0
80,226,4294967295,14,false,0
80.2,226,4294967295,15,false,0
80.4,226,4294967295,16,false,0
80.6,226,4294967295,17,false,0
80.8,226,4294967295,18,false,0
81,226,4294967295,19,false,0
81.2,226,4294967295,0,false,0
81.4,226,4294967295,1,false,0
81.6,226,4294967295,2,false,0
81.8,226,4294967295,3,false,0
82,226,4294967295,4,false,0
82.2,226,4294967295,5,false,0
82.4,226,4294967295,6,false,0
82.6,226,4294967295,7,false,0
82.8,226,4294967295,8,false,0
83,226,4294967295,9,false,0
83.2,226,4294967295,10,false,0
83.4,226,4294967295,11,false,0
83.6,226,4294967295,12,false,0
83.8,226,4294967295,13,false,0
84,226,4294967295,14,false,0
84.2,226,4294967295,15,false,0
84.4,226,4294967295,16,false,0
84.6,226,4294967295,17,false,0
84.8,226,4294967295,18,false,0
85,226,4294967295,19,false,0
85.2,226,4294967295,0,false,0
85.4,226,4294967295,1,false,0
85.6,226,4294967295,2,false,0
85.8,226,4294967295,3,false,0
86,226,4294967295,4,false,0
86.2,226,4294967295,5,false,0
86.4,226,4294967295,6,false,0
86.6,226,4294967295,7,false,0
86.8,226,4294967295,8,false,0
87,226,4294967295,9,false,0
87.2,226,4294967295,10,false,0
87.4,226,4294967295,11,false,0
87.6,226,4294967295,12,false,0
87.8,226,4294967295,13,false,0
88,226,4294967295,14,false,0
88.2,226,4294967295,15,false,0
88.4,226,4294967295,16,false,0
88.6,226,4294967295,17,false,0
88.8,226,4294967295,18,false,0
89,226,4294967295,19,false,0
89.2,226,4294967295,0,false,0
89.4,226,4294967295,1,false,0
89.6,226,4294967295,2,false,0
89.8,226,4294967295,3,false,0
90,226,4294967295,4,false,0
90.2,226,4294967295,5,false,0
90.4,226,4294967295,6,false,0
90.6,226,4294967295,7,false,0
90.8,226,4294967295,8,false,0
91,226,4294967295,9,false,0
91.2,226,4294967295,10,false,0
91.4,226,4294967295,11,false,0
91.6,226,4294967295,12,false,0
91.8,226,4294967295,13,false,0
92,226,4294967295,14,false,0
92.2,226,4294967295,15,false,0
92.4,226,4294967295,16,false,0
92.6,226,4294967295,17,false,0
92.8,226,4294967295,18,false,0
93,226,4294967295,19,false,0
93.2,226,4294967295,0,false,0
93.4,226,4294967295,1,false,0
93.6,226,4294967295,2,false,0
93.8,226,4294967295,3,false,0
94,226,4294967295,4,false,0
94.2,226,4294967295,5,false,0
94.4,226,4294967295,6,false,0
94.6,226,4294967295,7,false,0
94.8,226,4294967295,8,false,0
95,226,4294967295,9,false,0
95.2,226,4294967295,10,false,0
95.4,226,4294967295,11,false,0
95.6,226,4294967295,12,false,0
95.8,226,4294967295,13,false,0
96,226,4294967295,14,false,0
96.2,226,4294967295,15,false,0
96.4,226,4294967295,16,false,0
96.6,226,4294967295,17,false,0
96.8,226,4294967295,18,false,0
97,226,4294967295,19,false,0
97.2,226,4294967295,0,false,0
97.4,226,4294967295,1,false,0
97.6,226,4294967295,2,false,0
97.8,226,4294967295,3,false,0
98,226,4294967295,4,false,0
98.2,226,4294967295,5,false,0
98.4,226,4294967295,6,false,0
98.6,226,4294967295,7,false,0
98.8,226,4294967295,8,false,0
99,226,4294967295,9,false,0
99.2,226,4294967295,10,false,0
99.4,226,4294967295,11,false,0
99.6,226,4294967295,12,false,0
99.8,226,4294967295,13,false,0
100,226,4294967295,14,false,0
100.2,226,4294967295,15,false,0
100.4,226,4294967295,16,false,0
100.6,226,4294967295,17,false,0
100.8,226,4294967295,18,false,0
101,226,4294967295,19,false,0
101.2,226,4294967295,0,false,0
101.4,226,4294967295,1,false,0
101.6,226,4294967295,2,false,0
101.8,226,4294967295,3,false,0
102,226,4294967295,4,false,0
102.2,226,4294967295,5,false,0
102.4,226,4294967295,6,false,0
102.6,226,4294967295,7,false,0
102.8,226,4294967295,8,false,0
103,226,4294967295,9,false,0
103.2,226,4294967295,10,false,0
103.4,226,4294967295,11,false,0
103.6,226,4294967295,12,false,0
103.8,226,4294967295,13,false,0
104,226,4294967295,14,false,0
104.2,226,4294967295,15,false,0
104.4,226,4294967295,16,false,0
104.6,226,4294967295,17,false,0
104.8,226,4294967295,18,false,0
105,226,4294967295,19,false,0
105.2,226,4294967295,0,false,0
105.4,226,4294967295,1,false,0
105.6,226,4294967295,2,false,0
105.8,226,4294967295,3,false,0
106,226,4294967295,4,false,0
106.2,226,4294967295,5,false,0
106.4,226,4294967295,6,false,0
106.6,226,4294967295,7,false,0
106.8,226,4294967295,8,false,0
107,226,4294967295,9,false,0
107.2,226,4294967295,10,false,0
107.4,226,4294967295,11,false,0
107.6,226,4294967295,12,false,0
107.8,226,4294967295,13,false,0
108,226,4294967295,14,false,0
108.2,226,4294967295,15,false,0
108.4,226,4294967295,16,false,0
108.6,226,4294967295,17,false,0
108.8,226,4294967295,18,false,0
109,226,4294967295,19,false,0
109.2,226,4294967295,0,false,0
109.4,226,4294967295,1,false,0
109.6,226,4294967295,2,false,0
109.8,226,4294967295,3,false,0
110,226,4294967295,4,false,0
110.2,226,4294967295,5,false,0
110.4,226,4294967295,6,false,0
110.6,226,4294967295,7,false,0
110.8,226,4294967295,8,false,0
111,226,4294967295,9,false,0
111.2,226,4294967295,10,false,0
111.4,226,4294967295,11,false,0
111.6,226,4294967295,12,false,0
111.8,226,4294967295,13,false,0
112,226,4294967295,14,false,0
112.2,226,4294967295,15,false,0
112.4,226,4294967295,16,false,0
112.6,226,4294967295,17,false,0
112.8,226,4294967295,18,false,0
113,226,4294967295,19,false,0
113.2,226,4294967295,0,false,0
113.4,226,4294967295,1,false,0
113.6,226,4294967295,2,false,0
113.8,226,4294967295,3,false,0
114,226,4294967295,4,false,0
114.2,226,4294967295,5,false,0
114.4,226,4294967295,6,false,0
114.6,226,4294967295,7,false,0
114.8,226,4294967295,8,false,0
115,226,4294967295,9,false,0
115.2,226,4294967295,10,false,0
115.4,226,4294967295,11,false,0
115.6,226,4294967295,12,false,0
115.8,226,4294967295,13,false,0
116,226,4294967295,14,false,0
116.2,226,4294967295,15,false,0
116.4,226,4294967295,16,false,0
116.6,226,4294967295,17,false,0
116.8,226,4294967295,18,false,0
117,226,4294967295,19,false,0
117.2,226,4294967295,0,false,0
117.4,226,4294967295,1,false,0
117.6,226,4294967295,2,false,0
117.8,226,4294967295,3,false,0
118,226,4294967295,4,false,0
118.2,226,4294967295,5,false,0
118.4,226,4294967295,6,false,0
118.6,226,4294967295,7,false,0
118.8,226,4294967295,8,false,0
119,226,4294967295,9,false,0
119.2,226,4294967295,10,false,0
119.4,226,4294967295,11,false,0
119.6,226,4294967295,12,false,0
119.8,226,4294967295,13,false,0
120,226,4294967295,14,false,0
120.2,226,4294967295,15,false,0
120.4,226,4294967295,16,false,0
120.6,226,4294967295,17,false,0
120.8,226,4294967295,18,false,0
121,226,4294967295,19,false,0
121.2,226,4294967295,0,false,0
121.4,226,4294967295,1,false,0
121.6,226,4294967295,2,false,0
121.8,226,4294967295,3,false,0
122,226,4294967295,4,false,0
122.2,226,4294967295,5,false,0
122.4,226,4294967295,6,false,0
122.6,226,4294967295,7,false,0
122.8,226,4294967295,8,false,0
123,226,4294967295,9,false,0
123.2,226,4294967295,10,false,0
123.4,226,4294967295,11,false,0
123.6,226,4294967295,12,false,0
123.8,226,4294967295,13,false,0
124,226,4294967295,14,false,0
124.2,226,4294967295,15,false,0
124.4,226,4294967295,16,false,0
124.6,226,4294967295,17,false,0
124.8,226,4294967295,18,false,0
125,226,4294967295,19,false,0
125.2,226,4294967295,0,false,0
125.4,226,4294967295,1,false,0
125.6,226,4294967295,2,false,0
125.8,226,4294967295,3,false,0
126,226,4294967295,4,false,0
126.2,226,4294967295,5,false,0
126.4,226,4294967295,6,false,0
126.6,226,4294967295,7,false,0
126.8,226,4294967295,8,false,0
127,226,4294967295,9,false,0
127.2,226,4294967295,10,false,0
127.4,226,4294967295,11,false,0
127.6,226,4294967295,12,false,0
127.8,226,4294967295,13,false,0
128,226,4294967295,14,false,0
128.2,226,4294967295,15,false,0
128.4,226,4294967295,16,false,0
128.6,226,4294967295,17,false,0
128.8,226,4294967295,18,false,0
129,226,4294967295,19,false,0
129.2,226,4294967295,0,false,0
129.4,226,4294967295,1,false,0
129.6,226,4294967295,2,false,0
129.8,226,4294967295,3,false,0
130,226,4294967295,4,false,0
130.2,226,4294967295,5,false,0
130.4,226,4294967295,6,false,0
130.6,226,4294967295,7,false,0
130.8,226,4294967295,8,false,0
131,226,4294967295,9,false,0
131.2,226,4294967295,10,false,0
131.4,226,4294967295,11,false,0
131.6,226,4294967295,12,false,0
131.8,226,4294967295,13,false,0
132,226,4294967295,14,false,0
132.2,226,4294967295,15,false,0
132.4,226,4294967295,16,false,0
132.6,226,4294967295,17,false,0
132.8,226,4294967295,18,false,0
133,226,4294967295,19,false,0
133.2,226,4294967295,0,false,0
133.4,226,4294967295,1,false,0
133.6,226,4294967295,2,false,0
133.8,226,4294967295,3,false,0
134,226,4294967295,4,false,0
134.2,226,4294967295,5,false,0
134.4,226,4294967295,6,false,0
134.6,226,4294967295,7,false,0
134.8,226,4294967295,8,false,0
135,226,4294967295,9,false,0
135.2,226,4294967295,10,false,0
135.4,226,4294967295,11,false,0
135.6,226,4294967295,12,false,0
135.8,226,4294967295,13,false,0
136,226,4294967295,14,false,0
136.2,226,4294967295,15,false,0
136.4,226,4294967295,16,false,0
136.6,226,4294967295,17,false,0
136.8,226,4294967295,18,false,0
137,226,4294967295,19,false,0
137.2,226,4294967295,0,false,0
137.4,226,4294967295,1,false,0
137.6,226,4294967295,2,false,0
137.8,226,4294967295,3,false,0
138,226,4294967295,4,false,0
138.2,226,4294967295,5,false,0
138.4,226,4294967295,6,false,0
138.6,226,4294967295,7,false,0
138.8,226,4294967295,8,false,0
139,226,4294967295,9,false,0
139.2,226,4294967295,10,false,0
139.4,226,4294967295,11,false,0
139.6,226,4294967295,12,false,0
139.8,226,4294967295,13,false,0
140,226,4294967295,14,false,0
140.2,226,4294967295,15,false,0
140.4,226,4294967295,16,false,0
140.6,226,4294967295,17,false,0
140.8,226,4294967295,18,false,0
141,226,4294967295,19,false,0
141.2,226,4294967295,0,false,0
141.4,226,4294967295,1,false,0
141.6,226,4294967295,2,false,0
141.8,226,4294967295,3,false,0
142,226,4294967295,4,false,0
142.2,226,4294967295,5,false,0
142.4,226,4294967295,6,false,0
142.6,226,4294967295,7,false,0
142.8,226,4294967295,8,false,0
143,226,4294967295,9,false,0
143.2,226,4294967295,10,false,0
143.4,226,4294967295,11,false,0
143.6,226,4294967295,12,false,0
143.8,226,4294967295,13,false,0
144,226,4294967295,14,false,0
144.2,226,4294967295,15,false,0
144.4,226,4294967295,16,false,0
144.6,226,4294967295,17,false,0
144.8,226,4294967295,18,false,0
145,226,4294967295,19,false,0
145.2,226,4294967295,0,false,0
145.4,226,4294967295,1,false,0
145.6,226,4294967295,2,false,0
145.8,226,4294967295,3,false,0
146,226,4294967295,4,false,0
146.2,226,4294967295,5,false,0
146.4,226,4294967295,6,false,0
146.6,226,4294967295,7,false,0
146.8,226,4294967295,8,false,0
147,226,4294967295,9,false,0
147.2,226,4294967295,10,false,0
147.4,226,4294967295,11,false,0
147.6,226,4294967295,12,false,0
147.8,226,4294967295,13,false,0
148,226,4294967295,14,false,0
148.2,226,4294967295,15,false,0
148.4,226,4294967295,16,false,0
148.6,226,4294967295,17,false,0
148.8,226,4294967295,18,false,0
149,226,4294967295,19,false,0
149.2,226,4294967295,0,false,0
149.4,226,4294967295,1,false,0
149.6,226,4294967295,2,false,0
149.8,226,4294967295,3,false,0
150,226,4294967295,4,false,0
150.2,226,4294967295,5,false,0
150.4,226,4294967295,6,false,0
150.6,226,4294967295,7,false,0
150.8,226,4294967295,8,false,0
151,226,4294967295,9,false,0
151.2,226,4294967295,10,false,0
151.4,226,4294967295,11,false,0
151.6,226,4294967295,12,false,0
151.8,226,4294967295,13,false,0
152,226,4294967295,14,false,0
152.2,226,4294967295,15,false,0
152.4,226,4294967295,16,false,0
152.6,226,4294967295,17,false,0
152.8,226,4294967295,18,false,0
153,226,4294967295,19,false,0
153.2,226,4294967295,0,false,0
153.4,226,4294967295,1,false,0
153.6,226,4294967295,2,false,0
153.8,226,4294967295,3,false,0
154,226,4294967295,4,false,0
154.2,226,4294967295,5,false,0
154.4,226,4294967295,6,false,0
154.6,226,4294967295,7,false,0
154.8,226,4294967295,8,false,0
155,226,4294967295,9,false,0
155.2,226,4294967295,10,false,0
155.4,226,4294967295,11,false,0
155.6,226,4294967295,12,false,0
155.8,226,4294967295,13,false,0
156,226,4294967295,14,false,0
156.2,226,4294967295,15,false,0
156.4,226,4294967295,16,false,0
156.6,226,4294967295,17,false,0
156.8,226,4294967295,18,false,0
157,226,4294967295,19,false,0
157.2,226,4294967295,0,false,0
157.4,226,4294967295,1,false,0
157.6,226,4294967295,2,false,0
157.8,226,4294967295,3,false,0
158,226,4294967295,4,false,0
158.2,226,4294967295,5,false,0
158.4,226,4294967295,6,false,0
158.6,226,4294967295,7,false,0
158.8,226,4294967295,8,false,0
159,226,4294967295,9,false,0
159.2,226,4294967295,10,false,0
159.4,226,4294967295,11,false,0
159.6,226,4294967295,12,false,0
159.8,226,4294967295,13,false,0
160,226,4294967295,14,false,0
160.2,226,4294967295,15,false,0
160.4,226,4294967295,16,false,0
160.6,226,4294967295,17,false,0
160.8,226,4294967295,18,false,0
161,226,4294967295,19,false,0
161.2,226,4294967295,0,false,0
161.4,226,4294967295,1,false,0
161.6,226,4294967295,2,false,0
161.8,226,4294967295,3,false,0
162,226,4294967295,4,false,0
162.2,226,4294967295,5,false,0
162.4,226,4294967295,6,false,0
162.6,226,4294967295,7,false,0
162.8,226,4294967295,8,false,0
163,226,4294967295,9,false,0
163.2,226,4294967295,10,false,0
163.4,226,4294967295,11,false,0
163.6,226,4294967295,12,false,0
163.8,226,4294967295,13,false,0
164,226,4294967295,14,false,0
164.2,226,4294967295,15,false,0
164.4,226,4294967295,16,false,0
164.6,226,4294967295,17,false,0
164.8,226,4294967295,18,false,0
165,226,4294967295,19,false,0
165.2,226,4294967295,0,false,0
165.4,226,4294967295,1,false,0
165.6,226,4294967295,2,false,0
165.8,226,4294967295,3,false,0
166,226,4294967295,4,false,0
166.2,226,4294967295,5,false,0
166.4,226,4294967295,6,false,0
166.6,226,4294967295,7,false,0
166.8,226,4294967295,8,false,0
167,226,4294967295,9,false,0
167.2,226,4294967295,10,false,0
167.4,226,4294967295,11,false,0
167.6,226,4294967295,12,false,0
167.8,226,4294967295,13,false,0
168,226,4294967295,14,false,0
168.2,226,4294967295,15,false,0
168.4,226,4294967295,16,false,0
168.6,226,4294967295,17,false,0
168.8,226,4294967295,18,false,0
169,226,4294967295,19,false,0
169.2,226,4294967295,0,false,0
169.4,226,4294967295,1,false,0
169.6,226,4294967295,2,false,0
169.8,226,4294967295,3,false,0
170,226,4294967295,4,false,0
170.2,226,4294967295,5,false,0
170.4,226,4294967295,6,false,0
170.6,226,4294967295,7,false,0
170.8,226,4294967295,8,false,0
171,226,4294967295,9,false,0
171.2,226,4294967295,10,false,0
171.4,226,4294967295,11,false,0
171.6,226,4294967295,12,false,0
171.8,226,4294967295,13,false,0
172,226,4294967295,14,false,0
172.2,226,4294967295,15,false,0
172.4,226,4294967295,16,false,0
172.6,226,4294967295,17,false,0
172.8,226,4294967295,18,false,0
173,226,4294967295,19,false,0
173.2,226,4294967295,0,false,0
173.4,226,4294967295,1,false,0
173.6,226,4294967295,2,false,0
173.8,226,4294967295,3,false,0
174,226,4294967295,4,false,0
174.2,226,4294967295,5,false,0
174.4,226,4294967295,6,false,0
174.6,226,4294967295,7,false,0
174.8,226,4294967295,8,false,0
175,226,4294967295,9,false,0
175.2,226,4294967295,10,false,0
175.4,226,4294967295,11,false,0
175.6,226,4294967295,12,false,0
175.8,226,4294967295,13,false,0
176,226,4294967295,14,false,0
176.2,226,4294967295,15,false,0
176.4,226,4294967295,16,false,0
176.6,226,4294967295,17,false,0
176.8,226,4294967295,18,false,0
177,226,4294967295,19,false,0
177.2,226,4294967295,0,false,0
177.4,226,4294967295,1,false,0
177.6,226,4294967295,2,false,0
177.8,226,4294967295,3,false,0
178,226,4294967295,4,false,0
178.2,226,4294967295,5,false,0
178.4,226,4294967295,6,false,0
178.6,226,4294967295,7,false,0
178.8,226,4294967295,8,false,0
179,226,4294967295,9,false,0
179.2,226,4294967295,10,false,0
179.4,226,4294967295,11,false,0
179.6,226,4294967295,12,false,0
179.8,226,4294967295,13,false,0
180,226,4294967295,14,false,0
180.2,226,4294967295,15,false,0
180.4,226,4294967295,16,false,0
180.6,226,4294967295,17,false,0
180.8,226,4294967295,18,false,0
181,226,4294967295,19,false,0
181.2,226,4294967295,0,false,0
181.4,226,4294967295,1,false,0
181.6,226,4294967295,2,false,0
181.8,226,4294967295,3,false,0
182,226,4294967295,4,false,0
182.2,226,4294967295,5,false,0
182.4,226,4294967295,6,false,0
182.6,226,4294967295,7,false,0
182.8,226,4294967295,8,false,0
183,226,4294967295,9,false,0
183.2,226,4294967295,10,false,0
183.4,226,4294967295,11,false,0
183.6,226,4294967295,12,false,0
183.8,226,4294967295,13,false,0
184,226,4294967295,14,false,0
184.2,226,4294967295,15,false,0
184.4,226,4294967295,16,false,0
184.6,226,4294967295,17,false,0
184.8,226,4294967295,18,false,0
185,226,4294967295,19,false,0
185.2,226,4294967295,0,false,0
185.4,226,4294967295,1,false,0
185.6,226,4294967295,2,false,0
185.8,226,4294967295,3,false,0
186,226,4294967295,4,false,0
186.2,226,4294967295,5,false,0
186.4,226,4294967295,6,false,0
186.6,226,4294967295,7,false,0
186.8,226,4294967295,8,false,0
187,226,4294967295,9,false,0
187.2,226,4294967295,10,false,0
187.4,226,4294967295,11,false,0
187.6,226,4294967295,12,false,0
187.8,226,4294967295,13,false,0
188,226,4294967295,14,false,0
188.2,226,4294967295,15,false,0
188.4,226,4294967295,16,false,0
188.6,226,4294967295,17,false,0
188.8,226,4294967295,18,false,0
189,226,4294967295,19,false,0
189.2,226,4294967295,0,false,0
189.4,226,4294967295,1,false,0
189.6,226,4294967295,2,false,0
189.8,226,4294967295,3,false,0
190,226,4294967295,4,false,0
190.2,226,4294967295,5,false,0
190.4,226,4294967295,6,false,0
190.6,226,4294967295,7,false,0
190.8,226,4294967295,8,false,0
191,226,4294967295,9,false,0
191.2,226,4294967295,10,false,0
191.4,226,4294967295,11,false,0
191.6,226,4294967295,12,false,0
191.8,226,4294967295,13,false,0
192,226,4294967295,14,false,0
192.2,226,4294967295,15,false,0
192.4,226,4294967295,16,false,0
192.6,226,4294967295,17,false,0
192.8,226,4294967295,18,false,0
193,226,4294967295,19,false,0
193.2,226,4294967295,0,false,0
193.4,226,4294967295,1,false,0
193.6,226,4294967295,2,false,0
193.8,226,4294967295,3,false,0
194,226,4294967295,4,false,0
194.2,226,4294967295,5,false,0
194.4,226,4294967295,6,false,0
194.6,226,4294967295,7,false,0
194.8,226,4294967295,8,false,0
195,226,4294967295,9,false,0
195.2,226,4294967295,10,false,0
195.4,226,4294967295,11,false,0
195.6,226,4294967295,12,false,0
195.8,226,4294967295,13,false,0
196,226,4294967295,14,false,0
196.2,226,4294967295,15,false,0
196.4,226,4294967295,16,false,0
196.6,226,4294967295,17,false,0
196.8,226,4294967295,18,false,0
197,226,4294967295,19,false,0
197.2,226,4294967295,0,false,0
197.4,226,4294967295,1,false,0
197.6,226,4294967295,2,false,0
197.8,226,4294967295,3,false,0
198,226,4294967295,4,false,0
198.2,226,4294967295,5,false,0
198.4,226,4294967295,6,false,0
198.6,226,4294967295,7,false,0
198.8,226,4294967295,8,false,0
199,226,4294967295,9,false,0
199.2,226,4294967295,10,false,0
199.4,226,4294967295,11,false,0
199.6,226,4294967295,12,false,0
199.8,226,4294967295,13,false,0
200,226,4294967295,14,false,0
200.2,226,4294967295,15,false,0
200.4,226,4294967295,16,false,0
200.6,226,4294967295,17,false,0
200.8,226,4294967295,18,false,0
201,226,4294967295,19,false,0
201.2,226,4294967295,0,false,0
201.4,226,4294967295,1,false,0
201.6,226,4294967295,2,false,0
201.8,226,4294967295,3,false,0
202,226,4294967295,4,false,0
202.2,226,4294967295,5,false,0
202.4,226,4294967295,6,false,0
202.6,226,4294967295,7,false,0
202.8,226,4294967295,8,false,0
203,226,4294967295,9,false,0
203.2,226,4294967295,10,false,0
203.4,226,4294967295,11,false,0
203.6,226,4294967295,12,false,0
203.8,226,4294967295,13,false,0
204,226,4294967295,14,false,0
204.2,226,4294967295,15,false,0
204.4,226,4294967295,16,false,0
204.6,226,4294967295,17,false,0
204.8,226,4294967295,18,false,0
205,226,4294967295,19,false,0
205.2,226,4294967295,0,false,0
205.4,226,4294967295,1,false,0
205.6,226,4294967295,2,false,0
205.8,226,4294967295,3,false,0
206,226,4294967295,4,false,0
206.2,226,4294967295,5,false,0
206.4,226,4294967295,6,false,0
206.6,226,4294967295,7,false,0
206.8,226,4294967295,8,false,0
207,226,4294967295,9,false,0
207.2,226,4294967295,10,false,0
207.4,226,4294967295,11,false,0
207.6,226,4294967295,12,false,0
207.8,226,4294967295,13,false,0
208,226,4294967295,14,false,0
208.2,226,4294967295,15,false,0
208.4,226,4294967295,16,false,0
208.6,226,4294967295,17,false,0
208.8,226,4294967295,18,false,0
209,226,4294967295,19,false,0
209.2,226,4294967295,0,false,0
209.4,226,4294967295,1,false,0
209.6,226,4294967295,2,false,0
209.8,226,4294967295,3,false,0
210,226,4294967295,4,false,0
210.2,226,4294967295,5,false,0
210.4,226,4294967295,6,false,0
210.6,226,4294967295,7,false,0
210.8,226,4294967295,8,false,0
211,226,4294967295,9,false,0
211.2,226,4294967295,10,false,0
211.4,226,4294967295,11,false,0
211.6,226,4294967295,12,false,0
211.8,226,4294967295,13,false,0
212,226,4294967295,14,false,0
212.2,226,4294967295,15,false,0
212.4,226,4294967295,16,false,0
212.6,226,4294967295,17,false,0
212.8,226,4294967295,18,false,0
213,226,4294967295,19,false,0
213.2,226,4294967295,0,false,0
213.4,226,4294967295,1,false,0
213.6,226,4294967295,2,false,0
213.8,226,4294967295,3,false,0
214,226,4294967295,4,false,0
214.2,226,4294967295,5,false,0
214.4,226,4294967295,6,false,0
214.6,226,4294967295,7,false,0
214.8,226,4294967295,8,false,0
215,226,4294967295,9,false,0
215.2,226,4294967295,10,false,0
215.4,226,4294967295,11,false,0
215.6,226,4294967295,12,false,0
215.8,226,4294967295,13,false,0
216,226,4294967295,14,false,0
216.2,226,4294967295,15,false,0
216.4,226,4294967295,16,false,0
216.6,226,4294967295,17,false,0
216.8,226,4294967295,18,false,0
217,226,4294967295,19,false,0
217.2,226,4294967295,0,false,0
217.4,226,4294967295,1,false,0
217.6,226,4294967295,2,false,0
217.8,226,4294967295,3,false,0
218,226,4294967295,4,false,0
218.2,226,4294967295,5,false,0
218.4,226,4294967295,6,false,0
218.6,226,4294967295,7,false,0
218.8,226,4294967295,8,false,0
219,226,4294967295,9,false,0
219.2,226,4294967295,10,false,0
219.4,226,4294967295,11,false,0
219.6,226,4294967295,12,false,0
219.8,226,4294967295,13,false,0
220,226,4294967295,14,false,0
220.2,226,4294967295,15,false,0
220.4,226,4294967295,16,false,0
220.6,226,4294967295,17,false,0
220.8,226,4294967295,18,false,0
221,226,4294967295,19,false,0
221.2,226,4294967295,0,false,0
221.4,226,4294967295,1,false,0
221.6,226,4294967295,2,false,0
221.8,226,4294967295,3,false,0
222,226,4294967295,4,false,0
222.2,226,4294967295,5,false,0
222.4,226,4294967295,6,false,0
222.6,226,4294967295,7,false,0
222.8,226,4294967295,8,false,0
223,226,4294967295,9,false,0
223.2,226,4294967295,10,false,0
223.4,226,4294967295,11,false,0
223.6,226,4294967295,12,false,0
223.8,226,4294967295,13,false,0
224,226,4294967295,14,false,0
224.2,226,4294967295,15,false,0
224.4,226,4294967295,16,false,0
224.6,226,4294967295,17,false,0
224.8,226,4294967295,18,false,0
225,226,4294967295,19,false,0
225.2,226,4294967295,0,false,0
225.4,226,4294967295,1,false,0
225.6,226,4294967295,2,false,0
225.8,226,4294967295,3,false,0
226,226,4294967295,4,false,0
226.2,226,4294967295,5,false,0
226.4,226,4294967295,6,false,0
226.6,226,4294967295,7,false,0
226.8,226,4294967295,8,false,0
227,226,4294967295,9,false,0
227.2,226,4294967295,10,false,0
227.4,226,4294967295,11,false,0
227.6,226,4294967295,12,false,0
227.8,226,4294967295,13,false,0
228,226,4294967295,14,false,0
228.2,226,4294967295,15,false,0
228.4,226,4294967295,16,false,0
228.6,226,4294967295,17,false,0
228.8,226,4294967295,18,false,0
229,226,4294967295,19,false,0
229.2,226,4294967295,0,false,0
229.4,226,4294967295,1,false,0
229.6,226,4294967295,2,false,0
229.8,226,4294967295,3,false,0
230,226,4294967295,4,false,0
230.2,226,4294967295,5,false,0
230.4,226,4294967295,6,false,0
230.6,226,4294967295,7,false,0
230.8,226,4294967295,8,false,0
231,226,4294967295,9,false,0
231.2,226,4294967295,10,false,0
231.4,226,4294967295,11,false,0
231.6,226,4294967295,12,false,0
231.8,226,4294967295,13,false,0
232,226,4294967295,14,false,0
232.2,226,4294967295,15,false,0
232.4,226,4294967295,16,false,0
232.6,226,4294967295,17,false,0
232.8,226,4294967295,18,false,0
233,226,4294967295,19,false,0
233.2,226,4294967295,0,false,0
233.4,226,4294967295,1,false,0
233.6,226,4294967295,2,false,0
233.8,226,4294967295,3,false,0
234,226,4294967295,4,false,0
234.2,226,4294967295,5,false,0
234.4,226,4294967295,6,false,0
234.6,226,4294967295,7,false,0
234.8,226,4294967295,8,false,0
235,226,4294967295,9,false,0
235.2,226,4294967295,10,false,0
235.4,226,4294967295,11,false,0
235.6,226,4294967295,12,false,0
235.8,226,4294967295,13,false,0
236,226,4294967295,14,false,0
236.2,226,4294967295,15,false,0
236.4,226,4294967295,16,false,0
236.6,226,4294967295,17,false,0
236.8,226,4294967295,18,false,0
237,226,4294967295,19,false,0
237.2,226,4294967295,0,false,0
237.4,226,4294967295,1,false,0
237.6,226,4294967295,2,false,0
237.8,226,4294967295,3,false,0
238,226,4294967295,4,false,0
238.2,226,4294967295,5,false,0
238.4,226,4294967295,6,false,0
238.6,226,4294967295,7,false,0
238.8,226,4294967295,8,false,0
239,226,4294967295,9,false,0
239.2,226,4294967295,10,false,0
239.4,226,4294967295,11,false,0
239.6,226,4294967295,12,false,0
239.8,226,4294967295,13,false,0
240,226,4294967295,14,false,0
240.2,226,4294967295,15,false,0
240.4,226,4294967295,16,false,0
240.6,226,4294967295,17,false,0
240.8,226,4294967295,18,false,0
241,226,4294967295,19,false,0
241.2,226,4294967295,0,false,0
241.4,226,4294967295,1,false,0
241.6,226,4294967295,2,false,0
241.8,226,4294967295,3,false,0
242,226,4294967295,4,false,0
242.2,226,4294967295,5,false,0
242.4,226,4294967295,6,false,0
242.6,226,4294967295,7,false,0
242.8,226,4294967295,8,false,0
243,226,4294967295,9,false,0
243.2,226,4294967295,10,false,0
243.4,226,4294967295,11,false,0
243.6,226,4294967295,12,false,0
243.8,226,4294967295,13,false,0
244,226,4294967295,14,false,0
244.2,226,4294967295,15,false,0
244.4,226,4294967295,16,false,0
244.6,226,4294967295,17,false,0
244.8,226,4294967295,18,false,0
245,226,4294967295,19,false,0
245.2,226,4294967295,0,false,0
245.4,226,4294967295,1,false,0
245.6,226,4294967295,2,false,0
245.8,226,4294967295,3,false,0
246,226,4294967295,4,false,0
246.2,226,4294967295,5,false,0
246.4,226,4294967295,6,false,0
246.6,226,4294967295,7,false,0
246.8,226,4294967295,8,false,0
247,226,4294967295,9,false,0
247.2,226,4294967295,10,false,0
247.4,226,4294967295,11,false,0
247.6,226,4294967295,12,false,0
247.8,226,4294967295,13,false,0
248,226,4294967295,14,false,0
248.2,226,4294967295,15,false,0
248.4,226,4294967295,16,false,0
248.6,226,4294967295,17,false,0
248.8,226,4294967295,18,false,0
249,226,4294967295,19,false,0
249.2,226,4294967295,0,false,0
249.4,226,4294967295,1,false,0
249.6,226,4294967295,2,false,0
249.8,226,4294967295,3,false,0
250,226,4294967295,4,false,0
250.2,226,4294967295,5,false,0
250.4,226,4294967295,6,false,0
250.6,226,4294967295,7,false,0
250.8,226,4294967295,8,false,0
251,226,4294967295,9,false,0
251.2,226,4294967295,10,false,0
251.4,226,4294967295,11,false,0
251.6,226,4294967295,12,false,0
251.8,226,4294967295,13,false,0
252,226,4294967295,14,false,0
252.2,226,4294967295,15,false,0
252.4,226,4294967295,16,false,0
252.6,226,4294967295,17,false,0
252.8,226,4294967295,18,false,0
253,226,4294967295,19,false,0
253.2,226,4294967295,0,false,0
253.4,226,4294967295,1,false,0
253.6,226,4294967295,2,false,0
253.8,226,4294967295,3,false,0
254,226,4294967295,4,false,0
254.2,226,4294967295,5,false,0
254.4,226,4294967295,6,false,0
254.6,226,4294967295,7,false,0
254.8,226,4294967295,8,false,0
255,226,4294967295,9,false,0
255.2,226,4294967295,10,false,0
255.4,226,4294967295,11,false,0
255.6,226,4294967295,12,false,0
255.8,226,4294967295,13,false,0
256,226,4294967295,14,false,0
256.2,226,4294967295,15,false,0
256.4,226,4294967295,16,false,0
256.6,226,4294967295,17,false,0
256.8,226,4294967295,18,false,0
257,226,4294967295,19,false,0
257.2,226,4294967295,0,false,0
257.4,226,4294967295,1,false,0
257.6,226,4294967295,2,false,0
257.8,226,4294967295,3,false,0
258,226,4294967295,4,false,0
258.2,226,4294967295,5,false,0
258.4,226,4294967295,6,false,0
258.6,226,4294967295,7,false,0
258.8,226,4294967295,8,false,0
259,226,4294967295,9,false,0
259.2,226,4294967295,10,false,0
259.4,226,4294967295,11,false,0
259.6,226,4294967295,12,false,0
259.8,226,4294967295,13,false,0
260,226,4294967295,14,false,0
260.2,226,4294967295,15,false,0
260.4,226,4294967295,16,false,0
260.6,226,4294967295,17,false,0
260.8,226,4294967295,18,false,0
261,226,4294967295,19,false,0
261.2,226,4294967295,0,false,0
261.4,226,4294967295,1,false,0
261.6,226,4294967295,2,false,0
261.8,226,4294967295,3,false,0
262,226,4294967295,4,false,0
262.2,226,4294967295,5,false,0
262.4,226,4294967295,6,false,0
262.6,226,4294967295,7,false,0
262.8,226,4294967295,8,false,0
263,226,4294967295,9,false,0
263.2,226,4294967295,10,false,0
263.4,226,4294967295,11,false,0
263.6,226,4294967295,12,false,0
263.8,226,4294967295,13,false,0
264,226,4294967295,14,false,0
264.2,226,4294967295,15,false,0
264.4,226,4294967295,16,false,0
264.6,226,4294967295,17,false,0
264.8,226,4294967295,18,false,0
265,226,4294967295,19,false,0
265.2,226,4294967295,0,false,0
265.4,226,4294967295,1,false,0
265.6,226,4294967295,2,false,0
265.8,226,4294967295,3,false,0
266,226,4294967295,4,false,0
266.2,226,4294967295,5,false,0
266.4,226,4294967295,6,false,0
266.6,226,4294967295,7,false,0
266.8,226,4294967295,8,false,0
267,226,4294967295,9,false,0
267.2,226,4294967295,10,false,0
267.4,226,4294967295,11,false,0
267.6,226,4294967295,12,false,0
267.8,226,4294967295,13,false,0
268,226,4294967295,14,false,0
268.2,226,4294967295,15,false,0
268.4,226,4294967295,16,false,0
268.6,226,4294967295,17,false,0
268.8,226,4294967295,18,false,0
269,226,4294967295,19,false,0
269.2,226,4294967295,0,false,0
269.4,226,4294967295,1,false,0
269.6,226,4294967295,2,false,0
269.8,226,4294967295,3,false,0
270,226,4294967295,4,false,0
270.2,226,4294967295,5,false,0
270.4,226,4294967295,6,false,0
270.6,226,4294967295,7,false,0
270.8,226,4294967295,8,false,0
271,226,4294967295,9,false,0
271.2,226,4294967295,10,false,0
271.4,226,4294967295,11,false,0
271.6,226,4294967295,12,false,0
271.8,226,4294967295,13,false,0
272,226,4294967295,14,false,0
272.2,226,4294967295,15,false,0
272.4,226,4294967295,16,false,0
272.6,226,4294967295,17,false,0
272.8,226,4294967295,18,false,0
273,226,4294967295,19,false,0
273.2,226,4294967295,0,false,0
273.4,226,4294967295,1,false,0
273.6,226,4294967295,2,false,0
273.8,226,4294967295,3,false,0
274,226,4294967295,4,false,0
274.2,226,4294967295,5,false,0
274.4,226,4294967295,6,false,0
274.6,226,4294967295,7,false,0
274.8,226,4294967295,8,false,0
275,226,4294967295,9,false,0
275.2,226,4294967295,10,false,0
275.4,226,4294967295,11,false,0
275.6,226,4294967295,12,false,0
275.8,226,4294967295,13,false,0
276,226,4294967295,14,false,0
276.2,226,4294967295,15,false,0
276.4,226,4294967295,16,false,0
276.6,226,4294967295,17,false,0
276.8,226,4294967295,18,false,0
277,226,4294967295,19,false,0
277.2,226,4294967295,0,false,0
277.4,226,4294967295,1,false,0
277.6,226,4294967295,2,false,0
277.8,226,4294967295,3,false,0
278,226,4294967295,4,false,0
278.2,226,4294967295,5,false,0
278.4,226,4294967295,6,false,0
278.6,226,4294967295,7,false,0
278.8,226,4294967295,8,false,0
279,226,4294967295,9,false,0
279.2,226,4294967295,10,false,0
279.4,226,4294967295,11,false,0
279.6,226,4294967295,12,false,0
279.8,226,4294967295,13,false,0
280,226,4294967295,14,false,0
280.2,226,4294967295,15,false,0
280.4,226,4294967295,16,false,0
280.6,226,4294967295,17,false,0
280.8,226,4294967295,18,false,0
281,226,4294967295,19,false,0
281.2,226,4294967295,0,false,0
281.4,226,4294967295,1,false,0
281.6,226,4294967295,2,false,0
281.8,226,4294967295,3,false,0
282,226,4294967295,4,false,0
282.2,226,4294967295,5,false,0
282.4,226,4294967295,6,false,0
282.6,226,4294967295,7,false,0
282.8,226,4294967295,8,false,0
283,226,4294967295,9,false,0
283.2,226,4294967295,10,false,0
283.4,226,4294967295,11,false,0
283.6,226,4294967295,12,false,0
283.8,226,4294967295,13,false,0
284,226,4294967295,14,false,0
284.2,226,4294967295,15,false,0
284.4,226,4294967295,16,false,0
284.6,226,4294967295,17,false,0
284.8,226,4294967295,18,false,0
285,226,4294967295,19,false,0
285.2,226,4294967295,0,false,0
285.4,226,4294967295,1,false,0
285.6,226,4294967295,2,false,0
285.8,226,4294967295,3,false,0
286,226,4294967295,4,false,0
286.2,226,4294967295,5,false,0
286.4,226,4294967295,6,false,0
286.6,226,4294967295,7,false,0
286.8,226,4294967295,8,false,0
287,226,4294967295,9,false,0
287.2,226,4294967295,10,false,0
287.4,226,4294967295,11,false,0
287.6,226,4294967295,12,false,0
287.8,226,4294967295,13,false,0
288,226,4294967295,14,false,0
288.2,226,4294967295,15,false,0
288.4,226,4294967295,16,false,0
288.6,226,4294967295,17,false,0
288.8,226,4294967295,18,false,0
289,226,4294967295,19,false,0
289.2,226,4294967295,0,false,0
289.4,226,4294967295,1,false,0
289.6,226,4294967295,2,false,0
289.8,226,4294967295,3,false,0
290,226,4294967295,4,false,0
290.2,226,4294967295,5,false,0
290.4,226,4294967295,6,false,0
290.6,226,4294967295,7,false,0
290.8,226,4294967295,8,false,0
291,226,4294967295,9,false,0
291.2,226,4294967295,10,false,0
291.4,226,4294967295,11,false,0
291.6,226,4294967295,12,false,0
291.8,226,4294967295,13,false,0
292,226,4294967295,14,false,0
292.2,226,4294967295,15,false,0
292.4,226,4294967295,16,false,0
292.6,226,4294967295,17,false,0
292.8,226,4294967295,18,false,0
293,226,4294967295,19,false,0
293.2,226,4294967295,0,false,0
293.4,226,4294967295,1,false,0
293.6,226,4294967295,2,false,0
293.8,226,4294967295,3,false,0
294,226,4294967295,4,false,0
294.2,226,4294967295,5,false,0
294.4,226,4294967295,6,false,0
294.6,226,4294967295,7,false,0
294.8,226,4294967295,8,false,0
295,226,4294967295,9,false,0
295.2,226,4294967295,10,false,0
295.4,226,4294967295,11,false,0
295.6,226,4294967295,12,false,0
295.8,226,4294967295,13,false,0
296,226,4294967295,14,false,0
296.2,226,4294967295,15,false,0
296.4,226,4294967295,16,false,0
296.6,226,4294967295,17,false,0
296.8,226,4294967295,18,false,0
297,226,4294967295,19,false,0
297.2,226,4294967295,0,false,0
297.4,226,4294967295,1,false,0
297.6,226,4294967295,2,false,0
297.8,226,4294967295,3,false,0
298,226,4294967295,4,false,0
298.2,226,4294967295,5,false,0
298.4,226,4294967295,6,false,0
298.6,226,4294967295,7,false,0
298.8,226,4294967295,8,false,0
299,226,4294967295,9,false,0
299.2,226,4294967295,10,false,0
299.4,226,4294967295,11,false,0
299.6,226,4294967295,12,false,0
299.8,226,4294967295,13,false,0
