alpha,fading,pass,node,lateralM,received,longest,runStart,runEnd,altM,drefM
3.00,rician,1,1,900,1777,20,4155,4174,200,100
3.00,rician,1,2,600,2931,39,3802,3840,200,100
3.00,rician,1,3,300,3702,131,3731,3861,200,100
3.00,rician,1,4,0,3864,515,3648,4162,200,100
3.00,rician,1,5,300,3705,220,4081,4300,200,100
3.00,rician,1,6,600,2980,38,4252,4289,200,100
3.00,rician,1,7,900,1718,14,3575,3588,200,100
3.00,rician,2,1,900,1730,13,4076,4088,200,100
3.00,rician,2,2,600,2957,42,4059,4100,200,100
3.00,rician,2,3,300,3706,124,4054,4177,200,100
3.00,rician,2,4,0,3984,419,4204,4622,200,100
3.00,rician,2,5,300,3715,170,4215,4384,200,100
3.00,rician,2,6,600,3018,47,4035,4081,200,100
3.00,rician,2,7,900,1709,13,3453,3465,200,100
3.00,rician,3,1,900,1700,12,4004,4015,200,100
3.00,rician,3,2,600,3013,54,3905,3958,200,100
3.00,rician,3,3,300,3719,128,4492,4619,200,100
3.00,rician,3,4,0,3914,458,3909,4366,200,100
3.00,rician,3,5,300,3719,157,3502,3658,200,100
3.00,rician,3,6,600,3022,43,3924,3966,200,100
3.00,rician,3,7,900,1758,15,4524,4538,200,100
3.00,rician,4,1,900,1770,12,2994,3005,200,100
3.00,rician,4,2,600,2974,38,3885,3922,200,100
3.00,rician,4,3,300,3700,157,3630,3786,200,100
3.00,rician,4,4,0,3944,436,3591,4026,200,100
3.00,rician,4,5,300,3714,173,3793,3965,200,100
3.00,rician,4,6,600,2973,69,4184,4252,200,100
3.00,rician,4,7,900,1757,10,3908,3917,200,100
3.00,rician,5,1,900,1785,13,4055,4067,200,100
3.00,rician,5,2,600,2984,70,3751,3820,200,100
3.00,rician,5,3,300,3728,172,3620,3791,200,100
3.00,rician,5,4,0,3912,411,4116,4526,200,100
3.00,rician,5,5,300,3706,126,3693,3818,200,100
3.00,rician,5,6,600,2968,36,4280,4315,200,100
3.00,rician,5,7,900,1752,18,4660,4677,200,100
3.00,rician,6,1,900,1799,11,3831,3841,200,100
3.00,rician,6,2,600,2997,49,4115,4163,200,100
3.00,rician,6,3,300,3695,143,4472,4614,200,100
3.00,rician,6,4,0,3924,318,4144,4461,200,100
3.00,rician,6,5,300,3669,107,3974,4080,200,100
3.00,rician,6,6,600,2969,41,3781,3821,200,100
3.00,rician,6,7,900,1775,13,4105,4117,200,100
3.00,rician,7,1,900,1739,11,3993,4003,200,100
3.00,rician,7,2,600,2988,33,4588,4620,200,100
3.00,rician,7,3,300,3674,131,3861,3991,200,100
3.00,rician,7,4,0,3943,482,3465,3946,200,100
3.00,rician,7,5,300,3768,435,3648,4082,200,100
3.00,rician,7,6,600,2963,32,4000,4031,200,100
3.00,rician,7,7,900,1722,12,4343,4354,200,100
3.00,rician,8,1,900,1736,10,4612,4621,200,100
3.00,rician,8,2,600,2944,47,4479,4525,200,100
3.00,rician,8,3,300,3667,155,4278,4432,200,100
3.00,rician,8,4,0,3881,272,3582,3853,200,100
3.00,rician,8,5,300,3713,124,4222,4345,200,100
3.00,rician,8,6,600,2990,37,4121,4157,200,100
3.00,rician,8,7,900,1745,18,3796,3813,200,100
3.00,rician,9,1,900,1790,13,4044,4056,200,100
3.00,rician,9,2,600,2960,32,3530,3561,200,100
3.00,rician,9,3,300,3716,147,3975,4121,200,100
3.00,rician,9,4,0,3935,387,3863,4249,200,100
3.00,rician,9,5,300,3681,161,3945,4105,200,100
3.00,rician,9,6,600,3042,51,3389,3439,200,100
3.00,rician,9,7,900,1751,15,3490,3504,200,100
3.00,rician,10,1,900,1696,13,4484,4496,200,100
3.00,rician,10,2,600,3004,51,3988,4038,200,100
3.00,rician,10,3,300,3733,165,3586,3750,200,100
3.00,rician,10,4,0,3928,347,3983,4329,200,100
3.00,rician,10,5,300,3750,233,4088,4320,200,100
3.00,rician,10,6,600,3011,59,3609,3667,200,100
3.00,rician,10,7,900,1743,15,4274,4288,200,100
3.00,rician,11,1,900,1781,13,4104,4116,200,100
3.00,rician,11,2,600,2945,51,4357,4407,200,100
3.00,rician,11,3,300,3698,105,4270,4374,200,100
3.00,rician,11,4,0,3942,299,3889,4187,200,100
3.00,rician,11,5,300,3667,97,3464,3560,200,100
3.00,rician,11,6,600,3070,47,3335,3381,200,100
3.00,rician,11,7,900,1773,14,3919,3932,200,100
3.00,rician,12,1,900,1713,9,3155,3163,200,100
3.00,rician,12,2,600,2971,41,4194,4234,200,100
3.00,rician,12,3,300,3686,195,4132,4326,200,100
3.00,rician,12,4,0,3917,834,3516,4349,200,100
3.00,rician,12,5,300,3709,277,3973,4249,200,100
3.00,rician,12,6,600,2988,37,4245,4281,200,100
3.00,rician,12,7,900,1680,11,3399,3409,200,100
3.00,rician,13,1,900,1760,11,4592,4602,200,100
3.00,rician,13,2,600,2987,51,4248,4298,200,100
3.00,rician,13,3,300,3713,112,3923,4034,200,100
3.00,rician,13,4,0,3913,423,3660,4082,200,100
3.00,rician,13,5,300,3748,165,4132,4296,200,100
3.00,rician,13,6,600,2931,43,3945,3987,200,100
3.00,rician,13,7,900,1742,11,4115,4125,200,100
3.00,rician,14,1,900,1808,16,4023,4038,200,100
3.00,rician,14,2,600,2997,66,4623,4688,200,100
3.00,rician,14,3,300,3711,159,3697,3855,200,100
3.00,rician,14,4,0,3908,810,3357,4166,200,100
3.00,rician,14,5,300,3701,124,3671,3794,200,100
3.00,rician,14,6,600,2983,74,3741,3814,200,100
3.00,rician,14,7,900,1795,18,3973,3990,200,100
3.00,rician,15,1,900,1775,11,3838,3848,200,100
3.00,rician,15,2,600,3005,44,3933,3976,200,100
3.00,rician,15,3,300,3743,239,3673,3911,200,100
3.00,rician,15,4,0,3903,581,3728,4308,200,100
3.00,rician,15,5,300,3710,212,4044,4255,200,100
3.00,rician,15,6,600,2976,42,4090,4131,200,100
3.00,rician,15,7,900,1733,12,4104,4115,200,100
3.00,rician,16,1,900,1754,11,3947,3957,200,100
3.00,rician,16,2,600,3014,45,3840,3884,200,100
3.00,rician,16,3,300,3763,126,3724,3849,200,100
3.00,rician,16,4,0,3891,377,4166,4542,200,100
3.00,rician,16,5,300,3739,141,4095,4235,200,100
3.00,rician,16,6,600,2917,40,3948,3987,200,100
3.00,rician,16,7,900,1793,13,3690,3702,200,100
3.00,rician,17,1,900,1719,13,4386,4398,200,100
3.00,rician,17,2,600,3017,49,4402,4450,200,100
3.00,rician,17,3,300,3686,159,3691,3849,200,100
3.00,rician,17,4,0,3941,453,3444,3896,200,100
3.00,rician,17,5,300,3687,216,4110,4325,200,100
3.00,rician,17,6,600,2988,47,3562,3608,200,100
3.00,rician,17,7,900,1798,11,4243,4253,200,100
3.00,rician,18,1,900,1784,12,3729,3740,200,100
3.00,rician,18,2,600,3019,42,3870,3911,200,100
3.00,rician,18,3,300,3736,202,3530,3731,200,100
3.00,rician,18,4,0,3981,498,3784,4281,200,100
3.00,rician,18,5,300,3697,179,3692,3870,200,100
3.00,rician,18,6,600,2942,43,3813,3855,200,100
3.00,rician,18,7,900,1745,14,3832,3845,200,100
3.00,rician,19,1,900,1783,14,3644,3657,200,100
3.00,rician,19,2,600,3037,42,3115,3156,200,100
3.00,rician,19,3,300,3686,142,3963,4104,200,100
3.00,rician,19,4,0,3920,298,3719,4016,200,100
3.00,rician,19,5,300,3701,139,4059,4197,200,100
3.00,rician,19,6,600,3019,36,4392,4427,200,100
3.00,rician,19,7,900,1729,12,4206,4217,200,100
3.00,rician,20,1,900,1730,11,4030,4040,200,100
3.00,rician,20,2,600,2981,39,4633,4671,200,100
3.00,rician,20,3,300,3695,186,3683,3868,200,100
3.00,rician,20,4,0,3900,426,4011,4436,200,100
3.00,rician,20,5,300,3672,109,3572,3680,200,100
3.00,rician,20,6,600,2968,46,3356,3401,200,100
3.00,rician,20,7,900,1746,14,3856,3869,200,100
3.00,rician,21,1,900,1714,12,4358,4369,200,100
3.00,rician,21,2,600,2949,54,4324,4377,200,100
3.00,rician,21,3,300,3753,136,3983,4118,200,100
3.00,rician,21,4,0,3947,515,3407,3921,200,100
3.00,rician,21,5,300,3684,164,3842,4005,200,100
3.00,rician,21,6,600,2975,40,4264,4303,200,100
3.00,rician,21,7,900,1786,13,4628,4640,200,100
3.00,rician,22,1,900,1759,13,3823,3835,200,100
3.00,rician,22,2,600,2997,38,4068,4105,200,100
3.00,rician,22,3,300,3723,150,3662,3811,200,100
3.00,rician,22,4,0,3906,630,3640,4269,200,100
3.00,rician,22,5,300,3718,243,3736,3978,200,100
3.00,rician,22,6,600,2992,33,4495,4527,200,100
3.00,rician,22,7,900,1769,12,3527,3538,200,100
3.00,rician,23,1,900,1768,15,4062,4076,200,100
3.00,rician,23,2,600,2981,41,3983,4023,200,100
3.00,rician,23,3,300,3722,120,3601,3720,200,100
3.00,rician,23,4,0,3984,555,3503,4057,200,100
3.00,rician,23,5,300,3691,177,4470,4646,200,100
3.00,rician,23,6,600,3036,39,4324,4362,200,100
3.00,rician,23,7,900,1788,12,3330,3341,200,100
3.00,rician,24,1,900,1761,11,4190,4200,200,100
3.00,rician,24,2,600,3004,36,4067,4102,200,100
3.00,rician,24,3,300,3703,218,4290,4507,200,100
3.00,rician,24,4,0,3957,538,3318,3855,200,100
3.00,rician,24,5,300,3706,158,4197,4354,200,100
3.00,rician,24,6,600,2979,34,3752,3785,200,100
3.00,rician,24,7,900,1779,13,3391,3403,200,100
3.00,rician,25,1,900,1730,12,3628,3639,200,100
3.00,rician,25,2,600,3027,44,3625,3668,200,100
3.00,rician,25,3,300,3749,181,3546,3726,200,100
3.00,rician,25,4,0,3927,223,3213,3435,200,100
3.00,rician,25,5,300,3753,182,4009,4190,200,100
3.00,rician,25,6,600,2978,43,4035,4077,200,100
3.00,rician,25,7,900,1737,14,3327,3340,200,100
3.00,rician,26,1,900,1744,12,4294,4305,200,100
3.00,rician,26,2,600,2972,57,3985,4041,200,100
3.00,rician,26,3,300,3734,139,3661,3799,200,100
3.00,rician,26,4,0,3920,267,3762,4028,200,100
3.00,rician,26,5,300,3765,173,3761,3933,200,100
3.00,rician,26,6,600,2977,34,3454,3487,200,100
3.00,rician,26,7,900,1761,14,4485,4498,200,100
3.00,rician,27,1,900,1739,11,3508,3518,200,100
3.00,rician,27,2,600,3006,38,4029,4066,200,100
3.00,rician,27,3,300,3706,135,4137,4271,200,100
3.00,rician,27,4,0,3918,543,4024,4566,200,100
3.00,rician,27,5,300,3718,180,3671,3850,200,100
3.00,rician,27,6,600,3050,41,3600,3640,200,100
3.00,rician,27,7,900,1783,16,4002,4017,200,100
3.00,rician,28,1,900,1734,11,4087,4097,200,100
3.00,rician,28,2,600,2993,55,4163,4217,200,100
3.00,rician,28,3,300,3681,207,3657,3863,200,100
3.00,rician,28,4,0,3907,570,3692,4261,200,100
3.00,rician,28,5,300,3718,180,3408,3587,200,100
3.00,rician,28,6,600,3000,47,3871,3917,200,100
3.00,rician,28,7,900,1727,11,3962,3972,200,100
3.00,rician,29,1,900,1747,22,3766,3787,200,100
3.00,rician,29,2,600,2981,93,4091,4183,200,100
3.00,rician,29,3,300,3727,156,3860,4015,200,100
3.00,rician,29,4,0,3917,717,3858,4574,200,100
3.00,rician,29,5,300,3749,146,3816,3961,200,100
3.00,rician,29,6,600,2986,57,3742,3798,200,100
3.00,rician,29,7,900,1708,10,3314,3323,200,100
3.00,rician,30,1,900,1741,13,3267,3279,200,100
3.00,rician,30,2,600,2961,46,3858,3903,200,100
3.00,rician,30,3,300,3739,301,3914,4214,200,100
3.00,rician,30,4,0,3897,242,3840,4081,200,100
3.00,rician,30,5,300,3728,121,3821,3941,200,100
3.00,rician,30,6,600,2976,42,4250,4291,200,100
3.00,rician,30,7,900,1723,14,3657,3670,200,100
3.00,rician,31,1,900,1787,14,3153,3166,200,100
3.00,rician,31,2,600,2968,45,3679,3723,200,100
3.00,rician,31,3,300,3741,98,3987,4084,200,100
3.00,rician,31,4,0,3903,421,3985,4405,200,100
3.00,rician,31,5,300,3679,178,3755,3932,200,100
3.00,rician,31,6,600,2970,39,3599,3637,200,100
3.00,rician,31,7,900,1765,10,4766,4775,200,100
3.00,rician,32,1,900,1798,14,3852,3865,200,100
3.00,rician,32,2,600,3007,48,4574,4621,200,100
3.00,rician,32,3,300,3724,142,4110,4251,200,100
3.00,rician,32,4,0,3963,630,3687,4316,200,100
3.00,rician,32,5,300,3713,161,4279,4439,200,100
3.00,rician,32,6,600,2976,42,3826,3867,200,100
3.00,rician,32,7,900,1783,14,3704,3717,200,100
3.00,rician,33,1,900,1758,13,3919,3931,200,100
3.00,rician,33,2,600,2969,28,3956,3983,200,100
3.00,rician,33,3,300,3721,139,4322,4460,200,100
3.00,rician,33,4,0,3880,279,3822,4100,200,100
3.00,rician,33,5,300,3703,174,3779,3952,200,100
3.00,rician,33,6,600,2999,47,3991,4037,200,100
3.00,rician,33,7,900,1771,12,4310,4321,200,100
3.00,rician,34,1,900,1783,13,3609,3621,200,100
3.00,rician,34,2,600,3002,51,3751,3801,200,100
3.00,rician,34,3,300,3713,165,4315,4479,200,100
3.00,rician,34,4,0,3949,500,3696,4195,200,100
3.00,rician,34,5,300,3697,184,4392,4575,200,100
3.00,rician,34,6,600,2943,35,3578,3612,200,100
3.00,rician,34,7,900,1712,13,4289,4301,200,100
3.00,rician,35,1,900,1778,11,3840,3850,200,100
3.00,rician,35,2,600,2978,68,4157,4224,200,100
3.00,rician,35,3,300,3693,151,4199,4349,200,100
3.00,rician,35,4,0,3952,446,3951,4396,200,100
3.00,rician,35,5,300,3698,179,3934,4112,200,100
3.00,rician,35,6,600,3013,41,3644,3684,200,100
3.00,rician,35,7,900,1817,15,3437,3451,200,100
3.00,rician,36,1,900,1784,17,4058,4074,200,100
3.00,rician,36,2,600,3023,47,4116,4162,200,100
3.00,rician,36,3,300,3707,273,3907,4179,200,100
3.00,rician,36,4,0,3956,405,3984,4388,200,100
3.00,rician,36,5,300,3714,191,4051,4241,200,100
3.00,rician,36,6,600,2988,38,3853,3890,200,100
3.00,rician,36,7,900,1739,17,4276,4292,200,100
3.00,rician,37,1,900,1761,20,4416,4435,200,100
3.00,rician,37,2,600,2986,40,4279,4318,200,100
3.00,rician,37,3,300,3752,225,3809,4033,200,100
3.00,rician,37,4,0,3948,400,3752,4151,200,100
3.00,rician,37,5,300,3719,232,4205,4436,200,100
3.00,rician,37,6,600,2997,49,3776,3824,200,100
3.00,rician,37,7,900,1776,12,4667,4678,200,100
3.00,rician,38,1,900,1789,13,3722,3734,200,100
3.00,rician,38,2,600,2973,71,3915,3985,200,100
3.00,rician,38,3,300,3643,171,3877,4047,200,100
3.00,rician,38,4,0,3877,287,4159,4445,200,100
3.00,rician,38,5,300,3697,190,4061,4250,200,100
3.00,rician,38,6,600,2969,86,3567,3652,200,100
3.00,rician,38,7,900,1760,12,4345,4356,200,100
3.00,rician,39,1,900,1767,17,3555,3571,200,100
3.00,rician,39,2,600,3010,37,3603,3639,200,100
3.00,rician,39,3,300,3733,167,3740,3906,200,100
3.00,rician,39,4,0,3891,792,3548,4339,200,100
3.00,rician,39,5,300,3716,222,3876,4097,200,100
3.00,rician,39,6,600,2956,61,3762,3822,200,100
3.00,rician,39,7,900,1747,9,3293,3301,200,100
3.00,rician,40,1,900,1751,9,4147,4155,200,100
3.00,rician,40,2,600,3005,42,3348,3389,200,100
3.00,rician,40,3,300,3755,146,3596,3741,200,100
3.00,rician,40,4,0,3942,697,3925,4621,200,100
3.00,rician,40,5,300,3690,170,4280,4449,200,100
3.00,rician,40,6,600,3000,47,3267,3313,200,100
3.00,rician,40,7,900,1727,13,4131,4143,200,100
3.00,rician,41,1,900,1765,12,4301,4312,200,100
3.00,rician,41,2,600,3001,41,4280,4320,200,100
3.00,rician,41,3,300,3755,139,3966,4104,200,100
3.00,rician,41,4,0,3949,778,3742,4519,200,100
3.00,rician,41,5,300,3736,225,3705,3929,200,100
3.00,rician,41,6,600,2971,33,3597,3629,200,100
3.00,rician,41,7,900,1768,11,3520,3530,200,100
3.00,rician,42,1,900,1774,11,3160,3170,200,100
3.00,rician,42,2,600,2959,45,4451,4495,200,100
3.00,rician,42,3,300,3718,178,3550,3727,200,100
3.00,rician,42,4,0,3924,493,4108,4600,200,100
3.00,rician,42,5,300,3689,450,3678,4127,200,100
3.00,rician,42,6,600,3008,41,4279,4319,200,100
3.00,rician,42,7,900,1715,12,4215,4226,200,100
3.00,rician,43,1,900,1791,13,3963,3975,200,100
3.00,rician,43,2,600,3013,41,4020,4060,200,100
3.00,rician,43,3,300,3687,229,4036,4264,200,100
3.00,rician,43,4,0,3912,419,4022,4440,200,100
3.00,rician,43,5,300,3679,123,3253,3375,200,100
3.00,rician,43,6,600,3002,62,3777,3838,200,100
3.00,rician,43,7,900,1809,17,3970,3986,200,100
3.00,rician,44,1,900,1704,14,3905,3918,200,100
3.00,rician,44,2,600,3007,45,3891,3935,200,100
3.00,rician,44,3,300,3718,110,3280,3389,200,100
3.00,rician,44,4,0,3953,320,3945,4264,200,100
3.00,rician,44,5,300,3750,188,3674,3861,200,100
3.00,rician,44,6,600,3000,41,3931,3971,200,100
3.00,rician,44,7,900,1695,14,3297,3310,200,100
3.00,rician,45,1,900,1695,15,4196,4210,200,100
3.00,rician,45,2,600,2996,30,4217,4246,200,100
3.00,rician,45,3,300,3675,113,4013,4125,200,100
3.00,rician,45,4,0,3947,295,3818,4112,200,100
3.00,rician,45,5,300,3724,117,3851,3967,200,100
3.00,rician,45,6,600,2971,44,4391,4434,200,100
3.00,rician,45,7,900,1747,11,3321,3331,200,100
3.00,rician,46,1,900,1737,14,4299,4312,200,100
3.00,rician,46,2,600,2973,37,3699,3735,200,100
3.00,rician,46,3,300,3747,83,4664,4746,200,100
3.00,rician,46,4,0,3918,548,3631,4178,200,100
3.00,rician,46,5,300,3727,209,3535,3743,200,100
3.00,rician,46,6,600,3015,36,4256,4291,200,100
3.00,rician,46,7,900,1761,12,3841,3852,200,100
3.00,rician,47,1,900,1757,13,3526,3538,200,100
3.00,rician,47,2,600,3022,61,4174,4234,200,100
3.00,rician,47,3,300,3730,302,3910,4211,200,100
3.00,rician,47,4,0,3946,565,3494,4058,200,100
3.00,rician,47,5,300,3700,265,4192,4456,200,100
3.00,rician,47,6,600,3014,32,3212,3243,200,100
3.00,rician,47,7,900,1795,12,4214,4225,200,100
3.00,rician,48,1,900,1776,13,4170,4182,200,100
3.00,rician,48,2,600,3041,35,4106,4140,200,100
3.00,rician,48,3,300,3752,115,4155,4269,200,100
3.00,rician,48,4,0,3900,275,4429,4703,200,100
3.00,rician,48,5,300,3711,257,3829,4085,200,100
3.00,rician,48,6,600,2979,52,3780,3831,200,100
3.00,rician,48,7,900,1786,14,4057,4070,200,100
3.00,rician,49,1,900,1775,12,4022,4033,200,100
3.00,rician,49,2,600,2979,48,4278,4325,200,100
3.00,rician,49,3,300,3729,236,4340,4575,200,100
3.00,rician,49,4,0,3915,348,3975,4322,200,100
3.00,rician,49,5,300,3698,167,4213,4379,200,100
3.00,rician,49,6,600,2959,32,4042,4073,200,100
3.00,rician,49,7,900,1772,15,3791,3805,200,100
3.00,rician,50,1,900,1711,12,3930,3941,200,100
3.00,rician,50,2,600,3001,41,4058,4098,200,100
3.00,rician,50,3,300,3697,154,4406,4559,200,100
3.00,rician,50,4,0,3925,585,4141,4725,200,100
3.00,rician,50,5,300,3728,150,3767,3916,200,100
3.00,rician,50,6,600,2969,37,3523,3559,200,100
3.00,rician,50,7,900,1739,10,3464,3473,200,100
3.00,rician,51,1,900,1768,12,4536,4547,200,100
3.00,rician,51,2,600,2995,45,3616,3660,200,100
3.00,rician,51,3,300,3766,112,3262,3373,200,100
3.00,rician,51,4,0,3987,771,3803,4573,200,100
3.00,rician,51,5,300,3750,125,4156,4280,200,100
3.00,rician,51,6,600,2953,46,3676,3721,200,100
3.00,rician,51,7,900,1721,14,3654,3667,200,100
3.00,rician,52,1,900,1749,11,3748,3758,200,100
3.00,rician,52,2,600,2967,50,3981,4030,200,100
3.00,rician,52,3,300,3670,169,3851,4019,200,100
3.00,rician,52,4,0,3977,385,3735,4119,200,100
3.00,rician,52,5,300,3747,211,3831,4041,200,100
3.00,rician,52,6,600,3025,49,3854,3902,200,100
3.00,rician,52,7,900,1701,11,3559,3569,200,100
3.00,rician,53,1,900,1737,14,4208,4221,200,100
3.00,rician,53,2,600,2988,37,4293,4329,200,100
3.00,rician,53,3,300,3706,167,4116,4282,200,100
3.00,rician,53,4,0,3934,411,3508,3918,200,100
3.00,rician,53,5,300,3687,169,4330,4498,200,100
3.00,rician,53,6,600,2976,37,4071,4107,200,100
3.00,rician,53,7,900,1736,12,4853,4864,200,100
3.00,rician,54,1,900,1787,17,4022,4038,200,100
3.00,rician,54,2,600,2975,39,3499,3537,200,100
3.00,rician,54,3,300,3729,151,4160,4310,200,100
3.00,rician,54,4,0,3954,280,3263,3542,200,100
3.00,rician,54,5,300,3728,133,3992,4124,200,100
3.00,rician,54,6,600,3038,36,4004,4039,200,100
3.00,rician,54,7,900,1726,13,3589,3601,200,100
3.00,rician,55,1,900,1758,13,3541,3553,200,100
3.00,rician,55,2,600,2981,38,3368,3405,200,100
3.00,rician,55,3,300,3693,156,4157,4312,200,100
3.00,rician,55,4,0,3922,394,3817,4210,200,100
3.00,rician,55,5,300,3762,291,3868,4158,200,100
3.00,rician,55,6,600,2963,42,4025,4066,200,100
3.00,rician,55,7,900,1776,14,3654,3667,200,100
3.00,rician,56,1,900,1763,11,3824,3834,200,100
3.00,rician,56,2,600,3018,38,3859,3896,200,100
3.00,rician,56,3,300,3710,158,3776,3933,200,100
3.00,rician,56,4,0,3962,398,4066,4463,200,100
3.00,rician,56,5,300,3726,144,3855,3998,200,100
3.00,rician,56,6,600,3055,51,3912,3962,200,100
3.00,rician,56,7,900,1774,12,3638,3649,200,100
3.00,rician,57,1,900,1719,21,4207,4227,200,100
3.00,rician,57,2,600,2951,60,3631,3690,200,100
3.00,rician,57,3,300,3748,130,4085,4214,200,100
3.00,rician,57,4,0,3876,609,3630,4238,200,100
3.00,rician,57,5,300,3713,223,3994,4216,200,100
3.00,rician,57,6,600,2997,52,4027,4078,200,100
3.00,rician,57,7,900,1778,11,4230,4240,200,100
3.00,rician,58,1,900,1727,13,4038,4050,200,100
3.00,rician,58,2,600,3011,43,4034,4076,200,100
3.00,rician,58,3,300,3755,165,3588,3752,200,100
3.00,rician,58,4,0,3949,518,3528,4045,200,100
3.00,rician,58,5,300,3695,163,4602,4764,200,100
3.00,rician,58,6,600,2988,50,4114,4163,200,100
3.00,rician,58,7,900,1741,14,4228,4241,200,100
3.00,rician,59,1,900,1748,14,4137,4150,200,100
3.00,rician,59,2,600,2993,39,4170,4208,200,100
3.00,rician,59,3,300,3691,169,4226,4394,200,100
3.00,rician,59,4,0,3933,743,3754,4496,200,100
3.00,rician,59,5,300,3720,150,3904,4053,200,100
3.00,rician,59,6,600,3022,43,4040,4082,200,100
3.00,rician,59,7,900,1783,13,3763,3775,200,100
3.00,rician,60,1,900,1805,12,3325,3336,200,100
3.00,rician,60,2,600,2988,53,4351,4403,200,100
3.00,rician,60,3,300,3763,167,4159,4325,200,100
3.00,rician,60,4,0,3940,443,3721,4163,200,100
3.00,rician,60,5,300,3732,119,3580,3698,200,100
3.00,rician,60,6,600,2976,45,4107,4151,200,100
3.00,rician,60,7,900,1671,10,3875,3884,200,100
3.00,rician,61,1,900,1759,11,4664,4674,200,100
3.00,rician,61,2,600,2991,33,3911,3943,200,100
3.00,rician,61,3,300,3699,249,4115,4363,200,100
3.00,rician,61,4,0,3987,363,3566,3928,200,100
3.00,rician,61,5,300,3714,190,4086,4275,200,100
3.00,rician,61,6,600,2933,46,4079,4124,200,100
3.00,rician,61,7,900,1718,12,2991,3002,200,100
3.00,rician,62,1,900,1768,17,3869,3885,200,100
3.00,rician,62,2,600,2990,49,4047,4095,200,100
3.00,rician,62,3,300,3777,295,3806,4100,200,100
3.00,rician,62,4,0,3979,837,3645,4481,200,100
3.00,rician,62,5,300,3737,159,3671,3829,200,100
3.00,rician,62,6,600,3010,37,4323,4359,200,100
3.00,rician,62,7,900,1742,12,4571,4582,200,100
3.00,rician,63,1,900,1759,11,4503,4513,200,100
3.00,rician,63,2,600,3039,51,4023,4073,200,100
3.00,rician,63,3,300,3760,216,3454,3669,200,100
3.00,rician,63,4,0,3929,326,3796,4121,200,100
3.00,rician,63,5,300,3690,107,4448,4554,200,100
3.00,rician,63,6,600,2994,34,3142,3175,200,100
3.00,rician,63,7,900,1786,14,4273,4286,200,100
3.00,rician,64,1,900,1749,14,3536,3549,200,100
3.00,rician,64,2,600,2988,56,4421,4476,200,100
3.00,rician,64,3,300,3711,159,4127,4285,200,100
3.00,rician,64,4,0,3950,428,3776,4203,200,100
3.00,rician,64,5,300,3676,142,3731,3872,200,100
3.00,rician,64,6,600,3009,54,3756,3809,200,100
3.00,rician,64,7,900,1793,9,3307,3315,200,100
3.00,rician,65,1,900,1790,13,4502,4514,200,100
3.00,rician,65,2,600,2987,38,3989,4026,200,100
3.00,rician,65,3,300,3709,257,4062,4318,200,100
3.00,rician,65,4,0,3910,580,3903,4482,200,100
3.00,rician,65,5,300,3676,199,4302,4500,200,100
3.00,rician,65,6,600,2973,39,3583,3621,200,100
3.00,rician,65,7,900,1706,10,4343,4352,200,100
3.00,rician,66,1,900,1757,13,3844,3856,200,100
3.00,rician,66,2,600,2995,35,3801,3835,200,100
3.00,rician,66,3,300,3752,203,3481,3683,200,100
3.00,rician,66,4,0,3936,398,3756,4153,200,100
3.00,rician,66,5,300,3744,361,3911,4271,200,100
3.00,rician,66,6,600,2962,45,4881,4925,200,100
3.00,rician,66,7,900,1783,13,3784,3796,200,100
3.00,rician,67,1,900,1736,14,3737,3750,200,100
3.00,rician,67,2,600,2957,29,3211,3239,200,100
3.00,rician,67,3,300,3697,153,4207,4359,200,100
3.00,rician,67,4,0,3925,519,3367,3885,200,100
3.00,rician,67,5,300,3750,386,3763,4148,200,100
3.00,rician,67,6,600,2995,50,4069,4118,200,100
3.00,rician,67,7,900,1771,15,4012,4026,200,100
3.00,rician,68,1,900,1755,14,4077,4090,200,100
3.00,rician,68,2,600,3001,37,4315,4351,200,100
3.00,rician,68,3,300,3726,154,4449,4602,200,100
3.00,rician,68,4,0,3962,548,3682,4229,200,100
3.00,rician,68,5,300,3703,259,3641,3899,200,100
3.00,rician,68,6,600,3019,39,4476,4514,200,100
3.00,rician,68,7,900,1757,13,3834,3846,200,100
3.00,rician,69,1,900,1754,15,3828,3842,200,100
3.00,rician,69,2,600,2927,38,3935,3972,200,100
3.00,rician,69,3,300,3717,176,3754,3929,200,100
3.00,rician,69,4,0,3951,511,3812,4322,200,100
3.00,rician,69,5,300,3669,183,4171,4353,200,100
3.00,rician,69,6,600,2993,47,3903,3949,200,100
3.00,rician,69,7,900,1733,11,3486,3496,200,100
3.00,rician,70,1,900,1751,16,3289,3304,200,100
3.00,rician,70,2,600,2991,52,3624,3675,200,100
3.00,rician,70,3,300,3733,202,4193,4394,200,100
3.00,rician,70,4,0,3916,522,3839,4360,200,100
3.00,rician,70,5,300,3689,305,3908,4212,200,100
3.00,rician,70,6,600,2967,42,3637,3678,200,100
3.00,rician,70,7,900,1742,10,4738,4747,200,100
3.00,rician,71,1,900,1662,13,3739,3751,200,100
3.00,rician,71,2,600,3010,35,3922,3956,200,100
3.00,rician,71,3,300,3709,154,3506,3659,200,100
3.00,rician,71,4,0,3916,380,3917,4296,200,100
3.00,rician,71,5,300,3678,183,4494,4676,200,100
3.00,rician,71,6,600,3034,48,3737,3784,200,100
3.00,rician,71,7,900,1725,14,3218,3231,200,100
3.00,rician,72,1,900,1785,14,4143,4156,200,100
3.00,rician,72,2,600,2978,40,4174,4213,200,100
3.00,rician,72,3,300,3697,182,4170,4351,200,100
3.00,rician,72,4,0,3913,629,3652,4280,200,100
3.00,rician,72,5,300,3739,110,3908,4017,200,100
3.00,rician,72,6,600,2954,42,4343,4384,200,100
3.00,rician,72,7,900,1740,14,4024,4037,200,100
3.00,rician,73,1,900,1755,11,3590,3600,200,100
3.00,rician,73,2,600,2983,41,4470,4510,200,100
3.00,rician,73,3,300,3717,274,3700,3973,200,100
3.00,rician,73,4,0,3907,755,3595,4349,200,100
3.00,rician,73,5,300,3696,160,3696,3855,200,100
3.00,rician,73,6,600,2970,46,3798,3843,200,100
3.00,rician,73,7,900,1748,12,3409,3420,200,100
3.00,rician,74,1,900,1728,15,4495,4509,200,100
3.00,rician,74,2,600,3003,39,3782,3820,200,100
3.00,rician,74,3,300,3733,123,3967,4089,200,100
3.00,rician,74,4,0,3916,658,3626,4283,200,100
3.00,rician,74,5,300,3732,149,3771,3919,200,100
3.00,rician,74,6,600,2952,41,3692,3732,200,100
3.00,rician,74,7,900,1722,14,3409,3422,200,100
3.00,rician,75,1,900,1706,14,3859,3872,200,100
3.00,rician,75,2,600,3051,31,3941,3971,200,100
3.00,rician,75,3,300,3723,205,3719,3923,200,100
3.00,rician,75,4,0,3908,391,4143,4533,200,100
3.00,rician,75,5,300,3758,322,3496,3817,200,100
3.00,rician,75,6,600,3031,46,3203,3248,200,100
3.00,rician,75,7,900,1735,12,3936,3947,200,100
3.00,rician,76,1,900,1772,9,3993,4001,200,100
3.00,rician,76,2,600,3001,41,3639,3679,200,100
3.00,rician,76,3,300,3738,299,3503,3801,200,100
3.00,rician,76,4,0,3956,303,3507,3809,200,100
3.00,rician,76,5,300,3729,201,3726,3926,200,100
3.00,rician,76,6,600,3004,41,3847,3887,200,100
3.00,rician,76,7,900,1751,12,3398,3409,200,100
3.00,rician,77,1,900,1731,12,3964,3975,200,100
3.00,rician,77,2,600,2989,36,4205,4240,200,100
3.00,rician,77,3,300,3699,301,3702,4002,200,100
3.00,rician,77,4,0,3894,601,3774,4374,200,100
3.00,rician,77,5,300,3747,140,4300,4439,200,100
3.00,rician,77,6,600,2976,39,4064,4102,200,100
3.00,rician,77,7,900,1744,13,4082,4094,200,100
3.00,rician,78,1,900,1736,14,3676,3689,200,100
3.00,rician,78,2,600,2974,44,3834,3877,200,100
3.00,rician,78,3,300,3718,133,3528,3660,200,100
3.00,rician,78,4,0,3939,434,4025,4458,200,100
3.00,rician,78,5,300,3753,181,3736,3916,200,100
3.00,rician,78,6,600,3012,47,3693,3739,200,100
3.00,rician,78,7,900,1757,13,3250,3262,200,100
3.00,rician,79,1,900,1777,15,3544,3558,200,100
3.00,rician,79,2,600,2990,54,4258,4311,200,100
3.00,rician,79,3,300,3744,143,3885,4027,200,100
3.00,rician,79,4,0,3931,352,4051,4402,200,100
3.00,rician,79,5,300,3713,137,3915,4051,200,100
3.00,rician,79,6,600,2979,49,3640,3688,200,100
3.00,rician,79,7,900,1665,12,3686,3697,200,100
3.00,rician,80,1,900,1821,12,4351,4362,200,100
3.00,rician,80,2,600,2989,43,3752,3794,200,100
3.00,rician,80,3,300,3736,229,4320,4548,200,100
3.00,rician,80,4,0,3992,379,4063,4441,200,100
3.00,rician,80,5,300,3639,130,3757,3886,200,100
3.00,rician,80,6,600,2994,44,4289,4332,200,100
3.00,rician,80,7,900,1791,12,3841,3852,200,100
3.00,rician,81,1,900,1765,12,4309,4320,200,100
3.00,rician,81,2,600,3025,43,4484,4526,200,100
3.00,rician,81,3,300,3694,130,3590,3719,200,100
3.00,rician,81,4,0,3968,411,3967,4377,200,100
3.00,rician,81,5,300,3704,137,4094,4230,200,100
3.00,rician,81,6,600,3004,29,4432,4460,200,100
3.00,rician,81,7,900,1784,14,3958,3971,200,100
3.00,rician,82,1,900,1749,13,3410,3422,200,100
3.00,rician,82,2,600,3005,47,3490,3536,200,100
3.00,rician,82,3,300,3717,268,3966,4233,200,100
3.00,rician,82,4,0,3946,336,3918,4253,200,100
3.00,rician,82,5,300,3709,167,3640,3806,200,100
3.00,rician,82,6,600,2950,43,4013,4055,200,100
3.00,rician,82,7,900,1763,17,3654,3670,200,100
3.00,rician,83,1,900,1817,13,3649,3661,200,100
3.00,rician,83,2,600,3034,49,4067,4115,200,100
3.00,rician,83,3,300,3750,166,4085,4250,200,100
3.00,rician,83,4,0,3897,232,3590,3821,200,100
3.00,rician,83,5,300,3686,125,3699,3823,200,100
3.00,rician,83,6,600,3031,41,3936,3976,200,100
3.00,rician,83,7,900,1803,10,3269,3278,200,100
3.00,rician,84,1,900,1727,10,3584,3593,200,100
3.00,rician,84,2,600,3002,58,4134,4191,200,100
3.00,rician,84,3,300,3701,204,3681,3884,200,100
3.00,rician,84,4,0,3969,741,3571,4311,200,100
3.00,rician,84,5,300,3684,176,4124,4299,200,100
3.00,rician,84,6,600,2956,49,4256,4304,200,100
3.00,rician,84,7,900,1746,15,4240,4254,200,100
3.00,rician,85,1,900,1787,10,3592,3601,200,100
3.00,rician,85,2,600,2957,50,3515,3564,200,100
3.00,rician,85,3,300,3767,181,3906,4086,200,100
3.00,rician,85,4,0,3959,575,3790,4364,200,100
3.00,rician,85,5,300,3767,175,4099,4273,200,100
3.00,rician,85,6,600,2974,38,4216,4253,200,100
3.00,rician,85,7,900,1714,11,3846,3856,200,100
3.00,rician,86,1,900,1751,16,4148,4163,200,100
3.00,rician,86,2,600,2987,43,4036,4078,200,100
3.00,rician,86,3,300,3711,275,3882,4156,200,100
3.00,rician,86,4,0,3906,630,3713,4342,200,100
3.00,rician,86,5,300,3711,241,3825,4065,200,100
3.00,rician,86,6,600,3009,40,3742,3781,200,100
3.00,rician,86,7,900,1780,17,4562,4578,200,100
3.00,rician,87,1,900,1766,13,4194,4206,200,100
3.00,rician,87,2,600,3008,54,3726,3779,200,100
3.00,rician,87,3,300,3742,99,4096,4194,200,100
3.00,rician,87,4,0,3927,444,4054,4497,200,100
3.00,rician,87,5,300,3724,174,4051,4224,200,100
3.00,rician,87,6,600,2997,33,3574,3606,200,100
3.00,rician,87,7,900,1730,12,4605,4616,200,100
3.00,rician,88,1,900,1726,11,3992,4002,200,100
3.00,rician,88,2,600,3019,51,3298,3348,200,100
3.00,rician,88,3,300,3737,141,3768,3908,200,100
3.00,rician,88,4,0,3938,349,3588,3936,200,100
3.00,rician,88,5,300,3701,227,3789,4015,200,100
3.00,rician,88,6,600,2968,45,3854,3898,200,100
3.00,rician,88,7,900,1755,12,3764,3775,200,100
3.00,rician,89,1,900,1756,15,3565,3579,200,100
3.00,rician,89,2,600,3001,45,3574,3618,200,100
3.00,rician,89,3,300,3707,218,3759,3976,200,100
3.00,rician,89,4,0,3893,751,3548,4298,200,100
3.00,rician,89,5,300,3705,209,4289,4497,200,100
3.00,rician,89,6,600,2942,42,3715,3756,200,100
3.00,rician,89,7,900,1759,12,3594,3605,200,100
3.00,rician,90,1,900,1714,11,4374,4384,200,100
3.00,rician,90,2,600,2951,47,3614,3660,200,100
3.00,rician,90,3,300,3700,227,3769,3995,200,100
3.00,rician,90,4,0,3922,668,4123,4790,200,100
3.00,rician,90,5,300,3760,257,3739,3995,200,100
3.00,rician,90,6,600,2994,46,3604,3649,200,100
3.00,rician,90,7,900,1776,18,4027,4044,200,100
3.00,rician,91,1,900,1770,13,3465,3477,200,100
3.00,rician,91,2,600,3001,40,3675,3714,200,100
3.00,rician,91,3,300,3711,133,4008,4140,200,100
3.00,rician,91,4,0,3952,1019,3530,4548,200,100
3.00,rician,91,5,300,3716,272,4072,4343,200,100
3.00,rician,91,6,600,2969,47,4350,4396,200,100
3.00,rician,91,7,900,1790,16,4382,4397,200,100
3.00,rician,92,1,900,1764,11,3503,3513,200,100
3.00,rician,92,2,600,2994,35,3991,4025,200,100
3.00,rician,92,3,300,3712,255,4112,4366,200,100
3.00,rician,92,4,0,3915,475,3717,4191,200,100
3.00,rician,92,5,300,3701,184,3237,3420,200,100
3.00,rician,92,6,600,2975,45,3229,3273,200,100
3.00,rician,92,7,900,1775,16,4350,4365,200,100
3.00,rician,93,1,900,1829,13,4418,4430,200,100
3.00,rician,93,2,600,2950,55,3587,3641,200,100
3.00,rician,93,3,300,3700,191,4027,4217,200,100
3.00,rician,93,4,0,3971,525,3793,4317,200,100
3.00,rician,93,5,300,3715,268,3822,4089,200,100
3.00,rician,93,6,600,2980,35,3630,3664,200,100
3.00,rician,93,7,900,1745,13,3868,3880,200,100
3.00,rician,94,1,900,1728,11,3681,3691,200,100
3.00,rician,94,2,600,2988,43,4174,4216,200,100
3.00,rician,94,3,300,3683,180,4211,4390,200,100
3.00,rician,94,4,0,3957,380,4142,4521,200,100
3.00,rician,94,5,300,3727,122,3891,4012,200,100
3.00,rician,94,6,600,3005,38,3596,3633,200,100
3.00,rician,94,7,900,1734,14,4172,4185,200,100
3.00,rician,95,1,900,1763,15,3741,3755,200,100
3.00,rician,95,2,600,3023,59,3768,3826,200,100
3.00,rician,95,3,300,3722,206,3888,4093,200,100
3.00,rician,95,4,0,3903,813,3574,4386,200,100
3.00,rician,95,5,300,3734,199,3547,3745,200,100
3.00,rician,95,6,600,2987,57,4419,4475,200,100
3.00,rician,95,7,900,1803,11,3715,3725,200,100
3.00,rician,96,1,900,1769,13,3686,3698,200,100
3.00,rician,96,2,600,2961,40,3409,3448,200,100
3.00,rician,96,3,300,3763,250,3837,4086,200,100
3.00,rician,96,4,0,3955,451,3664,4114,200,100
3.00,rician,96,5,300,3720,144,3941,4084,200,100
3.00,rician,96,6,600,3014,34,3491,3524,200,100
3.00,rician,96,7,900,1741,15,3934,3948,200,100
3.00,rician,97,1,900,1779,16,4226,4241,200,100
3.00,rician,97,2,600,2969,62,3907,3968,200,100
3.00,rician,97,3,300,3701,205,4018,4222,200,100
3.00,rician,97,4,0,3941,403,3954,4356,200,100
3.00,rician,97,5,300,3703,156,3703,3858,200,100
3.00,rician,97,6,600,2982,30,4269,4298,200,100
3.00,rician,97,7,900,1753,13,4151,4163,200,100
3.00,rician,98,1,900,1731,9,3214,3222,200,100
3.00,rician,98,2,600,3092,43,3905,3947,200,100
3.00,rician,98,3,300,3692,166,3578,3743,200,100
3.00,rician,98,4,0,3934,672,3713,4384,200,100
3.00,rician,98,5,300,3707,198,3857,4054,200,100
3.00,rician,98,6,600,3047,51,4358,4408,200,100
3.00,rician,98,7,900,1770,18,3796,3813,200,100
3.00,rician,99,1,900,1760,13,4509,4521,200,100
3.00,rician,99,2,600,2992,59,3949,4007,200,100
3.00,rician,99,3,300,3716,128,3974,4101,200,100
3.00,rician,99,4,0,3922,232,3939,4170,200,100
3.00,rician,99,5,300,3680,226,3911,4136,200,100
3.00,rician,99,6,600,3020,33,3371,3403,200,100
3.00,rician,99,7,900,1787,13,3705,3717,200,100
3.00,rician,100,1,900,1769,11,3603,3613,200,100
3.00,rician,100,2,600,2996,47,4352,4398,200,100
3.00,rician,100,3,300,3671,151,4003,4153,200,100
3.00,rician,100,4,0,3953,590,3775,4364,200,100
3.00,rician,100,5,300,3747,196,3883,4078,200,100
3.00,rician,100,6,600,3020,55,3916,3970,200,100
3.00,rician,100,7,900,1707,11,3465,3475,200,100
3.00,rician,101,1,900,1723,13,4102,4114,200,100
3.00,rician,101,2,600,2991,50,3774,3823,200,100
3.00,rician,101,3,300,3712,177,3527,3703,200,100
3.00,rician,101,4,0,3899,436,3580,4015,200,100
3.00,rician,101,5,300,3664,130,3462,3591,200,100
3.00,rician,101,6,600,3000,56,4083,4138,200,100
3.00,rician,101,7,900,1745,13,3321,3333,200,100
3.00,rician,102,1,900,1750,10,3395,3404,200,100
3.00,rician,102,2,600,3000,40,4426,4465,200,100
3.00,rician,102,3,300,3720,155,3788,3942,200,100
3.00,rician,102,4,0,3931,516,3616,4131,200,100
3.00,rician,102,5,300,3761,103,4296,4398,200,100
3.00,rician,102,6,600,2985,45,3941,3985,200,100
3.00,rician,102,7,900,1774,13,3928,3940,200,100
3.00,rician,103,1,900,1726,13,4182,4194,200,100
3.00,rician,103,2,600,2967,41,4157,4197,200,100
3.00,rician,103,3,300,3750,135,4091,4225,200,100
3.00,rician,103,4,0,3947,434,3896,4329,200,100
3.00,rician,103,5,300,3704,244,3948,4191,200,100
3.00,rician,103,6,600,3038,40,4411,4450,200,100
3.00,rician,103,7,900,1764,11,4732,4742,200,100
3.00,rician,104,1,900,1703,14,3762,3775,200,100
3.00,rician,104,2,600,2989,37,3369,3405,200,100
3.00,rician,104,3,300,3632,237,4082,4318,200,100
3.00,rician,104,4,0,3925,662,3650,4311,200,100
3.00,rician,104,5,300,3676,109,4116,4224,200,100
3.00,rician,104,6,600,2968,40,3706,3745,200,100
3.00,rician,104,7,900,1777,12,4142,4153,200,100
3.00,rician,105,1,900,1761,14,3354,3367,200,100
3.00,rician,105,2,600,3022,60,4377,4436,200,100
3.00,rician,105,3,300,3710,136,4093,4228,200,100
3.00,rician,105,4,0,3949,201,3442,3642,200,100
3.00,rician,105,5,300,3649,115,3840,3954,200,100
3.00,rician,105,6,600,2997,32,4650,4681,200,100
3.00,rician,105,7,900,1732,11,4087,4097,200,100
3.00,rician,106,1,900,1708,10,3839,3848,200,100
3.00,rician,106,2,600,2985,40,4376,4415,200,100
3.00,rician,106,3,300,3709,417,3646,4062,200,100
3.00,rician,106,4,0,3907,333,3903,4235,200,100
3.00,rician,106,5,300,3685,143,3773,3915,200,100
3.00,rician,106,6,600,2966,52,3910,3961,200,100
3.00,rician,106,7,900,1749,17,4351,4367,200,100
3.00,rician,107,1,900,1777,13,3310,3322,200,100
3.00,rician,107,2,600,2955,58,4493,4550,200,100
3.00,rician,107,3,300,3721,142,4110,4251,200,100
3.00,rician,107,4,0,3965,833,3541,4373,200,100
3.00,rician,107,5,300,3698,140,3980,4119,200,100
3.00,rician,107,6,600,3003,65,3871,3935,200,100
3.00,rician,107,7,900,1746,14,3619,3632,200,100
3.00,rician,108,1,900,1799,11,3560,3570,200,100
3.00,rician,108,2,600,2987,34,3586,3619,200,100
3.00,rician,108,3,300,3716,172,4098,4269,200,100
3.00,rician,108,4,0,3902,586,3447,4032,200,100
3.00,rician,108,5,300,3714,119,3627,3745,200,100
3.00,rician,108,6,600,2966,28,4397,4424,200,100
3.00,rician,108,7,900,1739,14,3956,3969,200,100
3.00,rician,109,1,900,1704,11,3600,3610,200,100
3.00,rician,109,2,600,2937,52,4267,4318,200,100
3.00,rician,109,3,300,3701,132,4575,4706,200,100
3.00,rician,109,4,0,3928,648,3941,4588,200,100
3.00,rician,109,5,300,3726,117,3683,3799,200,100
3.00,rician,109,6,600,2957,35,4333,4367,200,100
3.00,rician,109,7,900,1750,15,3518,3532,200,100
3.00,rician,110,1,900,1740,12,4345,4356,200,100
3.00,rician,110,2,600,2976,47,4010,4056,200,100
3.00,rician,110,3,300,3710,124,4171,4294,200,100
3.00,rician,110,4,0,3980,602,3758,4359,200,100
3.00,rician,110,5,300,3722,116,3324,3439,200,100
3.00,rician,110,6,600,2993,52,4211,4262,200,100
3.00,rician,110,7,900,1718,13,4032,4044,200,100
3.00,rician,111,1,900,1720,12,3735,3746,200,100
3.00,rician,111,2,600,2975,39,3682,3720,200,100
3.00,rician,111,3,300,3669,110,4085,4194,200,100
3.00,rician,111,4,0,3946,604,3698,4301,200,100
3.00,rician,111,5,300,3712,129,3906,4034,200,100
3.00,rician,111,6,600,3000,34,4307,4340,200,100
3.00,rician,111,7,900,1759,14,3890,3903,200,100
3.00,rician,112,1,900,1713,13,3291,3303,200,100
3.00,rician,112,2,600,3009,35,3649,3683,200,100
3.00,rician,112,3,300,3710,235,3993,4227,200,100
3.00,rician,112,4,0,3941,754,3704,4457,200,100
3.00,rician,112,5,300,3659,133,3499,3631,200,100
3.00,rician,112,6,600,3011,30,2961,2990,200,100
3.00,rician,112,7,900,1763,17,3673,3689,200,100
3.00,rician,113,1,900,1760,16,3917,3932,200,100
3.00,rician,113,2,600,3014,28,4101,4128,200,100
3.00,rician,113,3,300,3718,244,3727,3970,200,100
3.00,rician,113,4,0,3907,396,3793,4188,200,100
3.00,rician,113,5,300,3738,166,4088,4253,200,100
3.00,rician,113,6,600,3004,48,3854,3901,200,100
3.00,rician,113,7,900,1684,11,4060,4070,200,100
3.00,rician,114,1,900,1718,13,4057,4069,200,100
3.00,rician,114,2,600,2958,32,3513,3544,200,100
3.00,rician,114,3,300,3699,272,4251,4522,200,100
3.00,rician,114,4,0,3923,947,3569,4515,200,100
3.00,rician,114,5,300,3724,217,4126,4342,200,100
3.00,rician,114,6,600,3031,36,4135,4170,200,100
3.00,rician,114,7,900,1766,15,4001,4015,200,100
3.00,rician,115,1,900,1757,12,4041,4052,200,100
3.00,rician,115,2,600,3004,39,3474,3512,200,100
3.00,rician,115,3,300,3685,158,3978,4135,200,100
3.00,rician,115,4,0,3923,393,3646,4038,200,100
3.00,rician,115,5,300,3740,199,3505,3703,200,100
3.00,rician,115,6,600,2999,54,4141,4194,200,100
3.00,rician,115,7,900,1665,15,4252,4266,200,100
3.00,rician,116,1,900,1738,15,4181,4195,200,100
3.00,rician,116,2,600,2995,54,3473,3526,200,100
3.00,rician,116,3,300,3734,130,3670,3799,200,100
3.00,rician,116,4,0,3902,609,3753,4361,200,100
3.00,rician,116,5,300,3704,195,3832,4026,200,100
3.00,rician,116,6,600,3021,45,3524,3568,200,100
3.00,rician,116,7,900,1758,14,4271,4284,200,100
3.00,rician,117,1,900,1751,13,3886,3898,200,100
3.00,rician,117,2,600,3034,41,4159,4199,200,100
3.00,rician,117,3,300,3707,164,4030,4193,200,100
3.00,rician,117,4,0,3946,595,3776,4370,200,100
3.00,rician,117,5,300,3733,149,3676,3824,200,100
3.00,rician,117,6,600,2996,47,3678,3724,200,100
3.00,rician,117,7,900,1776,13,4239,4251,200,100
3.00,rician,118,1,900,1766,12,3814,3825,200,100
3.00,rician,118,2,600,3068,37,4464,4500,200,100
3.00,rician,118,3,300,3742,206,4330,4535,200,100
3.00,rician,118,4,0,3942,767,3683,4449,200,100
3.00,rician,118,5,300,3738,194,4046,4239,200,100
3.00,rician,118,6,600,3042,33,3660,3692,200,100
3.00,rician,118,7,900,1724,15,3975,3989,200,100
3.00,rician,119,1,900,1749,14,4819,4832,200,100
3.00,rician,119,2,600,3057,65,4237,4301,200,100
3.00,rician,119,3,300,3763,257,3525,3781,200,100
3.00,rician,119,4,0,3908,537,3891,4427,200,100
3.00,rician,119,5,300,3765,483,3931,4413,200,100
3.00,rician,119,6,600,2996,42,4535,4576,200,100
3.00,rician,119,7,900,1731,10,3959,3968,200,100
3.00,rician,120,1,900,1787,20,4035,4054,200,100
3.00,rician,120,2,600,2971,63,4025,4087,200,100
3.00,rician,120,3,300,3685,247,4140,4386,200,100
3.00,rician,120,4,0,3958,398,3744,4141,200,100
3.00,rician,120,5,300,3698,226,3791,4016,200,100
3.00,rician,120,6,600,3008,41,3566,3606,200,100
3.00,rician,120,7,900,1757,19,3692,3710,200,100
3.00,rician,121,1,900,1754,11,3336,3346,200,100
3.00,rician,121,2,600,2986,50,3797,3846,200,100
3.00,rician,121,3,300,3725,152,3856,4007,200,100
3.00,rician,121,4,0,3970,646,3839,4484,200,100
3.00,rician,121,5,300,3666,108,3528,3635,200,100
3.00,rician,121,6,600,3011,55,3775,3829,200,100
3.00,rician,121,7,900,1772,17,3374,3390,200,100
3.00,rician,122,1,900,1753,10,2918,2927,200,100
3.00,rician,122,2,600,2957,40,4437,4476,200,100
3.00,rician,122,3,300,3689,225,4176,4400,200,100
3.00,rician,122,4,0,3917,444,3912,4355,200,100
3.00,rician,122,5,300,3668,138,3990,4127,200,100
3.00,rician,122,6,600,2938,40,3794,3833,200,100
3.00,rician,122,7,900,1731,11,3657,3667,200,100
3.00,rician,123,1,900,1710,20,4213,4232,200,100
3.00,rician,123,2,600,3018,32,4216,4247,200,100
3.00,rician,123,3,300,3715,122,4149,4270,200,100
3.00,rician,123,4,0,3925,469,3782,4250,200,100
3.00,rician,123,5,300,3746,151,4135,4285,200,100
3.00,rician,123,6,600,2993,33,3689,3721,200,100
3.00,rician,123,7,900,1724,13,3973,3985,200,100
3.00,rician,124,1,900,1735,13,3797,3809,200,100
3.00,rician,124,2,600,2990,61,4210,4270,200,100
3.00,rician,124,3,300,3722,139,4138,4276,200,100
3.00,rician,124,4,0,3923,501,3324,3824,200,100
3.00,rician,124,5,300,3712,167,3672,3838,200,100
3.00,rician,124,6,600,2996,54,4383,4436,200,100
3.00,rician,124,7,900,1746,13,3956,3968,200,100
3.00,rician,125,1,900,1766,15,3896,3910,200,100
3.00,rician,125,2,600,3044,43,4363,4405,200,100
3.00,rician,125,3,300,3682,230,3827,4056,200,100
3.00,rician,125,4,0,3918,367,3827,4193,200,100
3.00,rician,125,5,300,3702,266,4215,4480,200,100
3.00,rician,125,6,600,3014,48,3797,3844,200,100
3.00,rician,125,7,900,1754,11,3747,3757,200,100
3.00,rician,126,1,900,1782,12,3560,3571,200,100
3.00,rician,126,2,600,2925,37,3956,3992,200,100
3.00,rician,126,3,300,3749,157,3804,3960,200,100
3.00,rician,126,4,0,3898,454,3927,4380,200,100
3.00,rician,126,5,300,3725,128,3627,3754,200,100
3.00,rician,126,6,600,2990,40,3722,3761,200,100
3.00,rician,126,7,900,1729,12,4221,4232,200,100
3.00,rician,127,1,900,1801,11,3413,3423,200,100
3.00,rician,127,2,600,3021,46,3843,3888,200,100
3.00,rician,127,3,300,3690,165,4124,4288,200,100
3.00,rician,127,4,0,3933,789,3309,4097,200,100
3.00,rician,127,5,300,3739,176,4305,4480,200,100
3.00,rician,127,6,600,2987,36,4762,4797,200,100
3.00,rician,127,7,900,1729,10,3505,3514,200,100
3.00,rician,128,1,900,1727,13,3585,3597,200,100
3.00,rician,128,2,600,3019,52,4187,4238,200,100
3.00,rician,128,3,300,3733,241,3995,4235,200,100
3.00,rician,128,4,0,3962,538,3744,4281,200,100
3.00,rician,128,5,300,3679,174,3499,3672,200,100
3.00,rician,128,6,600,2984,67,4129,4195,200,100
3.00,rician,128,7,900,1712,11,4584,4594,200,100
3.00,rician,129,1,900,1776,18,3875,3892,200,100
3.00,rician,129,2,600,2997,37,4466,4502,200,100
3.00,rician,129,3,300,3744,180,4123,4302,200,100
3.00,rician,129,4,0,3941,681,3342,4022,200,100
3.00,rician,129,5,300,3713,184,3873,4056,200,100
3.00,rician,129,6,600,2998,39,3975,4013,200,100
3.00,rician,129,7,900,1777,21,4457,4477,200,100
3.00,rician,130,1,900,1790,17,3468,3484,200,100
3.00,rician,130,2,600,2955,47,3538,3584,200,100
3.00,rician,130,3,300,3683,126,4382,4507,200,100
3.00,rician,130,4,0,3945,224,3614,3837,200,100
3.00,rician,130,5,300,3691,204,3693,3896,200,100
3.00,rician,130,6,600,3023,73,4251,4323,200,100
3.00,rician,130,7,900,1739,11,2922,2932,200,100
3.00,rician,131,1,900,1766,13,4359,4371,200,100
3.00,rician,131,2,600,2994,43,4012,4054,200,100
3.00,rician,131,3,300,3671,159,4127,4285,200,100
3.00,rician,131,4,0,3980,355,3625,3979,200,100
3.00,rician,131,5,300,3774,114,3670,3783,200,100
3.00,rician,131,6,600,2973,43,4334,4376,200,100
3.00,rician,131,7,900,1798,14,4574,4587,200,100
3.00,rician,132,1,900,1794,16,4177,4192,200,100
3.00,rician,132,2,600,2988,45,3767,3811,200,100
3.00,rician,132,3,300,3718,161,3864,4024,200,100
3.00,rician,132,4,0,3926,394,3761,4154,200,100
3.00,rician,132,5,300,3696,183,3349,3531,200,100
3.00,rician,132,6,600,3030,56,3625,3680,200,100
3.00,rician,132,7,900,1751,13,3516,3528,200,100
3.00,rician,133,1,900,1746,25,4232,4256,200,100
3.00,rician,133,2,600,2951,63,4071,4133,200,100
3.00,rician,133,3,300,3721,165,3845,4009,200,100
3.00,rician,133,4,0,3930,435,3721,4155,200,100
3.00,rician,133,5,300,3755,112,3900,4011,200,100
3.00,rician,133,6,600,3006,36,4531,4566,200,100
3.00,rician,133,7,900,1707,16,4587,4602,200,100
3.00,rician,134,1,900,1749,15,3532,3546,200,100
3.00,rician,134,2,600,2981,47,3903,3949,200,100
3.00,rician,134,3,300,3722,243,3560,3802,200,100
3.00,rician,134,4,0,3921,287,3640,3926,200,100
3.00,rician,134,5,300,3714,162,4047,4208,200,100
3.00,rician,134,6,600,2993,40,4064,4103,200,100
3.00,rician,134,7,900,1730,12,4487,4498,200,100
3.00,rician,135,1,900,1732,11,4408,4418,200,100
3.00,rician,135,2,600,2997,48,4302,4349,200,100
3.00,rician,135,3,300,3727,148,4202,4349,200,100
3.00,rician,135,4,0,3932,444,3888,4331,200,100
3.00,rician,135,5,300,3709,213,3773,3985,200,100
3.00,rician,135,6,600,3004,42,3653,3694,200,100
3.00,rician,135,7,900,1742,14,4034,4047,200,100
3.00,rician,136,1,900,1721,14,4145,4158,200,100
3.00,rician,136,2,600,2989,53,4190,4242,200,100
3.00,rician,136,3,300,3694,409,3789,4197,200,100
3.00,rician,136,4,0,3925,578,3897,4474,200,100
3.00,rician,136,5,300,3695,214,4225,4438,200,100
3.00,rician,136,6,600,3014,41,4323,4363,200,100
3.00,rician,136,7,900,1752,10,3965,3974,200,100
3.00,rician,137,1,900,1724,14,3831,3844,200,100
3.00,rician,137,2,600,2993,43,4315,4357,200,100
3.00,rician,137,3,300,3713,133,3677,3809,200,100
3.00,rician,137,4,0,3899,842,3704,4545,200,100
3.00,rician,137,5,300,3763,148,4434,4581,200,100
3.00,rician,137,6,600,3044,43,4003,4045,200,100
3.00,rician,137,7,900,1636,8,3895,3902,200,100
3.00,rician,138,1,900,1680,11,4543,4553,200,100
3.00,rician,138,2,600,2994,60,3826,3885,200,100
3.00,rician,138,3,300,3706,177,3453,3629,200,100
3.00,rician,138,4,0,3924,365,3779,4143,200,100
3.00,rician,138,5,300,3740,213,4355,4567,200,100
3.00,rician,138,6,600,2973,57,4362,4418,200,100
3.00,rician,138,7,900,1755,12,4289,4300,200,100
3.00,rician,139,1,900,1797,13,3607,3619,200,100
3.00,rician,139,2,600,2992,45,3760,3804,200,100
3.00,rician,139,3,300,3696,97,3751,3847,200,100
3.00,rician,139,4,0,3887,210,4583,4792,200,100
3.00,rician,139,5,300,3719,124,3936,4059,200,100
3.00,rician,139,6,600,2988,47,3995,4041,200,100
3.00,rician,139,7,900,1789,12,3513,3524,200,100
3.00,rician,140,1,900,1778,14,3742,3755,200,100
3.00,rician,140,2,600,2995,37,4352,4388,200,100
3.00,rician,140,3,300,3712,144,4381,4524,200,100
3.00,rician,140,4,0,3902,520,3692,4211,200,100
3.00,rician,140,5,300,3687,245,3706,3950,200,100
3.00,rician,140,6,600,2982,36,3885,3920,200,100
3.00,rician,140,7,900,1732,11,4162,4172,200,100
3.00,rician,141,1,900,1739,11,3876,3886,200,100
3.00,rician,141,2,600,2970,43,4029,4071,200,100
3.00,rician,141,3,300,3726,189,3530,3718,200,100
3.00,rician,141,4,0,3923,736,3605,4340,200,100
3.00,rician,141,5,300,3721,174,3999,4172,200,100
3.00,rician,141,6,600,3014,41,3567,3607,200,100
3.00,rician,141,7,900,1762,12,3376,3387,200,100
3.00,rician,142,1,900,1771,12,3699,3710,200,100
3.00,rician,142,2,600,2982,38,4204,4241,200,100
3.00,rician,142,3,300,3728,180,4014,4193,200,100
3.00,rician,142,4,0,3896,556,3838,4393,200,100
3.00,rician,142,5,300,3704,233,3616,3848,200,100
3.00,rician,142,6,600,3025,36,4330,4365,200,100
3.00,rician,142,7,900,1728,14,4301,4314,200,100
3.00,rician,143,1,900,1720,10,3562,3571,200,100
3.00,rician,143,2,600,2989,28,4034,4061,200,100
3.00,rician,143,3,300,3750,168,3946,4113,200,100
3.00,rician,143,4,0,3974,291,3188,3478,200,100
3.00,rician,143,5,300,3675,186,3829,4014,200,100
3.00,rician,143,6,600,2967,54,3492,3545,200,100
3.00,rician,143,7,900,1709,14,3965,3978,200,100
3.00,rician,144,1,900,1740,12,4271,4282,200,100
3.00,rician,144,2,600,3035,56,3542,3597,200,100
3.00,rician,144,3,300,3677,170,4006,4175,200,100
3.00,rician,144,4,0,3949,761,3760,4520,200,100
3.00,rician,144,5,300,3774,127,3772,3898,200,100
3.00,rician,144,6,600,3019,33,4310,4342,200,100
3.00,rician,144,7,900,1788,16,4218,4233,200,100
3.00,rician,145,1,900,1705,15,4008,4022,200,100
3.00,rician,145,2,600,3020,56,3986,4041,200,100
3.00,rician,145,3,300,3711,182,3570,3751,200,100
3.00,rician,145,4,0,3948,617,3633,4249,200,100
3.00,rician,145,5,300,3732,182,3986,4167,200,100
3.00,rician,145,6,600,3005,37,4043,4079,200,100
3.00,rician,145,7,900,1730,15,4266,4280,200,100
3.00,rician,146,1,900,1761,13,4383,4395,200,100
3.00,rician,146,2,600,3040,41,3815,3855,200,100
3.00,rician,146,3,300,3720,200,4213,4412,200,100
3.00,rician,146,4,0,3912,521,3775,4295,200,100
3.00,rician,146,5,300,3737,103,3786,3888,200,100
3.00,rician,146,6,600,2982,38,4546,4583,200,100
3.00,rician,146,7,900,1763,13,4198,4210,200,100
3.00,rician,147,1,900,1782,13,3672,3684,200,100
3.00,rician,147,2,600,3033,46,4100,4145,200,100
3.00,rician,147,3,300,3706,551,3643,4193,200,100
3.00,rician,147,4,0,3949,434,3812,4245,200,100
3.00,rician,147,5,300,3695,170,4105,4274,200,100
3.00,rician,147,6,600,2976,50,3903,3952,200,100
3.00,rician,147,7,900,1780,16,3440,3455,200,100
3.00,rician,148,1,900,1765,11,4240,4250,200,100
3.00,rician,148,2,600,2983,32,4399,4430,200,100
3.00,rician,148,3,300,3730,156,4436,4591,200,100
3.00,rician,148,4,0,3927,617,3892,4508,200,100
3.00,rician,148,5,300,3728,386,3865,4250,200,100
3.00,rician,148,6,600,2989,41,3619,3659,200,100
3.00,rician,148,7,900,1779,10,3591,3600,200,100
3.00,rician,149,1,900,1746,15,4084,4098,200,100
3.00,rician,149,2,600,3035,48,4395,4442,200,100
3.00,rician,149,3,300,3736,142,4237,4378,200,100
3.00,rician,149,4,0,3941,393,4250,4642,200,100
3.00,rician,149,5,300,3731,147,4455,4601,200,100
3.00,rician,149,6,600,2948,31,4193,4223,200,100
3.00,rician,149,7,900,1747,10,3462,3471,200,100
3.00,rician,150,1,900,1692,10,4382,4391,200,100
3.00,rician,150,2,600,3035,64,4054,4117,200,100
3.00,rician,150,3,300,3742,144,3541,3684,200,100
3.00,rician,150,4,0,3960,847,3826,4672,200,100
3.00,rician,150,5,300,3719,157,4134,4290,200,100
3.00,rician,150,6,600,2964,38,3834,3871,200,100
3.00,rician,150,7,900,1780,10,4308,4317,200,100
3.00,rician,151,1,900,1720,13,4211,4223,200,100
3.00,rician,151,2,600,3027,47,4518,4564,200,100
3.00,rician,151,3,300,3659,192,3682,3873,200,100
3.00,rician,151,4,0,3970,456,3701,4156,200,100
3.00,rician,151,5,300,3683,206,3854,4059,200,100
3.00,rician,151,6,600,3037,45,3938,3982,200,100
3.00,rician,151,7,900,1739,16,4355,4370,200,100
3.00,rician,152,1,900,1763,15,4273,4287,200,100
3.00,rician,152,2,600,2964,41,4676,4716,200,100
3.00,rician,152,3,300,3753,365,3562,3926,200,100
3.00,rician,152,4,0,3917,291,4073,4363,200,100
3.00,rician,152,5,300,3697,188,4238,4425,200,100
3.00,rician,152,6,600,2965,48,3606,3653,200,100
3.00,rician,152,7,900,1700,15,4449,4463,200,100
3.00,rician,153,1,900,1737,16,3538,3553,200,100
3.00,rician,153,2,600,2953,35,3960,3994,200,100
3.00,rician,153,3,300,3723,194,3853,4046,200,100
3.00,rician,153,4,0,3918,490,4027,4516,200,100
3.00,rician,153,5,300,3756,169,3846,4014,200,100
3.00,rician,153,6,600,2926,43,3916,3958,200,100
3.00,rician,153,7,900,1698,10,3930,3939,200,100
3.00,rician,154,1,900,1776,12,3560,3571,200,100
3.00,rician,154,2,600,3009,40,3528,3567,200,100
3.00,rician,154,3,300,3766,121,4290,4410,200,100
3.00,rician,154,4,0,3963,389,3798,4186,200,100
3.00,rician,154,5,300,3740,180,4566,4745,200,100
3.00,rician,154,6,600,2983,55,4015,4069,200,100
3.00,rician,154,7,900,1764,17,4581,4597,200,100
3.00,rician,155,1,900,1740,12,3888,3899,200,100
3.00,rician,155,2,600,3028,35,4103,4137,200,100
3.00,rician,155,3,300,3716,106,4440,4545,200,100
3.00,rician,155,4,0,3935,323,4149,4471,200,100
3.00,rician,155,5,300,3723,161,4141,4301,200,100
3.00,rician,155,6,600,3007,35,3968,4002,200,100
3.00,rician,155,7,900,1744,11,3732,3742,200,100
3.00,rician,156,1,900,1721,16,3734,3749,200,100
3.00,rician,156,2,600,2979,36,4105,4140,200,100
3.00,rician,156,3,300,3726,220,3865,4084,200,100
3.00,rician,156,4,0,3937,451,3973,4423,200,100
3.00,rician,156,5,300,3669,258,3997,4254,200,100
3.00,rician,156,6,600,2950,37,4311,4347,200,100
3.00,rician,156,7,900,1708,11,3845,3855,200,100
3.00,rician,157,1,900,1753,12,3685,3696,200,100
3.00,rician,157,2,600,3010,38,4069,4106,200,100
3.00,rician,157,3,300,3649,177,3908,4084,200,100
3.00,rician,157,4,0,3900,810,3426,4235,200,100
3.00,rician,157,5,300,3661,170,3957,4126,200,100
3.00,rician,157,6,600,2992,39,4185,4223,200,100
3.00,rician,157,7,900,1777,21,3595,3615,200,100
3.00,rician,158,1,900,1824,16,4378,4393,200,100
3.00,rician,158,2,600,2988,38,3550,3587,200,100
3.00,rician,158,3,300,3700,228,3793,4020,200,100
3.00,rician,158,4,0,3944,613,3673,4285,200,100
3.00,rician,158,5,300,3707,173,3535,3707,200,100
3.00,rician,158,6,600,3022,29,4248,4276,200,100
3.00,rician,158,7,900,1748,14,3517,3530,200,100
3.00,rician,159,1,900,1753,18,3986,4003,200,100
3.00,rician,159,2,600,2984,57,3743,3799,200,100
3.00,rician,159,3,300,3729,171,3584,3754,200,100
3.00,rician,159,4,0,3935,400,3836,4235,200,100
3.00,rician,159,5,300,3715,215,4017,4231,200,100
3.00,rician,159,6,600,2944,45,4232,4276,200,100
3.00,rician,159,7,900,1729,10,3221,3230,200,100
3.00,rician,160,1,900,1750,15,3652,3666,200,100
3.00,rician,160,2,600,3002,42,3683,3724,200,100
3.00,rician,160,3,300,3694,157,4226,4382,200,100
3.00,rician,160,4,0,3941,447,3713,4159,200,100
3.00,rician,160,5,300,3729,138,3651,3788,200,100
3.00,rician,160,6,600,2976,38,4109,4146,200,100
3.00,rician,160,7,900,1771,10,4512,4521,200,100
3.00,rician,161,1,900,1754,11,3545,3555,200,100
3.00,rician,161,2,600,2993,43,3584,3626,200,100
3.00,rician,161,3,300,3705,139,3679,3817,200,100
3.00,rician,161,4,0,3946,363,3924,4286,200,100
3.00,rician,161,5,300,3738,178,3717,3894,200,100
3.00,rician,161,6,600,3020,58,4043,4100,200,100
3.00,rician,161,7,900,1739,15,4361,4375,200,100
3.00,rician,162,1,900,1726,12,3727,3738,200,100
3.00,rician,162,2,600,3048,33,4379,4411,200,100
3.00,rician,162,3,300,3721,119,4150,4268,200,100
3.00,rician,162,4,0,3982,728,3648,4375,200,100
3.00,rician,162,5,300,3740,173,4246,4418,200,100
3.00,rician,162,6,600,3020,37,3660,3696,200,100
3.00,rician,162,7,900,1756,17,3799,3815,200,100
3.00,rician,163,1,900,1758,11,3724,3734,200,100
3.00,rician,163,2,600,2979,39,3706,3744,200,100
3.00,rician,163,3,300,3735,470,3740,4209,200,100
3.00,rician,163,4,0,3945,432,4325,4756,200,100
3.00,rician,163,5,300,3681,135,4086,4220,200,100
3.00,rician,163,6,600,2977,58,3979,4036,200,100
3.00,rician,163,7,900,1780,10,3891,3900,200,100
3.00,rician,164,1,900,1727,12,3953,3964,200,100
3.00,rician,164,2,600,3068,40,4154,4193,200,100
3.00,rician,164,3,300,3740,211,3783,3993,200,100
3.00,rician,164,4,0,3932,377,3852,4228,200,100
3.00,rician,164,5,300,3728,174,3336,3509,200,100
3.00,rician,164,6,600,3012,46,3966,4011,200,100
3.00,rician,164,7,900,1727,17,3795,3811,200,100
3.00,rician,165,1,900,1692,12,4643,4654,200,100
3.00,rician,165,2,600,2986,43,4287,4329,200,100
3.00,rician,165,3,300,3704,193,4051,4243,200,100
3.00,rician,165,4,0,3941,482,3492,3973,200,100
3.00,rician,165,5,300,3713,117,3391,3507,200,100
3.00,rician,165,6,600,2977,30,4003,4032,200,100
3.00,rician,165,7,900,1730,14,3333,3346,200,100
3.00,rician,166,1,900,1754,10,3439,3448,200,100
3.00,rician,166,2,600,2978,49,4076,4124,200,100
3.00,rician,166,3,300,3744,220,3690,3909,200,100
3.00,rician,166,4,0,3911,449,3580,4028,200,100
3.00,rician,166,5,300,3735,173,3382,3554,200,100
3.00,rician,166,6,600,3007,64,4345,4408,200,100
3.00,rician,166,7,900,1731,14,4269,4282,200,100
3.00,rician,167,1,900,1733,12,3713,3724,200,100
3.00,rician,167,2,600,3022,52,3650,3701,200,100
3.00,rician,167,3,300,3750,175,4464,4638,200,100
3.00,rician,167,4,0,3940,673,3790,4462,200,100
3.00,rician,167,5,300,3686,159,3892,4050,200,100
3.00,rician,167,6,600,2987,62,4071,4132,200,100
3.00,rician,167,7,900,1713,11,3834,3844,200,100
3.00,rician,168,1,900,1760,12,4211,4222,200,100
3.00,rician,168,2,600,3036,50,4175,4224,200,100
3.00,rician,168,3,300,3721,139,3727,3865,200,100
3.00,rician,168,4,0,3924,679,3601,4279,200,100
3.00,rician,168,5,300,3674,236,3773,4008,200,100
3.00,rician,168,6,600,2958,32,4113,4144,200,100
3.00,rician,168,7,900,1680,12,3692,3703,200,100
3.00,rician,169,1,900,1797,18,4347,4364,200,100
3.00,rician,169,2,600,2979,39,4023,4061,200,100
3.00,rician,169,3,300,3753,223,3568,3790,200,100
3.00,rician,169,4,0,3956,382,3673,4054,200,100
3.00,rician,169,5,300,3723,231,3829,4059,200,100
3.00,rician,169,6,600,2996,44,3856,3899,200,100
3.00,rician,169,7,900,1739,11,3673,3683,200,100
3.00,rician,170,1,900,1724,15,4523,4537,200,100
3.00,rician,170,2,600,3008,47,4000,4046,200,100
3.00,rician,170,3,300,3687,191,3722,3912,200,100
3.00,rician,170,4,0,3918,818,3669,4486,200,100
3.00,rician,170,5,300,3718,213,3522,3734,200,100
3.00,rician,170,6,600,3024,37,3821,3857,200,100
3.00,rician,170,7,900,1825,15,4320,4334,200,100
3.00,rician,171,1,900,1735,13,3710,3722,200,100
3.00,rician,171,2,600,2955,63,3790,3852,200,100
3.00,rician,171,3,300,3687,275,3810,4084,200,100
3.00,rician,171,4,0,3898,408,3563,3970,200,100
3.00,rician,171,5,300,3720,141,3767,3907,200,100
3.00,rician,171,6,600,2942,56,3408,3463,200,100
3.00,rician,171,7,900,1731,15,3258,3272,200,100
3.00,rician,172,1,900,1738,13,4085,4097,200,100
3.00,rician,172,2,600,3044,60,4520,4579,200,100
3.00,rician,172,3,300,3707,252,4012,4263,200,100
3.00,rician,172,4,0,3913,696,3616,4311,200,100
3.00,rician,172,5,300,3742,373,3436,3808,200,100
3.00,rician,172,6,600,2964,35,4126,4160,200,100
3.00,rician,172,7,900,1714,14,3714,3727,200,100
3.00,rician,173,1,900,1765,11,3172,3182,200,100
3.00,rician,173,2,600,2986,42,4136,4177,200,100
3.00,rician,173,3,300,3711,209,3412,3620,200,100
3.00,rician,173,4,0,3938,337,4060,4396,200,100
3.00,rician,173,5,300,3708,140,3714,3853,200,100
3.00,rician,173,6,600,3095,44,4190,4233,200,100
3.00,rician,173,7,900,1751,11,4706,4716,200,100
3.00,rician,174,1,900,1773,12,4510,4521,200,100
3.00,rician,174,2,600,2992,57,3869,3925,200,100
3.00,rician,174,3,300,3699,154,4305,4458,200,100
3.00,rician,174,4,0,3962,754,3845,4598,200,100
3.00,rician,174,5,300,3726,104,4493,4596,200,100
3.00,rician,174,6,600,2971,38,3727,3764,200,100
3.00,rician,174,7,900,1716,12,4054,4065,200,100
3.00,rician,175,1,900,1682,10,4062,4071,200,100
3.00,rician,175,2,600,2961,43,3534,3576,200,100
3.00,rician,175,3,300,3749,143,3598,3740,200,100
3.00,rician,175,4,0,3924,860,3732,4591,200,100
3.00,rician,175,5,300,3685,204,3724,3927,200,100
3.00,rician,175,6,600,3031,51,3425,3475,200,100
3.00,rician,175,7,900,1738,10,3748,3757,200,100
3.00,rician,176,1,900,1750,13,4416,4428,200,100
3.00,rician,176,2,600,3010,42,3868,3909,200,100
3.00,rician,176,3,300,3687,247,4019,4265,200,100
3.00,rician,176,4,0,3930,601,3754,4354,200,100
3.00,rician,176,5,300,3713,174,3588,3761,200,100
3.00,rician,176,6,600,3047,59,3548,3606,200,100
3.00,rician,176,7,900,1751,12,3677,3688,200,100
3.00,rician,177,1,900,1814,17,3981,3997,200,100
3.00,rician,177,2,600,2977,34,4547,4580,200,100
3.00,rician,177,3,300,3735,161,3848,4008,200,100
3.00,rician,177,4,0,3958,422,3655,4076,200,100
3.00,rician,177,5,300,3754,208,3823,4030,200,100
3.00,rician,177,6,600,2965,45,3879,3923,200,100
3.00,rician,177,7,900,1761,10,4428,4437,200,100
3.00,rician,178,1,900,1777,11,3763,3773,200,100
3.00,rician,178,2,600,3048,51,4032,4082,200,100
3.00,rician,178,3,300,3742,262,3461,3722,200,100
3.00,rician,178,4,0,3929,201,3930,4130,200,100
3.00,rician,178,5,300,3731,173,3716,3888,200,100
3.00,rician,178,6,600,3015,32,3908,3939,200,100
3.00,rician,178,7,900,1782,18,3475,3492,200,100
3.00,rician,179,1,900,1766,15,3733,3747,200,100
3.00,rician,179,2,600,3022,49,3632,3680,200,100
3.00,rician,179,3,300,3707,136,4233,4368,200,100
3.00,rician,179,4,0,3913,705,3461,4165,200,100
3.00,rician,179,5,300,3632,212,3820,4031,200,100
3.00,rician,179,6,600,2946,33,3741,3773,200,100
3.00,rician,179,7,900,1704,12,4060,4071,200,100
3.00,rician,180,1,900,1758,15,4175,4189,200,100
3.00,rician,180,2,600,2990,64,3490,3553,200,100
3.00,rician,180,3,300,3674,149,4082,4230,200,100
3.00,rician,180,4,0,3928,525,4024,4548,200,100
3.00,rician,180,5,300,3710,176,3544,3719,200,100
3.00,rician,180,6,600,3003,52,3778,3829,200,100
3.00,rician,180,7,900,1776,13,3855,3867,200,100
3.00,rician,181,1,900,1739,15,4136,4150,200,100
3.00,rician,181,2,600,3026,39,3939,3977,200,100
3.00,rician,181,3,300,3724,139,3544,3682,200,100
3.00,rician,181,4,0,3899,320,3758,4077,200,100
3.00,rician,181,5,300,3714,262,4125,4386,200,100
3.00,rician,181,6,600,3039,55,3564,3618,200,100
3.00,rician,181,7,900,1788,15,3688,3702,200,100
3.00,rician,182,1,900,1708,13,4261,4273,200,100
3.00,rician,182,2,600,2968,62,3943,4004,200,100
3.00,rician,182,3,300,3703,355,3936,4290,200,100
3.00,rician,182,4,0,3944,1088,3428,4515,200,100
3.00,rician,182,5,300,3725,188,3423,3610,200,100
3.00,rician,182,6,600,2955,37,4373,4409,200,100
3.00,rician,182,7,900,1779,14,4217,4230,200,100
3.00,rician,183,1,900,1725,9,3418,3426,200,100
3.00,rician,183,2,600,2973,38,4053,4090,200,100
3.00,rician,183,3,300,3767,325,4018,4342,200,100
3.00,rician,183,4,0,3954,698,3594,4291,200,100
3.00,rician,183,5,300,3732,309,4036,4344,200,100
3.00,rician,183,6,600,2996,54,4202,4255,200,100
3.00,rician,183,7,900,1792,12,3431,3442,200,100
3.00,rician,184,1,900,1744,15,4239,4253,200,100
3.00,rician,184,2,600,3022,60,3641,3700,200,100
3.00,rician,184,3,300,3712,148,3986,4133,200,100
3.00,rician,184,4,0,3925,815,3620,4434,200,100
3.00,rician,184,5,300,3669,187,4117,4303,200,100
3.00,rician,184,6,600,2969,42,4285,4326,200,100
3.00,rician,184,7,900,1818,15,4018,4032,200,100
3.00,rician,185,1,900,1769,15,4597,4611,200,100
3.00,rician,185,2,600,2988,37,4076,4112,200,100
3.00,rician,185,3,300,3691,204,3901,4104,200,100
3.00,rician,185,4,0,3936,548,4101,4648,200,100
3.00,rician,185,5,300,3707,128,3738,3865,200,100
3.00,rician,185,6,600,2933,50,4246,4295,200,100
3.00,rician,185,7,900,1708,13,3785,3797,200,100
3.00,rician,186,1,900,1792,12,3974,3985,200,100
3.00,rician,186,2,600,2992,44,3975,4018,200,100
3.00,rician,186,3,300,3710,148,4033,4180,200,100
3.00,rician,186,4,0,3966,1011,3397,4407,200,100
3.00,rician,186,5,300,3735,161,3984,4144,200,100
3.00,rician,186,6,600,2986,45,3733,3777,200,100
3.00,rician,186,7,900,1717,18,4267,4284,200,100
3.00,rician,187,1,900,1814,18,3509,3526,200,100
3.00,rician,187,2,600,2956,46,3986,4031,200,100
3.00,rician,187,3,300,3684,217,3841,4057,200,100
3.00,rician,187,4,0,3933,346,4080,4425,200,100
3.00,rician,187,5,300,3703,192,4216,4407,200,100
3.00,rician,187,6,600,3011,36,3706,3741,200,100
3.00,rician,187,7,900,1744,13,3912,3924,200,100
3.00,rician,188,1,900,1766,20,3486,3505,200,100
3.00,rician,188,2,600,3010,40,3667,3706,200,100
3.00,rician,188,3,300,3671,141,3952,4092,200,100
3.00,rician,188,4,0,3945,391,3910,4300,200,100
3.00,rician,188,5,300,3727,188,4136,4323,200,100
3.00,rician,188,6,600,2965,58,3830,3887,200,100
3.00,rician,188,7,900,1764,16,4341,4356,200,100
3.00,rician,189,1,900,1735,14,3888,3901,200,100
3.00,rician,189,2,600,2959,33,4361,4393,200,100
3.00,rician,189,3,300,3708,159,3663,3821,200,100
3.00,rician,189,4,0,3921,320,3527,3846,200,100
3.00,rician,189,5,300,3729,132,3599,3730,200,100
3.00,rician,189,6,600,3020,48,3561,3608,200,100
3.00,rician,189,7,900,1793,12,4261,4272,200,100
3.00,rician,190,1,900,1748,12,4432,4443,200,100
3.00,rician,190,2,600,3011,38,3862,3899,200,100
3.00,rician,190,3,300,3703,143,3570,3712,200,100
3.00,rician,190,4,0,3923,387,3608,3994,200,100
3.00,rician,190,5,300,3712,198,3641,3838,200,100
3.00,rician,190,6,600,2954,47,4347,4393,200,100
3.00,rician,190,7,900,1724,11,4196,4206,200,100
3.00,rician,191,1,900,1737,15,4341,4355,200,100
3.00,rician,191,2,600,2984,47,3916,3962,200,100
3.00,rician,191,3,300,3737,368,3767,4134,200,100
3.00,rician,191,4,0,3916,169,4446,4614,200,100
3.00,rician,191,5,300,3698,236,3604,3839,200,100
3.00,rician,191,6,600,2978,109,4176,4284,200,100
3.00,rician,191,7,900,1744,17,4564,4580,200,100
3.00,rician,192,1,900,1743,14,3599,3612,200,100
3.00,rician,192,2,600,2976,35,3512,3546,200,100
3.00,rician,192,3,300,3695,158,3939,4096,200,100
3.00,rician,192,4,0,3981,475,3735,4209,200,100
3.00,rician,192,5,300,3652,154,4036,4189,200,100
3.00,rician,192,6,600,3005,41,3257,3297,200,100
3.00,rician,192,7,900,1727,11,3818,3828,200,100
3.00,rician,193,1,900,1820,14,3711,3724,200,100
3.00,rician,193,2,600,3026,34,4062,4095,200,100
3.00,rician,193,3,300,3683,248,3774,4021,200,100
3.00,rician,193,4,0,3900,350,3862,4211,200,100
3.00,rician,193,5,300,3716,106,3579,3684,200,100
3.00,rician,193,6,600,2957,37,4625,4661,200,100
3.00,rician,193,7,900,1764,12,4267,4278,200,100
3.00,rician,194,1,900,1752,10,5002,5011,200,100
3.00,rician,194,2,600,2986,50,4043,4092,200,100
3.00,rician,194,3,300,3755,134,3373,3506,200,100
3.00,rician,194,4,0,3956,469,3711,4179,200,100
3.00,rician,194,5,300,3710,128,3784,3911,200,100
3.00,rician,194,6,600,2974,46,4038,4083,200,100
3.00,rician,194,7,900,1783,15,3952,3966,200,100
3.00,rician,195,1,900,1752,17,4104,4120,200,100
3.00,rician,195,2,600,2975,41,3859,3899,200,100
3.00,rician,195,3,300,3691,176,3652,3827,200,100
3.00,rician,195,4,0,3927,913,3696,4608,200,100
3.00,rician,195,5,300,3733,199,3907,4105,200,100
3.00,rician,195,6,600,3051,53,4246,4298,200,100
3.00,rician,195,7,900,1734,10,4021,4030,200,100
3.00,rician,196,1,900,1734,14,4192,4205,200,100
3.00,rician,196,2,600,2990,46,4231,4276,200,100
3.00,rician,196,3,300,3734,193,4501,4693,200,100
3.00,rician,196,4,0,3945,240,3713,3952,200,100
3.00,rician,196,5,300,3735,198,3817,4014,200,100
3.00,rician,196,6,600,2945,41,3729,3769,200,100
3.00,rician,196,7,900,1779,11,3471,3481,200,100
3.00,rician,197,1,900,1798,12,4113,4124,200,100
3.00,rician,197,2,600,3002,40,4687,4726,200,100
3.00,rician,197,3,300,3700,175,3855,4029,200,100
3.00,rician,197,4,0,3932,491,3598,4088,200,100
3.00,rician,197,5,300,3710,160,4020,4179,200,100
3.00,rician,197,6,600,2976,36,3549,3584,200,100
3.00,rician,197,7,900,1767,14,4278,4291,200,100
3.00,rician,198,1,900,1734,11,4411,4421,200,100
3.00,rician,198,2,600,2918,44,4143,4186,200,100
3.00,rician,198,3,300,3740,139,4147,4285,200,100
3.00,rician,198,4,0,3978,603,3858,4460,200,100
3.00,rician,198,5,300,3705,146,3871,4016,200,100
3.00,rician,198,6,600,3074,35,3856,3890,200,100
3.00,rician,198,7,900,1744,12,4225,4236,200,100
3.00,rician,199,1,900,1733,12,3329,3340,200,100
3.00,rician,199,2,600,3004,52,3399,3450,200,100
3.00,rician,199,3,300,3687,139,3500,3638,200,100
3.00,rician,199,4,0,3895,639,3781,4419,200,100
3.00,rician,199,5,300,3729,93,4267,4359,200,100
3.00,rician,199,6,600,3019,32,4076,4107,200,100
3.00,rician,199,7,900,1718,16,4651,4666,200,100
3.00,rician,200,1,900,1792,12,3546,3557,200,100
3.00,rician,200,2,600,3010,33,3887,3919,200,100
3.00,rician,200,3,300,3698,104,3671,3774,200,100
3.00,rician,200,4,0,3910,711,3437,4147,200,100
3.00,rician,200,5,300,3723,149,3573,3721,200,100
3.00,rician,200,6,600,3004,74,3751,3824,200,100
3.00,rician,200,7,900,1720,11,3441,3451,200,100
