prxDbm,per,n
-110.00,1.000000,4000
-109.75,1.000000,4000
-109.50,1.000000,4000
-109.25,1.000000,4000
-109.00,1.000000,4000
-108.75,1.000000,4000
-108.50,1.000000,4000
-108.25,1.000000,4000
-108.00,1.000000,4000
-107.75,1.000000,4000
-107.50,1.000000,4000
-107.25,1.000000,4000
-107.00,1.000000,4000
-106.75,1.000000,4000
-106.50,1.000000,4000
-106.25,1.000000,4000
-106.00,1.000000,4000
-105.75,1.000000,4000
-105.50,1.000000,4000
-105.25,1.000000,4000
-105.00,1.000000,4000
-104.75,1.000000,4000
-104.50,1.000000,4000
-104.25,1.000000,4000
-104.00,1.000000,4000
-103.75,1.000000,4000
-103.50,1.000000,4000
-103.25,1.000000,4000
-103.00,1.000000,4000
-102.75,1.000000,4000
-102.50,0.997750,4000
-102.25,0.987000,4000
-102.00,0.956500,4000
-101.75,0.883750,4000
-101.50,0.763500,4000
-101.25,0.611500,4000
-101.00,0.442750,4000
-100.75,0.297000,4000
-100.50,0.182750,4000
-100.25,0.121250,4000
-100.00,0.062000,4000
-99.75,0.033250,4000
-99.50,0.017000,4000
-99.25,0.008500,4000
-99.00,0.002500,4000
-98.75,0.001000,4000
-98.50,0.001000,4000
-98.25,0.000250,4000
-98.00,0.000000,4000
-97.75,0.000000,4000
-97.50,0.000000,4000
-97.25,0.000000,4000
-97.00,0.000000,4000
-96.75,0.000000,4000
-96.50,0.000000,4000
-96.25,0.000000,4000
-96.00,0.000000,4000
-95.75,0.000000,4000
-95.50,0.000000,4000
-95.25,0.000000,4000
-95.00,0.000000,4000
-94.75,0.000000,4000
-94.50,0.000000,4000
-94.25,0.000000,4000
-94.00,0.000000,4000
-93.75,0.000000,4000
-93.50,0.000000,4000
-93.25,0.000000,4000
-93.00,0.000000,4000
-92.75,0.000000,4000
-92.50,0.000000,4000
-92.25,0.000000,4000
-92.00,0.000000,4000
-91.75,0.000000,4000
-91.50,0.000000,4000
-91.25,0.000000,4000
-91.00,0.000000,4000
-90.75,0.000000,4000
-90.50,0.000000,4000
-90.25,0.000000,4000
-90.00,0.000000,4000
