alpha,fading,pass,node,lateralM,received,longest,runStart,runEnd
2.60,rician,1,1,900,4184,49,3875,3923
2.60,rician,1,2,600,5034,92,3845,3936
2.60,rician,1,3,300,5521,401,3889,4289
2.60,rician,1,4,0,5627,771,3630,4400
2.60,rician,1,5,300,5501,319,3982,4300
2.60,rician,1,6,600,5031,106,3591,3696
2.60,rician,1,7,900,4275,30,3959,3988
2.60,rician,2,1,900,4218,37,3538,3574
2.60,rician,2,2,600,5034,96,4005,4100
2.60,rician,2,3,300,5537,383,4278,4660
2.60,rician,2,4,0,5706,731,3375,4105
2.60,rician,2,5,300,5578,335,4093,4427
2.60,rician,2,6,600,5063,128,3682,3809
2.60,rician,2,7,900,4233,68,4299,4366
2.60,rician,3,1,900,4262,41,4914,4954
2.60,rician,3,2,600,5017,106,3437,3542
2.60,rician,3,3,300,5512,235,3189,3423
2.60,rician,3,4,0,5618,1075,3292,4366
2.60,rician,3,5,300,5505,312,3798,4109
2.60,rician,3,6,600,5093,119,4396,4514
2.60,rician,3,7,900,4236,53,3948,4000
2.60,rician,4,1,900,4221,31,4496,4526
2.60,rician,4,2,600,5089,99,4059,4157
2.60,rician,4,3,300,5551,321,3864,4184
2.60,rician,4,4,0,5657,731,3296,4026
2.60,rician,4,5,300,5521,288,3678,3965
2.60,rician,4,6,600,5069,153,4005,4157
2.60,rician,4,7,900,4301,55,3338,3392
2.60,rician,5,1,900,4280,30,3692,3721
2.60,rician,5,2,600,5058,102,3824,3925
2.60,rician,5,3,300,5562,681,3620,4300
2.60,rician,5,4,0,5617,561,3554,4114
2.60,rician,5,5,300,5521,284,3693,3976
2.60,rician,5,6,600,5099,198,4196,4393
2.60,rician,5,7,900,4219,31,2990,3020
2.60,rician,6,1,900,4303,36,3545,3580
2.60,rician,6,2,600,5123,111,4115,4225
2.60,rician,6,3,300,5561,246,4426,4671
2.60,rician,6,4,0,5674,536,3331,3866
2.60,rician,6,5,300,5517,378,3795,4172
2.60,rician,6,6,600,5092,86,4859,4944
2.60,rician,6,7,900,4245,32,4328,4359
2.60,rician,7,1,900,4227,40,4442,4481
2.60,rician,7,2,600,5086,88,3007,3094
2.60,rician,7,3,300,5481,223,3993,4215
2.60,rician,7,4,0,5649,1145,3416,4560
2.60,rician,7,5,300,5551,541,3542,4082
2.60,rician,7,6,600,5083,59,3999,4057
2.60,rician,7,7,900,4297,50,3013,3062
2.60,rician,8,1,900,4212,36,4366,4401
2.60,rician,8,2,600,5081,91,4450,4540
2.60,rician,8,3,300,5526,211,3468,3678
2.60,rician,8,4,0,5651,542,3582,4123
2.60,rician,8,5,300,5508,431,3469,3899
2.60,rician,8,6,600,5106,101,4404,4504
2.60,rician,8,7,900,4272,43,3790,3832
2.60,rician,9,1,900,4236,42,4189,4230
2.60,rician,9,2,600,5068,89,4288,4376
2.60,rician,9,3,300,5527,297,3448,3744
2.60,rician,9,4,0,5680,1333,3369,4701
2.60,rician,9,5,300,5459,164,3942,4105
2.60,rician,9,6,600,5043,84,3358,3441
2.60,rician,9,7,900,4227,35,4188,4222
2.60,rician,10,1,900,4156,29,3374,3402
2.60,rician,10,2,600,5021,87,3988,4074
2.60,rician,10,3,300,5557,464,3888,4351
2.60,rician,10,4,0,5687,704,3738,4441
2.60,rician,10,5,300,5559,314,4007,4320
2.60,rician,10,6,600,5086,96,4088,4183
2.60,rician,10,7,900,4229,53,4247,4299
2.60,rician,11,1,900,4212,34,3706,3739
2.60,rician,11,2,600,5110,144,4295,4438
2.60,rician,11,3,300,5498,253,4406,4658
2.60,rician,11,4,0,5689,550,3889,4438
2.60,rician,11,5,300,5528,373,3188,3560
2.60,rician,11,6,600,5106,114,4196,4309
2.60,rician,11,7,900,4270,35,4650,4684
2.60,rician,12,1,900,4216,37,3777,3813
2.60,rician,12,2,600,5044,95,4565,4659
2.60,rician,12,3,300,5497,294,3738,4031
2.60,rician,12,4,0,5628,834,3516,4349
2.60,rician,12,5,300,5498,286,3964,4249
2.60,rician,12,6,600,5055,134,4148,4281
2.60,rician,12,7,900,4266,27,4372,4398
2.60,rician,13,1,900,4319,31,4608,4638
2.60,rician,13,2,600,5086,85,3201,3285
2.60,rician,13,3,300,5533,210,3923,4132
2.60,rician,13,4,0,5653,767,3660,4426
2.60,rician,13,5,300,5569,205,3926,4130
2.60,rician,13,6,600,5183,88,4499,4586
2.60,rician,13,7,900,4262,30,4112,4141
2.60,rician,14,1,900,4331,61,4020,4080
2.60,rician,14,2,600,5071,106,3980,4085
2.60,rician,14,3,300,5466,232,3898,4129
2.60,rician,14,4,0,5663,810,3357,4166
2.60,rician,14,5,300,5515,216,4427,4642
2.60,rician,14,6,600,5052,84,3740,3823
2.60,rician,14,7,900,4260,45,3477,3521
2.60,rician,15,1,900,4284,34,3919,3952
2.60,rician,15,2,600,5105,82,4211,4292
2.60,rician,15,3,300,5565,368,4064,4431
2.60,rician,15,4,0,5695,1082,3531,4612
2.60,rician,15,5,300,5499,235,4021,4255
2.60,rician,15,6,600,5049,104,3833,3936
2.60,rician,15,7,900,4216,43,3669,3711
2.60,rician,16,1,900,4239,37,4025,4061
2.60,rician,16,2,600,5082,116,4279,4394
2.60,rician,16,3,300,5531,400,4308,4707
2.60,rician,16,4,0,5650,857,3762,4618
2.60,rician,16,5,300,5488,437,4095,4531
2.60,rician,16,6,600,4991,72,3517,3588
2.60,rician,16,7,900,4311,35,4531,4565
2.60,rician,17,1,900,4195,33,4661,4693
2.60,rician,17,2,600,5076,94,4370,4463
2.60,rician,17,3,300,5542,294,3631,3924
2.60,rician,17,4,0,5629,1348,3444,4791
2.60,rician,17,5,300,5518,347,4030,4376
2.60,rician,17,6,600,5105,156,4314,4469
2.60,rician,17,7,900,4290,43,4666,4708
2.60,rician,18,1,900,4259,32,4935,4966
2.60,rician,18,2,600,5055,98,3854,3951
2.60,rician,18,3,300,5552,292,3832,4123
2.60,rician,18,4,0,5682,632,3650,4281
2.60,rician,18,5,300,5551,386,3872,4257
2.60,rician,18,6,600,5083,94,3629,3722
2.60,rician,18,7,900,4220,32,3582,3613
2.60,rician,19,1,900,4226,49,3742,3790
2.60,rician,19,2,600,5070,141,3802,3942
2.60,rician,19,3,300,5518,250,3963,4212
2.60,rician,19,4,0,5701,1138,3412,4549
2.60,rician,19,5,300,5530,394,3960,4353
2.60,rician,19,6,600,5106,103,4510,4612
2.60,rician,19,7,900,4220,45,3282,3326
2.60,rician,20,1,900,4278,34,4280,4313
2.60,rician,20,2,600,5047,90,4628,4717
2.60,rician,20,3,300,5447,458,3683,4140
2.60,rician,20,4,0,5658,1074,3497,4570
2.60,rician,20,5,300,5498,278,4001,4278
2.60,rician,20,6,600,5038,83,3319,3401
2.60,rician,20,7,900,4284,30,3623,3652
2.60,rician,21,1,900,4246,35,4621,4655
2.60,rician,21,2,600,5099,93,3410,3502
2.60,rician,21,3,300,5493,320,3222,3541
2.60,rician,21,4,0,5702,1242,3363,4604
2.60,rician,21,5,300,5537,324,3807,4130
2.60,rician,21,6,600,5025,82,3492,3573
2.60,rician,21,7,900,4281,43,3641,3683
2.60,rician,22,1,900,4241,35,3676,3710
2.60,rician,22,2,600,5064,129,3703,3831
2.60,rician,22,3,300,5524,483,3662,4144
2.60,rician,22,4,0,5661,694,3576,4269
2.60,rician,22,5,300,5563,494,3734,4227
2.60,rician,22,6,600,5115,99,4835,4933
2.60,rician,22,7,900,4284,44,4500,4543
2.60,rician,23,1,900,4311,32,4062,4093
2.60,rician,23,2,600,5086,103,4123,4225
2.60,rician,23,3,300,5536,399,4254,4652
2.60,rician,23,4,0,5714,1073,3503,4575
2.60,rician,23,5,300,5509,180,4467,4646
2.60,rician,23,6,600,5027,74,3542,3615
2.60,rician,23,7,900,4266,40,4086,4125
2.60,rician,24,1,900,4184,32,4736,4767
2.60,rician,24,2,600,5088,93,3933,4025
2.60,rician,24,3,300,5467,282,3710,3991
2.60,rician,24,4,0,5673,657,3309,3965
2.60,rician,24,5,300,5526,213,3983,4195
2.60,rician,24,6,600,5029,172,4448,4619
2.60,rician,24,7,900,4208,26,4128,4153
2.60,rician,25,1,900,4268,37,3507,3543
2.60,rician,25,2,600,5096,113,3980,4092
2.60,rician,25,3,300,5519,326,4298,4623
2.60,rician,25,4,0,5667,747,3437,4183
2.60,rician,25,5,300,5505,339,3866,4204
2.60,rician,25,6,600,4993,75,3616,3690
2.60,rician,25,7,900,4246,39,4107,4145
2.60,rician,26,1,900,4223,37,3157,3193
2.60,rician,26,2,600,5083,80,3606,3685
2.60,rician,26,3,300,5512,297,3607,3903
2.60,rician,26,4,0,5658,943,3609,4551
2.60,rician,26,5,300,5559,400,3981,4380
2.60,rician,26,6,600,5109,77,3941,4017
2.60,rician,26,7,900,4213,33,4614,4646
2.60,rician,27,1,900,4187,31,4165,4195
2.60,rician,27,2,600,5117,93,4068,4160
2.60,rician,27,3,300,5506,655,3747,4401
2.60,rician,27,4,0,5704,1207,3544,4750
2.60,rician,27,5,300,5492,261,4669,4929
2.60,rician,27,6,600,5033,103,3654,3756
2.60,rician,27,7,900,4187,32,3933,3964
2.60,rician,28,1,900,4271,44,3223,3266
2.60,rician,28,2,600,5039,137,4081,4217
2.60,rician,28,3,300,5465,281,3583,3863
2.60,rician,28,4,0,5665,1206,3377,4582
2.60,rician,28,5,300,5494,446,3668,4113
2.60,rician,28,6,600,5053,85,4569,4653
2.60,rician,28,7,900,4233,39,3748,3786
2.60,rician,29,1,900,4205,39,3753,3791
2.60,rician,29,2,600,5024,103,4234,4336
2.60,rician,29,3,300,5503,162,4017,4178
2.60,rician,29,4,0,5683,960,3624,4583
2.60,rician,29,5,300,5554,166,3392,3557
2.60,rician,29,6,600,5095,175,3913,4087
2.60,rician,29,7,900,4224,37,4934,4970
2.60,rician,30,1,900,4209,43,4512,4554
2.60,rician,30,2,600,5067,109,4412,4520
2.60,rician,30,3,300,5527,724,3491,4214
2.60,rician,30,4,0,5627,563,3724,4286
2.60,rician,30,5,300,5602,266,4021,4286
2.60,rician,30,6,600,5054,117,3953,4069
2.60,rician,30,7,900,4239,66,4551,4616
2.60,rician,31,1,900,4285,64,3645,3708
2.60,rician,31,2,600,5052,93,3631,3723
2.60,rician,31,3,300,5517,217,3715,3931
2.60,rician,31,4,0,5623,684,3985,4668
2.60,rician,31,5,300,5558,241,3712,3952
2.60,rician,31,6,600,5010,140,4124,4263
2.60,rician,31,7,900,4227,34,3541,3574
2.60,rician,32,1,900,4266,42,4323,4364
2.60,rician,32,2,600,5098,77,4549,4625
2.60,rician,32,3,300,5545,319,4416,4734
2.60,rician,32,4,0,5694,863,3687,4549
2.60,rician,32,5,300,5494,284,3524,3807
2.60,rician,32,6,600,5028,61,3743,3803
2.60,rician,32,7,900,4265,50,3041,3090
2.60,rician,33,1,900,4228,43,3345,3387
2.60,rician,33,2,600,5022,91,4130,4220
2.60,rician,33,3,300,5591,248,4024,4271
2.60,rician,33,4,0,5642,640,3822,4461
2.60,rician,33,5,300,5483,295,3658,3952
2.60,rician,33,6,600,5038,94,4939,5032
2.60,rician,33,7,900,4204,34,3806,3839
2.60,rician,34,1,900,4293,39,4088,4126
2.60,rician,34,2,600,5056,94,3724,3817
2.60,rician,34,3,300,5479,242,4277,4518
2.60,rician,34,4,0,5624,523,3696,4218
2.60,rician,34,5,300,5525,210,3746,3955
2.60,rician,34,6,600,5036,111,3421,3531
2.60,rician,34,7,900,4223,36,4136,4171
2.60,rician,35,1,900,4298,33,4768,4800
2.60,rician,35,2,600,5040,126,4136,4261
2.60,rician,35,3,300,5609,205,4162,4366
2.60,rician,35,4,0,5603,603,3794,4396
2.60,rician,35,5,300,5537,333,3934,4266
2.60,rician,35,6,600,5034,118,3719,3836
2.60,rician,35,7,900,4202,43,3582,3624
2.60,rician,36,1,900,4285,42,4588,4629
2.60,rician,36,2,600,5083,91,4096,4186
2.60,rician,36,3,300,5509,385,3907,4291
2.60,rician,36,4,0,5712,1242,3483,4724
2.60,rician,36,5,300,5510,559,3683,4241
2.60,rician,36,6,600,5080,147,3705,3851
2.60,rician,36,7,900,4235,42,3340,3381
2.60,rician,37,1,900,4256,40,3840,3879
2.60,rician,37,2,600,5054,92,3397,3488
2.60,rician,37,3,300,5557,418,3755,4172
2.60,rician,37,4,0,5653,924,3545,4468
2.60,rician,37,5,300,5553,286,4200,4485
2.60,rician,37,6,600,5078,68,3776,3843
2.60,rician,37,7,900,4202,55,3783,3837
2.60,rician,38,1,900,4297,30,3710,3739
2.60,rician,38,2,600,5030,156,3830,3985
2.60,rician,38,3,300,5475,478,3764,4241
2.60,rician,38,4,0,5684,1143,3580,4722
2.60,rician,38,5,300,5580,367,3641,4007
2.60,rician,38,6,600,5098,89,3564,3652
2.60,rician,38,7,900,4247,37,3670,3706
2.60,rician,39,1,900,4315,33,4340,4372
2.60,rician,39,2,600,5043,107,3955,4061
2.60,rician,39,3,300,5583,344,3395,3738
2.60,rician,39,4,0,5629,792,3548,4339
2.60,rician,39,5,300,5489,328,3770,4097
2.60,rician,39,6,600,5014,77,3746,3822
2.60,rician,39,7,900,4261,33,3659,3691
2.60,rician,40,1,900,4208,32,4659,4690
2.60,rician,40,2,600,5068,81,3949,4029
2.60,rician,40,3,300,5490,204,4165,4368
2.60,rician,40,4,0,5747,1049,3573,4621
2.60,rician,40,5,300,5473,356,4280,4635
2.60,rician,40,6,600,5032,65,4153,4217
2.60,rician,40,7,900,4243,35,4999,5033
2.60,rician,41,1,900,4219,32,4033,4064
2.60,rician,41,2,600,5109,78,4250,4327
2.60,rician,41,3,300,5552,331,3915,4245
2.60,rician,41,4,0,5679,1350,3282,4631
2.60,rician,41,5,300,5555,422,3643,4064
2.60,rician,41,6,600,5051,61,3870,3930
2.60,rician,41,7,900,4282,39,3776,3814
2.60,rician,42,1,900,4251,35,4718,4752
2.60,rician,42,2,600,5002,109,4077,4185
2.60,rician,42,3,300,5544,341,4059,4399
2.60,rician,42,4,0,5657,625,4026,4650
2.60,rician,42,5,300,5495,450,3678,4127
2.60,rician,42,6,600,5022,93,3579,3671
2.60,rician,42,7,900,4290,33,4402,4434
2.60,rician,43,1,900,4275,37,3616,3652
2.60,rician,43,2,600,5055,108,4371,4478
2.60,rician,43,3,300,5570,299,3726,4024
2.60,rician,43,4,0,5610,810,3631,4440
2.60,rician,43,5,300,5549,546,3681,4226
2.60,rician,43,6,600,5040,65,3774,3838
2.60,rician,43,7,900,4298,44,3956,3999
2.60,rician,44,1,900,4296,35,3588,3622
2.60,rician,44,2,600,5096,105,3885,3989
2.60,rician,44,3,300,5517,188,3645,3832
2.60,rician,44,4,0,5718,658,3607,4264
2.60,rician,44,5,300,5484,515,3454,3968
2.60,rician,44,6,600,5068,102,3261,3362
2.60,rician,44,7,900,4186,41,4038,4078
2.60,rician,45,1,900,4238,29,3353,3381
2.60,rician,45,2,600,5040,97,4762,4858
2.60,rician,45,3,300,5513,209,3611,3819
2.60,rician,45,4,0,5651,757,3627,4383
2.60,rician,45,5,300,5541,497,3983,4479
2.60,rician,45,6,600,5025,88,4360,4447
2.60,rician,45,7,900,4267,32,4617,4648
2.60,rician,46,1,900,4287,57,3666,3722
2.60,rician,46,2,600,5100,152,3498,3649
2.60,rician,46,3,300,5540,293,3502,3794
2.60,rician,46,4,0,5742,995,3459,4453
2.60,rician,46,5,300,5499,460,3483,3942
2.60,rician,46,6,600,5050,104,3694,3797
2.60,rician,46,7,900,4289,28,3974,4001
2.60,rician,47,1,900,4278,41,4432,4472
2.60,rician,47,2,600,5106,93,3786,3878
2.60,rician,47,3,300,5494,336,3910,4245
2.60,rician,47,4,0,5618,1029,3480,4508
2.60,rician,47,5,300,5519,773,3803,4575
2.60,rician,47,6,600,5082,103,3629,3731
2.60,rician,47,7,900,4226,33,4277,4309
2.60,rician,48,1,900,4338,36,3763,3798
2.60,rician,48,2,600,5065,89,4518,4606
2.60,rician,48,3,300,5495,328,4155,4482
2.60,rician,48,4,0,5665,374,4054,4427
2.60,rician,48,5,300,5484,1009,3412,4420
2.60,rician,48,6,600,5010,96,3769,3864
2.60,rician,48,7,900,4244,35,4198,4232
2.60,rician,49,1,900,4270,37,3340,3376
2.60,rician,49,2,600,5136,124,3349,3472
2.60,rician,49,3,300,5534,551,4122,4672
2.60,rician,49,4,0,5665,971,3352,4322
2.60,rician,49,5,300,5478,210,3168,3377
2.60,rician,49,6,600,4993,96,4200,4295
2.60,rician,49,7,900,4252,38,4744,4781
2.60,rician,50,1,900,4233,38,3350,3387
2.60,rician,50,2,600,5071,78,4528,4605
2.60,rician,50,3,300,5547,266,4113,4378
2.60,rician,50,4,0,5657,643,4083,4725
2.60,rician,50,5,300,5599,615,3767,4381
2.60,rician,50,6,600,5040,79,4377,4455
2.60,rician,50,7,900,4208,29,3615,3643
2.60,rician,51,1,900,4210,29,4307,4335
2.60,rician,51,2,600,5070,143,3679,3821
2.60,rician,51,3,300,5551,308,3895,4202
2.60,rician,51,4,0,5692,1542,3263,4804
2.60,rician,51,5,300,5518,278,3743,4020
2.60,rician,51,6,600,5042,110,3991,4100
2.60,rician,51,7,900,4184,32,3640,3671
2.60,rician,52,1,900,4247,33,4702,4734
2.60,rician,52,2,600,5071,87,3469,3555
2.60,rician,52,3,300,5484,255,3765,4019
2.60,rician,52,4,0,5674,1055,3607,4661
2.60,rician,52,5,300,5509,552,3831,4382
2.60,rician,52,6,600,5009,132,3704,3835
2.60,rician,52,7,900,4261,46,3660,3705
2.60,rician,53,1,900,4188,38,4190,4227
2.60,rician,53,2,600,5063,96,4059,4154
2.60,rician,53,3,300,5535,341,4078,4418
2.60,rician,53,4,0,5657,989,3508,4496
2.60,rician,53,5,300,5504,352,3977,4328
2.60,rician,53,6,600,5049,173,3935,4107
2.60,rician,53,7,900,4312,51,3418,3468
2.60,rician,54,1,900,4196,42,4350,4391
2.60,rician,54,2,600,5085,94,4134,4227
2.60,rician,54,3,300,5522,343,3816,4158
2.60,rician,54,4,0,5651,883,3263,4145
2.60,rician,54,5,300,5524,569,3751,4319
2.60,rician,54,6,600,5084,137,4041,4177
2.60,rician,54,7,900,4235,28,3318,3345
2.60,rician,55,1,900,4268,39,4134,4172
2.60,rician,55,2,600,5058,89,4128,4216
2.60,rician,55,3,300,5488,232,4157,4388
2.60,rician,55,4,0,5641,890,3616,4505
2.60,rician,55,5,300,5527,382,3777,4158
2.60,rician,55,6,600,5039,127,3332,3458
2.60,rician,55,7,900,4217,42,3534,3575
2.60,rician,56,1,900,4196,36,3725,3760
2.60,rician,56,2,600,5086,95,4201,4295
2.60,rician,56,3,300,5562,526,3688,4213
2.60,rician,56,4,0,5699,1119,3345,4463
2.60,rician,56,5,300,5468,289,3461,3749
2.60,rician,56,6,600,5163,106,4654,4759
2.60,rician,56,7,900,4205,34,3302,3335
2.60,rician,57,1,900,4277,41,4640,4680
2.60,rician,57,2,600,5047,118,3469,3586
2.60,rician,57,3,300,5532,240,4085,4324
2.60,rician,57,4,0,5676,841,3630,4470
2.60,rician,57,5,300,5523,477,3740,4216
2.60,rician,57,6,600,5060,173,3962,4134
2.60,rician,57,7,900,4227,39,4923,4961
2.60,rician,58,1,900,4223,42,4284,4325
2.60,rician,58,2,600,5113,103,3814,3916
2.60,rician,58,3,300,5499,296,3563,3858
2.60,rician,58,4,0,5693,645,4047,4691
2.60,rician,58,5,300,5569,461,4030,4490
2.60,rician,58,6,600,5114,114,4332,4445
2.60,rician,58,7,900,4258,56,4265,4320
2.60,rician,59,1,900,4291,39,4523,4561
2.60,rician,59,2,600,5117,82,4127,4208
2.60,rician,59,3,300,5511,242,4153,4394
2.60,rician,59,4,0,5678,860,3637,4496
2.60,rician,59,5,300,5551,216,3442,3657
2.60,rician,59,6,600,5092,89,3939,4027
2.60,rician,59,7,900,4260,56,3885,3940
2.60,rician,60,1,900,4290,32,5063,5094
2.60,rician,60,2,600,5064,162,3762,3923
2.60,rician,60,3,300,5539,327,3999,4325
2.60,rician,60,4,0,5613,1007,3510,4516
2.60,rician,60,5,300,5483,297,3908,4204
2.60,rician,60,6,600,5098,134,4072,4205
2.60,rician,60,7,900,4138,31,4626,4656
2.60,rician,61,1,900,4287,34,4517,4550
2.60,rician,61,2,600,5042,83,3881,3963
2.60,rician,61,3,300,5512,321,3560,3880
2.60,rician,61,4,0,5708,734,3930,4663
2.60,rician,61,5,300,5505,519,4050,4568
2.60,rician,61,6,600,5014,118,4053,4170
2.60,rician,61,7,900,4213,23,3496,3518
2.60,rician,62,1,900,4284,37,4603,4639
2.60,rician,62,2,600,5092,101,4247,4347
2.60,rician,62,3,300,5536,918,3641,4558
2.60,rician,62,4,0,5678,1181,3362,4542
2.60,rician,62,5,300,5553,281,3658,3938
2.60,rician,62,6,600,5074,215,4285,4499
2.60,rician,62,7,900,4262,23,4601,4623
2.60,rician,63,1,900,4218,36,3711,3746
2.60,rician,63,2,600,5117,99,3539,3637
2.60,rician,63,3,300,5450,399,3271,3669
2.60,rician,63,4,0,5663,914,3530,4443
2.60,rician,63,5,300,5499,283,4421,4703
2.60,rician,63,6,600,5059,114,4092,4205
2.60,rician,63,7,900,4264,42,3659,3700
2.60,rician,64,1,900,4193,36,3676,3711
2.60,rician,64,2,600,5085,93,4421,4513
2.60,rician,64,3,300,5517,363,3267,3629
2.60,rician,64,4,0,5686,1087,3364,4450
2.60,rician,64,5,300,5500,415,4231,4645
2.60,rician,64,6,600,5083,117,3725,3841
2.60,rician,64,7,900,4282,39,3948,3986
2.60,rician,65,1,900,4264,45,4719,4763
2.60,rician,65,2,600,5084,74,3318,3391
2.60,rician,65,3,300,5522,479,3840,4318
2.60,rician,65,4,0,5651,1021,3614,4634
2.60,rician,65,5,300,5526,344,3924,4267
2.60,rician,65,6,600,5066,85,4748,4832
2.60,rician,65,7,900,4249,41,3949,3989
2.60,rician,66,1,900,4210,42,3844,3885
2.60,rician,66,2,600,5137,88,3858,3945
2.60,rician,66,3,300,5497,313,3761,4073
2.60,rician,66,4,0,5672,1217,3209,4425
2.60,rician,66,5,300,5545,361,3911,4271
2.60,rician,66,6,600,5064,102,4380,4481
2.60,rician,66,7,900,4209,36,3411,3446
2.60,rician,67,1,900,4236,36,4099,4134
2.60,rician,67,2,600,5093,77,4498,4574
2.60,rician,67,3,300,5543,264,4207,4470
2.60,rician,67,4,0,5685,818,3887,4704
2.60,rician,67,5,300,5505,684,3606,4289
2.60,rician,67,6,600,5108,98,3848,3945
2.60,rician,67,7,900,4302,37,3716,3752
2.60,rician,68,1,900,4255,48,4193,4240
2.60,rician,68,2,600,5083,106,4119,4224
2.60,rician,68,3,300,5471,315,4650,4964
2.60,rician,68,4,0,5668,1153,3482,4634
2.60,rician,68,5,300,5565,321,4219,4539
2.60,rician,68,6,600,5057,143,3714,3856
2.60,rician,68,7,900,4225,40,4024,4063
2.60,rician,69,1,900,4260,34,3346,3379
2.60,rician,69,2,600,5085,79,3613,3691
2.60,rician,69,3,300,5553,340,3715,4054
2.60,rician,69,4,0,5680,871,3532,4402
2.60,rician,69,5,300,5529,459,3533,3991
2.60,rician,69,6,600,5059,92,3207,3298
2.60,rician,69,7,900,4269,40,3944,3983
2.60,rician,70,1,900,4239,59,3424,3482
2.60,rician,70,2,600,5057,115,3734,3848
2.60,rician,70,3,300,5607,289,4106,4394
2.60,rician,70,4,0,5624,1006,3393,4398
2.60,rician,70,5,300,5490,475,3836,4310
2.60,rician,70,6,600,5068,180,3987,4166
2.60,rician,70,7,900,4234,45,3221,3265
2.60,rician,71,1,900,4198,27,4225,4251
2.60,rician,71,2,600,5045,91,4033,4123
2.60,rician,71,3,300,5571,295,3487,3781
2.60,rician,71,4,0,5669,450,3917,4366
2.60,rician,71,5,300,5503,545,3575,4119
2.60,rician,71,6,600,5051,128,4607,4734
2.60,rician,71,7,900,4237,37,4284,4320
2.60,rician,72,1,900,4279,33,3463,3495
2.60,rician,72,2,600,5069,99,3330,3428
2.60,rician,72,3,300,5527,457,3977,4433
2.60,rician,72,4,0,5699,951,3637,4587
2.60,rician,72,5,300,5515,216,3876,4091
2.60,rician,72,6,600,5075,102,3927,4028
2.60,rician,72,7,900,4223,31,3165,3195
2.60,rician,73,1,900,4307,39,4043,4081
2.60,rician,73,2,600,5063,74,4608,4681
2.60,rician,73,3,300,5553,300,3700,3999
2.60,rician,73,4,0,5645,867,3549,4415
2.60,rician,73,5,300,5503,249,3696,3944
2.60,rician,73,6,600,5061,93,4333,4425
2.60,rician,73,7,900,4265,39,3741,3779
2.60,rician,74,1,900,4231,33,3505,3537
2.60,rician,74,2,600,5047,66,4236,4301
2.60,rician,74,3,300,5594,547,3671,4217
2.60,rician,74,4,0,5643,971,3551,4521
2.60,rician,74,5,300,5534,175,3921,4095
2.60,rician,74,6,600,5069,83,3351,3433
2.60,rician,74,7,900,4242,34,3437,3470
2.60,rician,75,1,900,4161,41,3846,3886
2.60,rician,75,2,600,5028,119,4190,4308
2.60,rician,75,3,300,5519,398,3968,4365
2.60,rician,75,4,0,5640,872,3662,4533
2.60,rician,75,5,300,5559,393,4186,4578
2.60,rician,75,6,600,5062,135,4068,4202
2.60,rician,75,7,900,4271,36,3219,3254
2.60,rician,76,1,900,4237,34,4075,4108
2.60,rician,76,2,600,5081,100,3819,3918
2.60,rician,76,3,300,5483,540,3503,4042
2.60,rician,76,4,0,5635,1062,3371,4432
2.60,rician,76,5,300,5550,533,3576,4108
2.60,rician,76,6,600,5023,118,3847,3964
2.60,rician,76,7,900,4263,40,4236,4275
2.60,rician,77,1,900,4111,29,4331,4359
2.60,rician,77,2,600,5074,94,3902,3995
2.60,rician,77,3,300,5505,443,3560,4002
2.60,rician,77,4,0,5731,659,3774,4432
2.60,rician,77,5,300,5542,234,4047,4280
2.60,rician,77,6,600,5052,88,4482,4569
2.60,rician,77,7,900,4208,30,4629,4658
2.60,rician,78,1,900,4225,42,3659,3700
2.60,rician,78,2,600,5114,135,4018,4152
2.60,rician,78,3,300,5541,179,4217,4395
2.60,rician,78,4,0,5704,470,3554,4023
2.60,rician,78,5,300,5550,430,3689,4118
2.60,rician,78,6,600,5104,130,3610,3739
2.60,rician,78,7,900,4233,47,3003,3049
2.60,rician,79,1,900,4203,34,4778,4811
2.60,rician,79,2,600,5026,109,3656,3764
2.60,rician,79,3,300,5516,202,4371,4572
2.60,rician,79,4,0,5682,928,3475,4402
2.60,rician,79,5,300,5495,411,3915,4325
2.60,rician,79,6,600,5048,76,4372,4447
2.60,rician,79,7,900,4296,77,3463,3539
2.60,rician,80,1,900,4264,36,4148,4183
2.60,rician,80,2,600,5036,79,3726,3804
2.60,rician,80,3,300,5507,417,4132,4548
2.60,rician,80,4,0,5709,1123,3351,4473
2.60,rician,80,5,300,5485,364,3757,4120
2.60,rician,80,6,600,5101,179,4208,4386
2.60,rician,80,7,900,4234,39,4014,4052
2.60,rician,81,1,900,4241,31,3743,3773
2.60,rician,81,2,600,5104,90,3340,3429
2.60,rician,81,3,300,5532,215,3889,4103
2.60,rician,81,4,0,5653,1168,3430,4597
2.60,rician,81,5,300,5462,467,3966,4432
2.60,rician,81,6,600,5026,110,4351,4460
2.60,rician,81,7,900,4258,61,3958,4018
2.60,rician,82,1,900,4338,68,3375,3442
2.60,rician,82,2,600,5045,138,3768,3905
2.60,rician,82,3,300,5566,517,3759,4275
2.60,rician,82,4,0,5685,817,3437,4253
2.60,rician,82,5,300,5548,301,3640,3940
2.60,rician,82,6,600,5016,79,3979,4057
2.60,rician,82,7,900,4282,34,4074,4107
2.60,rician,83,1,900,4229,43,4225,4267
2.60,rician,83,2,600,5089,119,3997,4115
2.60,rician,83,3,300,5534,330,4046,4375
2.60,rician,83,4,0,5665,1126,3135,4260
2.60,rician,83,5,300,5497,412,4158,4569
2.60,rician,83,6,600,5072,171,3755,3925
2.60,rician,83,7,900,4257,32,4563,4594
2.60,rician,84,1,900,4223,35,4180,4214
2.60,rician,84,2,600,5098,84,3883,3966
2.60,rician,84,3,300,5554,256,3629,3884
2.60,rician,84,4,0,5663,773,3539,4311
2.60,rician,84,5,300,5507,194,3587,3780
2.60,rician,84,6,600,5013,82,4077,4158
2.60,rician,84,7,900,4251,45,3112,3156
2.60,rician,85,1,900,4243,29,4164,4192
2.60,rician,85,2,600,5104,123,3442,3564
2.60,rician,85,3,300,5517,229,3676,3904
2.60,rician,85,4,0,5685,873,3496,4368
2.60,rician,85,5,300,5557,236,4457,4692
2.60,rician,85,6,600,5089,86,3845,3930
2.60,rician,85,7,900,4152,46,3811,3856
2.60,rician,86,1,900,4223,37,5451,5487
2.60,rician,86,2,600,5005,96,3604,3699
2.60,rician,86,3,300,5526,374,4161,4534
2.60,rician,86,4,0,5632,894,3458,4351
2.60,rician,86,5,300,5554,367,3825,4191
2.60,rician,86,6,600,5091,112,3568,3679
2.60,rician,86,7,900,4295,41,4063,4103
2.60,rician,87,1,900,4299,31,4770,4800
2.60,rician,87,2,600,5113,147,3997,4143
2.60,rician,87,3,300,5559,194,3518,3711
2.60,rician,87,4,0,5669,796,3702,4497
2.60,rician,87,5,300,5545,259,4007,4265
2.60,rician,87,6,600,5027,64,4089,4152
2.60,rician,87,7,900,4251,37,3553,3589
2.60,rician,88,1,900,4239,38,3295,3332
2.60,rician,88,2,600,5076,127,3851,3977
2.60,rician,88,3,300,5529,386,3251,3636
2.60,rician,88,4,0,5683,1015,3368,4382
2.60,rician,88,5,300,5473,411,3605,4015
2.60,rician,88,6,600,5108,142,4231,4372
2.60,rician,88,7,900,4303,32,4162,4193
2.60,rician,89,1,900,4254,36,3626,3661
2.60,rician,89,2,600,5062,97,3544,3640
2.60,rician,89,3,300,5524,349,4030,4378
2.60,rician,89,4,0,5648,1248,3497,4744
2.60,rician,89,5,300,5525,367,4174,4540
2.60,rician,89,6,600,5023,73,4625,4697
2.60,rician,89,7,900,4310,34,4202,4235
2.60,rician,90,1,900,4216,40,3286,3325
2.60,rician,90,2,600,5064,101,4014,4114
2.60,rician,90,3,300,5554,328,3997,4324
2.60,rician,90,4,0,5680,1294,3581,4874
2.60,rician,90,5,300,5518,518,4108,4625
2.60,rician,90,6,600,5149,80,4485,4564
2.60,rician,90,7,900,4238,32,4013,4044
2.60,rician,91,1,900,4269,45,4001,4045
2.60,rician,91,2,600,5058,80,3594,3673
2.60,rician,91,3,300,5485,307,4001,4307
2.60,rician,91,4,0,5688,1489,3439,4927
2.60,rician,91,5,300,5602,386,3958,4343
2.60,rician,91,6,600,5096,130,4398,4527
2.60,rician,91,7,900,4288,42,4223,4264
2.60,rician,92,1,900,4172,33,3521,3553
2.60,rician,92,2,600,5007,119,3484,3602
2.60,rician,92,3,300,5529,255,4112,4366
2.60,rician,92,4,0,5648,639,3553,4191
2.60,rician,92,5,300,5499,215,3237,3451
2.60,rician,92,6,600,4938,139,4108,4246
2.60,rician,92,7,900,4332,48,3147,3194
2.60,rician,93,1,900,4290,37,4126,4162
2.60,rician,93,2,600,5060,125,3558,3682
2.60,rician,93,3,300,5523,362,4027,4388
2.60,rician,93,4,0,5749,525,3793,4317
2.60,rician,93,5,300,5525,268,3822,4089
2.60,rician,93,6,600,5084,104,4370,4473
2.60,rician,93,7,900,4278,36,4423,4458
2.60,rician,94,1,900,4201,45,3483,3527
2.60,rician,94,2,600,5054,122,3917,4038
2.60,rician,94,3,300,5515,374,4137,4510
2.60,rician,94,4,0,5705,731,3825,4555
2.60,rician,94,5,300,5545,281,3876,4156
2.60,rician,94,6,600,5028,80,3740,3819
2.60,rician,94,7,900,4256,44,3862,3905
2.60,rician,95,1,900,4245,49,4399,4447
2.60,rician,95,2,600,5067,100,3179,3278
2.60,rician,95,3,300,5512,348,3457,3804
2.60,rician,95,4,0,5678,1061,3574,4634
2.60,rician,95,5,300,5486,500,3783,4282
2.60,rician,95,6,600,5114,159,3805,3963
2.60,rician,95,7,900,4232,43,3816,3858
2.60,rician,96,1,900,4324,35,3671,3705
2.60,rician,96,2,600,5079,91,4484,4574
2.60,rician,96,3,300,5596,298,3538,3835
2.60,rician,96,4,0,5650,682,3554,4235
2.60,rician,96,5,300,5578,287,3907,4193
2.60,rician,96,6,600,5065,122,4009,4130
2.60,rician,96,7,900,4282,34,3264,3297
2.60,rician,97,1,900,4260,38,3351,3388
2.60,rician,97,2,600,5067,74,3682,3755
2.60,rician,97,3,300,5455,481,3814,4294
2.60,rician,97,4,0,5663,1155,3457,4611
2.60,rician,97,5,300,5531,222,4082,4303
2.60,rician,97,6,600,5054,134,3155,3288
2.60,rician,97,7,900,4209,39,4027,4065
2.60,rician,98,1,900,4265,59,4086,4144
2.60,rician,98,2,600,5096,91,3877,3967
2.60,rician,98,3,300,5476,268,3476,3743
2.60,rician,98,4,0,5698,680,3713,4392
2.60,rician,98,5,300,5517,359,4272,4630
2.60,rician,98,6,600,5096,124,3631,3754
2.60,rician,98,7,900,4301,49,4221,4269
2.60,rician,99,1,900,4236,29,3783,3811
2.60,rician,99,2,600,5113,115,3903,4017
2.60,rician,99,3,300,5474,210,3763,3972
2.60,rician,99,4,0,5685,631,3691,4321
2.60,rician,99,5,300,5465,487,3911,4397
2.60,rician,99,6,600,5164,130,3871,4000
2.60,rician,99,7,900,4280,36,3661,3696
2.60,rician,100,1,900,4270,35,4180,4214
2.60,rician,100,2,600,5068,116,3907,4022
2.60,rician,100,3,300,5477,199,3984,4182
2.60,rician,100,4,0,5674,629,3772,4400
2.60,rician,100,5,300,5544,334,3864,4197
2.60,rician,100,6,600,5109,142,4427,4568
2.60,rician,100,7,900,4216,38,3944,3981
2.60,rician,101,1,900,4286,37,3437,3473
2.60,rician,101,2,600,5061,98,3751,3848
2.60,rician,101,3,300,5462,282,4255,4536
2.60,rician,101,4,0,5658,1187,3580,4766
2.60,rician,101,5,300,5481,189,3745,3933
2.60,rician,101,6,600,5083,119,3800,3918
2.60,rician,101,7,900,4231,29,4114,4142
2.60,rician,102,1,900,4313,41,3474,3514
2.60,rician,102,2,600,5055,93,4018,4110
2.60,rician,102,3,300,5542,430,3983,4412
2.60,rician,102,4,0,5691,783,3349,4131
2.60,rician,102,5,300,5561,375,3320,3694
2.60,rician,102,6,600,5033,88,3777,3864
2.60,rician,102,7,900,4291,39,3384,3422
2.60,rician,103,1,900,4231,47,4457,4503
2.60,rician,103,2,600,5036,125,4073,4197
2.60,rician,103,3,300,5539,174,4227,4400
2.60,rician,103,4,0,5652,850,3608,4457
2.60,rician,103,5,300,5462,295,3897,4191
2.60,rician,103,6,600,5095,132,3161,3292
2.60,rician,103,7,900,4307,36,4666,4701
2.60,rician,104,1,900,4226,39,3717,3755
2.60,rician,104,2,600,5063,83,3949,4031
2.60,rician,104,3,300,5520,344,3975,4318
2.60,rician,104,4,0,5640,1286,3355,4640
2.60,rician,104,5,300,5483,222,3764,3985
2.60,rician,104,6,600,5067,104,4326,4429
2.60,rician,104,7,900,4253,36,4142,4177
2.60,rician,105,1,900,4274,37,3919,3955
2.60,rician,105,2,600,5036,133,3815,3947
2.60,rician,105,3,300,5514,295,3375,3669
2.60,rician,105,4,0,5594,682,3709,4390
2.60,rician,105,5,300,5502,304,3795,4098
2.60,rician,105,6,600,5063,80,3536,3615
2.60,rician,105,7,900,4212,38,3780,3817
2.60,rician,106,1,900,4259,34,4577,4610
2.60,rician,106,2,600,5052,81,4043,4123
2.60,rician,106,3,300,5559,441,3622,4062
2.60,rician,106,4,0,5676,894,3697,4590
2.60,rician,106,5,300,5533,260,3942,4201
2.60,rician,106,6,600,5063,100,3436,3535
2.60,rician,106,7,900,4237,39,4369,4407
2.60,rician,107,1,900,4277,41,4135,4175
2.60,rician,107,2,600,5063,121,3945,4065
2.60,rician,107,3,300,5517,405,3312,3716
2.60,rician,107,4,0,5664,993,3513,4505
2.60,rician,107,5,300,5487,220,3900,4119
2.60,rician,107,6,600,5082,77,4027,4103
2.60,rician,107,7,900,4249,39,4452,4490
2.60,rician,108,1,900,4272,28,4329,4356
2.60,rician,108,2,600,5057,87,3848,3934
2.60,rician,108,3,300,5568,362,4087,4448
2.60,rician,108,4,0,5693,1070,3447,4516
2.60,rician,108,5,300,5492,195,3312,3506
2.60,rician,108,6,600,5044,67,4237,4303
2.60,rician,108,7,900,4228,38,3945,3982
2.60,rician,109,1,900,4246,43,3577,3619
2.60,rician,109,2,600,5046,81,4382,4462
2.60,rician,109,3,300,5551,332,3862,4193
2.60,rician,109,4,0,5676,661,3941,4601
2.60,rician,109,5,300,5468,231,4326,4556
2.60,rician,109,6,600,5021,93,4147,4239
2.60,rician,109,7,900,4272,36,3501,3536
2.60,rician,110,1,900,4208,34,3022,3055
2.60,rician,110,2,600,5055,85,4058,4142
2.60,rician,110,3,300,5470,432,3953,4384
2.60,rician,110,4,0,5659,1620,3070,4689
2.60,rician,110,5,300,5508,243,4176,4418
2.60,rician,110,6,600,5090,140,4150,4289
2.60,rician,110,7,900,4206,37,4365,4401
2.60,rician,111,1,900,4280,50,4645,4694
2.60,rician,111,2,600,5027,96,4236,4331
2.60,rician,111,3,300,5497,286,3447,3732
2.60,rician,111,4,0,5616,660,3642,4301
2.60,rician,111,5,300,5536,183,3554,3736
2.60,rician,111,6,600,5058,94,4296,4389
2.60,rician,111,7,900,4230,48,4172,4219
2.60,rician,112,1,900,4267,37,3291,3327
2.60,rician,112,2,600,5110,71,4212,4282
2.60,rician,112,3,300,5506,326,3993,4318
2.60,rician,112,4,0,5696,1202,3379,4580
2.60,rician,112,5,300,5545,220,4123,4342
2.60,rician,112,6,600,5079,88,3326,3413
2.60,rician,112,7,900,4298,36,3662,3697
2.60,rician,113,1,900,4221,34,3487,3520
2.60,rician,113,2,600,5118,96,3453,3548
2.60,rician,113,3,300,5508,385,3674,4058
2.60,rician,113,4,0,5708,716,3473,4188
2.60,rician,113,5,300,5551,279,3978,4256
2.60,rician,113,6,600,5048,106,4291,4396
2.60,rician,113,7,900,4216,43,4377,4419
2.60,rician,114,1,900,4208,34,4719,4752
2.60,rician,114,2,600,5055,90,3466,3555
2.60,rician,114,3,300,5518,380,4251,4630
2.60,rician,114,4,0,5640,1140,3456,4595
2.60,rician,114,5,300,5591,407,3936,4342
2.60,rician,114,6,600,5108,105,4565,4669
2.60,rician,114,7,900,4271,70,3682,3751
2.60,rician,115,1,900,4294,32,4845,4876
2.60,rician,115,2,600,5059,107,3641,3747
2.60,rician,115,3,300,5486,376,3978,4353
2.60,rician,115,4,0,5621,1293,3263,4555
2.60,rician,115,5,300,5500,230,4057,4286
2.60,rician,115,6,600,5081,123,3458,3580
2.60,rician,115,7,900,4173,39,4058,4096
2.60,rician,116,1,900,4313,37,3498,3534
2.60,rician,116,2,600,5045,81,3622,3702
2.60,rician,116,3,300,5550,335,3910,4244
2.60,rician,116,4,0,5703,1158,3364,4521
2.60,rician,116,5,300,5528,266,3411,3676
2.60,rician,116,6,600,5066,73,3688,3760
2.60,rician,116,7,900,4186,39,4169,4207
2.60,rician,117,1,900,4257,56,3435,3490
2.60,rician,117,2,600,5048,88,4589,4676
2.60,rician,117,3,300,5576,239,4270,4508
2.60,rician,117,4,0,5689,890,3481,4370
2.60,rician,117,5,300,5545,328,3497,3824
2.60,rician,117,6,600,5096,80,3548,3627
2.60,rician,117,7,900,4280,42,4759,4800
2.60,rician,118,1,900,4230,37,4735,4771
2.60,rician,118,2,600,5109,115,4425,4539
2.60,rician,118,3,300,5531,296,3666,3961
2.60,rician,118,4,0,5628,904,3683,4586
2.60,rician,118,5,300,5523,343,3692,4034
2.60,rician,118,6,600,5128,156,3875,4030
2.60,rician,118,7,900,4250,43,4518,4560
2.60,rician,119,1,900,4264,53,3238,3290
2.60,rician,119,2,600,5088,81,4446,4526
2.60,rician,119,3,300,5583,344,4352,4695
2.60,rician,119,4,0,5653,1138,3463,4600
2.60,rician,119,5,300,5544,622,3859,4480
2.60,rician,119,6,600,5051,119,3990,4108
2.60,rician,119,7,900,4260,35,3260,3294
2.60,rician,120,1,900,4256,45,3810,3854
2.60,rician,120,2,600,5054,73,4016,4088
2.60,rician,120,3,300,5568,752,3744,4495
2.60,rician,120,4,0,5670,786,3357,4142
2.60,rician,120,5,300,5571,282,4288,4569
2.60,rician,120,6,600,5077,68,2904,2971
2.60,rician,120,7,900,4276,50,3128,3177
2.60,rician,121,1,900,4242,47,3823,3869
2.60,rician,121,2,600,5048,109,3062,3170
2.60,rician,121,3,300,5491,202,4009,4210
2.60,rician,121,4,0,5696,918,3578,4495
2.60,rician,121,5,300,5512,282,3637,3918
2.60,rician,121,6,600,5039,85,3182,3266
2.60,rician,121,7,900,4224,31,4160,4190
2.60,rician,122,1,900,4204,30,3474,3503
2.60,rician,122,2,600,5022,105,3453,3557
2.60,rician,122,3,300,5506,562,3871,4432
2.60,rician,122,4,0,5683,1196,3513,4708
2.60,rician,122,5,300,5507,294,3973,4266
2.60,rician,122,6,600,5032,125,4214,4338
2.60,rician,122,7,900,4239,33,3636,3668
2.60,rician,123,1,900,4252,51,3045,3095
2.60,rician,123,2,600,5060,98,4529,4626
2.60,rician,123,3,300,5536,487,3561,4047
2.60,rician,123,4,0,5668,898,3353,4250
2.60,rician,123,5,300,5556,440,4018,4457
2.60,rician,123,6,600,5031,115,3864,3978
2.60,rician,123,7,900,4254,44,3966,4009
2.60,rician,124,1,900,4237,36,4254,4289
2.60,rician,124,2,600,5060,134,3593,3726
2.60,rician,124,3,300,5565,515,3762,4276
2.60,rician,124,4,0,5611,1065,3241,4305
2.60,rician,124,5,300,5491,209,4212,4420
2.60,rician,124,6,600,5042,77,3099,3175
2.60,rician,124,7,900,4269,37,5322,5358
2.60,rician,125,1,900,4247,32,3211,3242
2.60,rician,125,2,600,5059,95,4087,4181
2.60,rician,125,3,300,5455,356,3820,4175
2.60,rician,125,4,0,5659,613,3213,3825
2.60,rician,125,5,300,5503,387,4094,4480
2.60,rician,125,6,600,5098,115,3757,3871
2.60,rician,125,7,900,4321,30,3794,3823
2.60,rician,126,1,900,4302,35,4297,4331
2.60,rician,126,2,600,5066,105,4190,4294
2.60,rician,126,3,300,5554,258,3804,4061
2.60,rician,126,4,0,5642,1052,3479,4530
2.60,rician,126,5,300,5566,394,3570,3963
2.60,rician,126,6,600,5029,109,4199,4307
2.60,rician,126,7,900,4209,31,4207,4237
2.60,rician,127,1,900,4287,34,4899,4932
2.60,rician,127,2,600,5073,94,4270,4363
2.60,rician,127,3,300,5486,227,4062,4288
2.60,rician,127,4,0,5653,1081,3075,4155
2.60,rician,127,5,300,5537,375,3901,4275
2.60,rician,127,6,600,5021,110,4406,4515
2.60,rician,127,7,900,4176,30,3903,3932
2.60,rician,128,1,900,4268,36,4039,4074
2.60,rician,128,2,600,5040,87,3801,3887
2.60,rician,128,3,300,5557,293,3292,3584
2.60,rician,128,4,0,5680,551,3731,4281
2.60,rician,128,5,300,5474,271,3415,3685
2.60,rician,128,6,600,5075,113,3337,3449
2.60,rician,128,7,900,4280,51,4171,4221
2.60,rician,129,1,900,4228,32,3868,3899
2.60,rician,129,2,600,5043,83,3619,3701
2.60,rician,129,3,300,5537,236,4537,4772
2.60,rician,129,4,0,5667,681,3342,4022
2.60,rician,129,5,300,5501,269,3844,4112
2.60,rician,129,6,600,5073,95,3793,3887
2.60,rician,129,7,900,4220,35,4100,4134
2.60,rician,130,1,900,4246,41,3563,3603
2.60,rician,130,2,600,5054,94,4334,4427
2.60,rician,130,3,300,5517,226,3683,3908
2.60,rician,130,4,0,5673,918,3839,4756
2.60,rician,130,5,300,5553,342,4475,4816
2.60,rician,130,6,600,5100,90,3419,3508
2.60,rician,130,7,900,4261,51,3584,3634
2.60,rician,131,1,900,4281,47,4138,4184
2.60,rician,131,2,600,5058,107,3744,3850
2.60,rician,131,3,300,5519,381,4063,4443
2.60,rician,131,4,0,5701,1394,3441,4834
2.60,rician,131,5,300,5545,343,3442,3784
2.60,rician,131,6,600,5022,91,5118,5208
2.60,rician,131,7,900,4233,32,3530,3561
2.60,rician,132,1,900,4327,38,4441,4478
2.60,rician,132,2,600,5075,112,3757,3868
2.60,rician,132,3,300,5523,241,3784,4024
2.60,rician,132,4,0,5689,791,3505,4295
2.60,rician,132,5,300,5509,391,3349,3739
2.60,rician,132,6,600,5118,111,3240,3350
2.60,rician,132,7,900,4203,33,4638,4670
2.60,rician,133,1,900,4282,57,4232,4288
2.60,rician,133,2,600,5059,106,4043,4148
2.60,rician,133,3,300,5555,451,3581,4031
2.60,rician,133,4,0,5665,478,3721,4198
2.60,rician,133,5,300,5528,289,4588,4876
2.60,rician,133,6,600,5079,70,4267,4336
2.60,rician,133,7,900,4245,41,4403,4443
2.60,rician,134,1,900,4262,33,3070,3102
2.60,rician,134,2,600,5035,77,3873,3949
2.60,rician,134,3,300,5549,318,3520,3837
2.60,rician,134,4,0,5676,989,3596,4584
2.60,rician,134,5,300,5528,327,3984,4310
2.60,rician,134,6,600,5015,109,3603,3711
2.60,rician,134,7,900,4230,49,4435,4483
2.60,rician,135,1,900,4236,37,3622,3658
2.60,rician,135,2,600,5125,129,4095,4223
2.60,rician,135,3,300,5538,170,3987,4156
2.60,rician,135,4,0,5666,1146,3461,4606
2.60,rician,135,5,300,5534,327,3773,4099
2.60,rician,135,6,600,5072,135,4311,4445
2.60,rician,135,7,900,4276,57,4205,4261
2.60,rician,136,1,900,4287,52,4284,4335
2.60,rician,136,2,600,5049,101,3584,3684
2.60,rician,136,3,300,5492,409,3789,4197
2.60,rician,136,4,0,5708,843,3632,4474
2.60,rician,136,5,300,5489,375,4119,4493
2.60,rician,136,6,600,5088,87,3956,4042
2.60,rician,136,7,900,4281,46,4549,4594
2.60,rician,137,1,900,4297,42,3655,3696
2.60,rician,137,2,600,5053,88,4137,4224
2.60,rician,137,3,300,5573,273,4362,4634
2.60,rician,137,4,0,5700,1129,3431,4559
2.60,rician,137,5,300,5518,543,3873,4415
2.60,rician,137,6,600,5126,146,4269,4414
2.60,rician,137,7,900,4216,42,4442,4483
2.60,rician,138,1,900,4208,31,4461,4491
2.60,rician,138,2,600,5089,95,3707,3801
2.60,rician,138,3,300,5517,252,3861,4112
2.60,rician,138,4,0,5634,791,3660,4450
2.60,rician,138,5,300,5572,456,4179,4634
2.60,rician,138,6,600,5044,91,3727,3817
2.60,rician,138,7,900,4312,42,4331,4372
2.60,rician,139,1,900,4274,35,3977,4011
2.60,rician,139,2,600,5054,110,3808,3917
2.60,rician,139,3,300,5492,282,4318,4599
2.60,rician,139,4,0,5619,735,3582,4316
2.60,rician,139,5,300,5489,293,4397,4689
2.60,rician,139,6,600,5048,83,4811,4893
2.60,rician,139,7,900,4239,38,3965,4002
2.60,rician,140,1,900,4184,34,3871,3904
2.60,rician,140,2,600,5116,119,4298,4416
2.60,rician,140,3,300,5519,324,3969,4292
2.60,rician,140,4,0,5656,1045,3385,4429
2.60,rician,140,5,300,5494,412,3539,3950
2.60,rician,140,6,600,5052,232,3727,3958
2.60,rician,140,7,900,4210,37,3388,3424
2.60,rician,141,1,900,4224,47,3754,3800
2.60,rician,141,2,600,5078,102,4240,4341
2.60,rician,141,3,300,5557,364,3530,3893
2.60,rician,141,4,0,5698,1227,3328,4554
2.60,rician,141,5,300,5528,475,3822,4296
2.60,rician,141,6,600,5073,105,3567,3671
2.60,rician,141,7,900,4242,30,4603,4632
2.60,rician,142,1,900,4243,42,3384,3425
2.60,rician,142,2,600,5084,69,4287,4355
2.60,rician,142,3,300,5475,317,4381,4697
2.60,rician,142,4,0,5681,835,3838,4672
2.60,rician,142,5,300,5523,257,3616,3872
2.60,rician,142,6,600,5089,134,4476,4609
2.60,rician,142,7,900,4232,39,4276,4314
2.60,rician,143,1,900,4245,34,3557,3590
2.60,rician,143,2,600,5104,59,4667,4725
2.60,rician,143,3,300,5460,322,3799,4120
2.60,rician,143,4,0,5644,704,3603,4306
2.60,rician,143,5,300,5556,347,3702,4048
2.60,rician,143,6,600,5041,93,4117,4209
2.60,rician,143,7,900,4228,35,4965,4999
2.60,rician,144,1,900,4223,35,3393,3427
2.60,rician,144,2,600,5159,105,4414,4518
2.60,rician,144,3,300,5530,322,3869,4190
2.60,rician,144,4,0,5692,1064,3457,4520
2.60,rician,144,5,300,5598,446,4100,4545
2.60,rician,144,6,600,5009,93,4298,4390
2.60,rician,144,7,900,4240,42,3002,3043
2.60,rician,145,1,900,4344,33,4687,4719
2.60,rician,145,2,600,5125,114,4343,4456
2.60,rician,145,3,300,5532,374,3522,3895
2.60,rician,145,4,0,5662,747,3633,4379
2.60,rician,145,5,300,5536,248,4412,4659
2.60,rician,145,6,600,5108,105,4004,4108
2.60,rician,145,7,900,4223,38,3486,3523
2.60,rician,146,1,900,4218,47,4167,4213
2.60,rician,146,2,600,5073,132,3792,3923
2.60,rician,146,3,300,5528,437,4016,4452
2.60,rician,146,4,0,5687,521,3775,4295
2.60,rician,146,5,300,5578,243,4690,4932
2.60,rician,146,6,600,5112,126,4157,4282
2.60,rician,146,7,900,4294,46,3659,3704
2.60,rician,147,1,900,4291,42,3820,3861
2.60,rician,147,2,600,5116,85,5009,5093
2.60,rician,147,3,300,5535,764,3643,4406
2.60,rician,147,4,0,5730,1284,3280,4563
2.60,rician,147,5,300,5541,385,4100,4484
2.60,rician,147,6,600,5069,97,4582,4678
2.60,rician,147,7,900,4239,48,3336,3383
2.60,rician,148,1,900,4204,33,5089,5121
2.60,rician,148,2,600,5125,82,3333,3414
2.60,rician,148,3,300,5547,394,4356,4749
2.60,rician,148,4,0,5691,1453,3056,4508
2.60,rician,148,5,300,5499,760,3581,4340
2.60,rician,148,6,600,5119,82,4309,4390
2.60,rician,148,7,900,4245,40,3531,3570
2.60,rician,149,1,900,4286,50,4130,4179
2.60,rician,149,2,600,5071,136,3887,4022
2.60,rician,149,3,300,5529,208,4237,4444
2.60,rician,149,4,0,5640,1168,3047,4214
2.60,rician,149,5,300,5556,338,4068,4405
2.60,rician,149,6,600,5078,82,3433,3514
2.60,rician,149,7,900,4259,46,3898,3943
2.60,rician,150,1,900,4231,32,4512,4543
2.60,rician,150,2,600,5041,132,4022,4153
2.60,rician,150,3,300,5496,189,3686,3874
2.60,rician,150,4,0,5660,866,3826,4691
2.60,rician,150,5,300,5509,397,3575,3971
2.60,rician,150,6,600,5057,63,4671,4733
2.60,rician,150,7,900,4236,50,4523,4572
2.60,rician,151,1,900,4256,39,4526,4564
2.60,rician,151,2,600,5035,83,4650,4732
2.60,rician,151,3,300,5526,475,3885,4359
2.60,rician,151,4,0,5660,739,3701,4439
2.60,rician,151,5,300,5481,300,3852,4151
2.60,rician,151,6,600,5116,128,4149,4276
2.60,rician,151,7,900,4220,37,3909,3945
2.60,rician,152,1,900,4248,33,4184,4216
2.60,rician,152,2,600,5105,117,4081,4197
2.60,rician,152,3,300,5571,526,3476,4001
2.60,rician,152,4,0,5657,565,3799,4363
2.60,rician,152,5,300,5501,438,3762,4199
2.60,rician,152,6,600,5058,135,3561,3695
2.60,rician,152,7,900,4175,32,3688,3719
2.60,rician,153,1,900,4235,28,3924,3951
2.60,rician,153,2,600,5034,151,3945,4095
2.60,rician,153,3,300,5512,226,4051,4276
2.60,rician,153,4,0,5713,645,3881,4525
2.60,rician,153,5,300,5627,372,3707,4078
2.60,rician,153,6,600,5012,82,3877,3958
2.60,rician,153,7,900,4242,37,4814,4850
2.60,rician,154,1,900,4259,37,3066,3102
2.60,rician,154,2,600,5041,86,3482,3567
2.60,rician,154,3,300,5521,228,3490,3717
2.60,rician,154,4,0,5664,439,3748,4186
2.60,rician,154,5,300,5572,451,3910,4360
2.60,rician,154,6,600,5051,116,4002,4117
2.60,rician,154,7,900,4276,39,4340,4378
2.60,rician,155,1,900,4219,33,4143,4175
2.60,rician,155,2,600,5104,93,3533,3625
2.60,rician,155,3,300,5520,321,3501,3821
2.60,rician,155,4,0,5669,1341,3391,4731
2.60,rician,155,5,300,5524,268,3365,3632
2.60,rician,155,6,600,5081,127,4182,4308
2.60,rician,155,7,900,4260,42,3701,3742
2.60,rician,156,1,900,4199,49,3930,3978
2.60,rician,156,2,600,5066,103,3393,3495
2.60,rician,156,3,300,5560,435,3733,4167
2.60,rician,156,4,0,5672,1022,3737,4758
2.60,rician,156,5,300,5499,428,3827,4254
2.60,rician,156,6,600,5068,149,3816,3964
2.60,rician,156,7,900,4229,34,4530,4563
2.60,rician,157,1,900,4266,35,3899,3933
2.60,rician,157,2,600,5104,86,4048,4133
2.60,rician,157,3,300,5482,322,3908,4229
2.60,rician,157,4,0,5652,1389,3426,4814
2.60,rician,157,5,300,5514,269,3858,4126
2.60,rician,157,6,600,5044,104,3991,4094
2.60,rician,157,7,900,4219,34,4363,4396
2.60,rician,158,1,900,4323,56,4189,4244
2.60,rician,158,2,600,5056,123,4108,4230
2.60,rician,158,3,300,5489,447,3579,4025
2.60,rician,158,4,0,5667,625,3673,4297
2.60,rician,158,5,300,5531,473,4244,4716
2.60,rician,158,6,600,5129,156,4292,4447
2.60,rician,158,7,900,4228,35,4740,4774
2.60,rician,159,1,900,4275,38,3697,3734
2.60,rician,159,2,600,5090,126,4178,4303
2.60,rician,159,3,300,5505,307,3512,3818
2.60,rician,159,4,0,5642,908,3600,4507
2.60,rician,159,5,300,5561,480,3915,4394
2.60,rician,159,6,600,5107,82,3354,3435
2.60,rician,159,7,900,4246,28,3642,3669
2.60,rician,160,1,900,4149,32,4044,4075
2.60,rician,160,2,600,5046,95,3167,3261
2.60,rician,160,3,300,5502,258,3896,4153
2.60,rician,160,4,0,5707,763,3597,4359
2.60,rician,160,5,300,5475,362,3790,4151
2.60,rician,160,6,600,5061,91,3238,3328
2.60,rician,160,7,900,4233,39,4341,4379
2.60,rician,161,1,900,4241,54,3959,4012
2.60,rician,161,2,600,5053,128,3741,3868
2.60,rician,161,3,300,5484,319,3501,3819
2.60,rician,161,4,0,5711,793,3793,4585
2.60,rician,161,5,300,5489,234,4731,4964
2.60,rician,161,6,600,5044,176,3706,3881
2.60,rician,161,7,900,4225,57,3956,4012
2.60,rician,162,1,900,4277,38,4072,4109
2.60,rician,162,2,600,5104,75,4887,4961
2.60,rician,162,3,300,5529,241,3621,3861
2.60,rician,162,4,0,5660,1043,3648,4690
2.60,rician,162,5,300,5534,257,4420,4676
2.60,rician,162,6,600,5043,97,3745,3841
2.60,rician,162,7,900,4202,60,3835,3894
2.60,rician,163,1,900,4290,35,4073,4107
2.60,rician,163,2,600,5042,92,3695,3786
2.60,rician,163,3,300,5557,511,3736,4246
2.60,rician,163,4,0,5674,1397,3363,4759
2.60,rician,163,5,300,5480,257,3571,3827
2.60,rician,163,6,600,5093,128,4038,4165
2.60,rician,163,7,900,4264,39,3355,3393
2.60,rician,164,1,900,4263,44,3998,4041
2.60,rician,164,2,600,5079,116,3424,3539
2.60,rician,164,3,300,5490,399,3595,3993
2.60,rician,164,4,0,5688,1143,3312,4454
2.60,rician,164,5,300,5493,623,3599,4221
2.60,rician,164,6,600,5057,108,3587,3694
2.60,rician,164,7,900,4220,32,4232,4263
2.60,rician,165,1,900,4262,33,3885,3917
2.60,rician,165,2,600,5070,121,4280,4400
2.60,rician,165,3,300,5565,314,3991,4304
2.60,rician,165,4,0,5676,828,3492,4319
2.60,rician,165,5,300,5530,156,4684,4839
2.60,rician,165,6,600,5037,75,3987,4061
2.60,rician,165,7,900,4229,31,3630,3660
2.60,rician,166,1,900,4260,61,3750,3810
2.60,rician,166,2,600,5104,106,4019,4124
2.60,rician,166,3,300,5565,250,3911,4160
2.60,rician,166,4,0,5662,661,4126,4786
2.60,rician,166,5,300,5495,223,3332,3554
2.60,rician,166,6,600,5067,94,4101,4194
2.60,rician,166,7,900,4193,54,3448,3501
2.60,rician,167,1,900,4289,40,4594,4633
2.60,rician,167,2,600,5043,100,3961,4060
2.60,rician,167,3,300,5573,390,4278,4667
2.60,rician,167,4,0,5639,972,3693,4664
2.60,rician,167,5,300,5498,315,3533,3847
2.60,rician,167,6,600,5082,148,4150,4297
2.60,rician,167,7,900,4306,51,3828,3878
2.60,rician,168,1,900,4276,32,4680,4711
2.60,rician,168,2,600,4990,160,3750,3909
2.60,rician,168,3,300,5578,439,3950,4388
2.60,rician,168,4,0,5622,1245,3339,4583
2.60,rician,168,5,300,5556,640,3369,4008
2.60,rician,168,6,600,5023,84,3996,4079
2.60,rician,168,7,900,4217,49,3709,3757
2.60,rician,169,1,900,4181,24,4070,4093
2.60,rician,169,2,600,5124,120,3537,3656
2.60,rician,169,3,300,5507,337,3522,3858
2.60,rician,169,4,0,5688,1192,3404,4595
2.60,rician,169,5,300,5519,338,3829,4166
2.60,rician,169,6,600,5055,96,3241,3336
2.60,rician,169,7,900,4308,55,3813,3867
2.60,rician,170,1,900,4257,32,3456,3487
2.60,rician,170,2,600,5102,113,4398,4510
2.60,rician,170,3,300,5476,412,3609,4020
2.60,rician,170,4,0,5616,857,3669,4525
2.60,rician,170,5,300,5532,317,4007,4323
2.60,rician,170,6,600,5038,76,3881,3956
2.60,rician,170,7,900,4291,47,4109,4155
2.60,rician,171,1,900,4192,33,3698,3730
2.60,rician,171,2,600,5071,88,3594,3681
2.60,rician,171,3,300,5520,347,4086,4432
2.60,rician,171,4,0,5649,1187,3563,4749
2.60,rician,171,5,300,5571,178,3207,3384
2.60,rician,171,6,600,5063,71,3959,4029
2.60,rician,171,7,900,4217,41,3251,3291
2.60,rician,172,1,900,4197,38,3299,3336
2.60,rician,172,2,600,5095,93,3896,3988
2.60,rician,172,3,300,5483,355,3636,3990
2.60,rician,172,4,0,5670,696,3616,4311
2.60,rician,172,5,300,5515,374,3436,3809
2.60,rician,172,6,600,5052,129,4114,4242
2.60,rician,172,7,900,4230,34,4509,4542
2.60,rician,173,1,900,4230,32,3557,3588
2.60,rician,173,2,600,5025,132,4103,4234
2.60,rician,173,3,300,5521,281,4274,4554
2.60,rician,173,4,0,5668,885,3512,4396
2.60,rician,173,5,300,5451,230,3864,4093
2.60,rician,173,6,600,5113,97,4572,4668
2.60,rician,173,7,900,4274,65,3751,3815
2.60,rician,174,1,900,4260,38,3318,3355
2.60,rician,174,2,600,4999,81,4025,4105
2.60,rician,174,3,300,5567,310,4149,4458
2.60,rician,174,4,0,5638,1210,3415,4624
2.60,rician,174,5,300,5497,320,3449,3768
2.60,rician,174,6,600,5043,82,3417,3498
2.60,rician,174,7,900,4172,41,4115,4155
2.60,rician,175,1,900,4208,47,4027,4073
2.60,rician,175,2,600,5076,82,3739,3820
2.60,rician,175,3,300,5522,253,4405,4657
2.60,rician,175,4,0,5679,874,3732,4605
2.60,rician,175,5,300,5481,246,3682,3927
2.60,rician,175,6,600,5113,163,4375,4537
2.60,rician,175,7,900,4296,45,4044,4088
2.60,rician,176,1,900,4228,32,4827,4858
2.60,rician,176,2,600,5085,69,4228,4296
2.60,rician,176,3,300,5492,314,4019,4332
2.60,rician,176,4,0,5672,1418,3206,4623
2.60,rician,176,5,300,5531,307,3588,3894
2.60,rician,176,6,600,5105,96,3511,3606
2.60,rician,176,7,900,4215,39,4472,4510
2.60,rician,177,1,900,4243,45,4157,4201
2.60,rician,177,2,600,5048,99,3987,4085
2.60,rician,177,3,300,5530,217,3604,3820
2.60,rician,177,4,0,5605,721,3566,4286
2.60,rician,177,5,300,5483,597,3495,4091
2.60,rician,177,6,600,5084,138,3835,3972
2.60,rician,177,7,900,4274,48,4672,4719
2.60,rician,178,1,900,4242,42,4572,4613
2.60,rician,178,2,600,5060,75,4008,4082
2.60,rician,178,3,300,5532,404,3896,4299
2.60,rician,178,4,0,5659,656,3768,4423
2.60,rician,178,5,300,5558,188,3219,3406
2.60,rician,178,6,600,5097,85,3822,3906
2.60,rician,178,7,900,4257,37,4577,4613
2.60,rician,179,1,900,4282,60,4132,4191
2.60,rician,179,2,600,5028,88,3775,3862
2.60,rician,179,3,300,5474,242,3866,4107
2.60,rician,179,4,0,5654,1207,3461,4667
2.60,rician,179,5,300,5424,255,4033,4287
2.60,rician,179,6,600,5051,88,3719,3806
2.60,rician,179,7,900,4251,47,3793,3839
2.60,rician,180,1,900,4238,37,3812,3848
2.60,rician,180,2,600,5060,75,3053,3127
2.60,rician,180,3,300,5495,308,3923,4230
2.60,rician,180,4,0,5665,807,3742,4548
2.60,rician,180,5,300,5546,271,3482,3752
2.60,rician,180,6,600,5086,112,3725,3836
2.60,rician,180,7,900,4256,35,4268,4302
2.60,rician,181,1,900,4279,46,4118,4163
2.60,rician,181,2,600,5115,91,3995,4085
2.60,rician,181,3,300,5528,309,3537,3845
2.60,rician,181,4,0,5646,720,3358,4077
2.60,rician,181,5,300,5491,412,4054,4465
2.60,rician,181,6,600,5119,88,4359,4446
2.60,rician,181,7,900,4279,32,2894,2925
2.60,rician,182,1,900,4194,35,3393,3427
2.60,rician,182,2,600,5071,117,3906,4022
2.60,rician,182,3,300,5472,355,3936,4290
2.60,rician,182,4,0,5651,1181,3428,4608
2.60,rician,182,5,300,5567,282,3861,4142
2.60,rician,182,6,600,5035,60,3879,3938
2.60,rician,182,7,900,4266,33,4347,4379
2.60,rician,183,1,900,4252,43,4218,4260
2.60,rician,183,2,600,5045,88,3761,3848
2.60,rician,183,3,300,5547,412,4018,4429
2.60,rician,183,4,0,5660,1397,3360,4756
2.60,rician,183,5,300,5524,500,4036,4535
2.60,rician,183,6,600,5041,65,3749,3813
2.60,rician,183,7,900,4239,38,3863,3900
2.60,rician,184,1,900,4237,46,3611,3656
2.60,rician,184,2,600,5081,124,3128,3251
2.60,rician,184,3,300,5520,297,3900,4196
2.60,rician,184,4,0,5669,1162,3447,4608
2.60,rician,184,5,300,5550,194,4117,4310
2.60,rician,184,6,600,5045,80,2943,3022
2.60,rician,184,7,900,4240,39,3845,3883
2.60,rician,185,1,900,4253,43,3892,3934
2.60,rician,185,2,600,5040,88,3953,4040
2.60,rician,185,3,300,5513,304,4106,4409
2.60,rician,185,4,0,5664,1087,3562,4648
2.60,rician,185,5,300,5519,239,3181,3419
2.60,rician,185,6,600,5036,93,4033,4125
2.60,rician,185,7,900,4205,47,3658,3704
2.60,rician,186,1,900,4264,35,4000,4034
2.60,rician,186,2,600,5014,114,4061,4174
2.60,rician,186,3,300,5524,217,3964,4180
2.60,rician,186,4,0,5606,1283,3325,4607
2.60,rician,186,5,300,5561,304,3679,3982
2.60,rician,186,6,600,5080,95,4574,4668
2.60,rician,186,7,900,4231,38,4632,4669
2.60,rician,187,1,900,4254,33,3507,3539
2.60,rician,187,2,600,5020,98,3939,4036
2.60,rician,187,3,300,5440,349,3841,4189
2.60,rician,187,4,0,5695,560,3441,4000
2.60,rician,187,5,300,5496,314,3410,3723
2.60,rician,187,6,600,5115,196,3970,4165
2.60,rician,187,7,900,4238,45,4057,4101
2.60,rician,188,1,900,4209,30,4507,4536
2.60,rician,188,2,600,5094,81,3813,3893
2.60,rician,188,3,300,5497,223,3479,3701
2.60,rician,188,4,0,5600,802,3910,4711
2.60,rician,188,5,300,5532,224,3440,3663
2.60,rician,188,6,600,5059,85,3806,3890
2.60,rician,188,7,900,4246,36,3945,3980
2.60,rician,189,1,900,4229,42,4098,4139
2.60,rician,189,2,600,4979,103,4698,4800
2.60,rician,189,3,300,5483,268,3642,3909
2.60,rician,189,4,0,5647,983,3235,4217
2.60,rician,189,5,300,5567,488,3959,4446
2.60,rician,189,6,600,5170,122,3294,3415
2.60,rician,189,7,900,4299,49,4309,4357
2.60,rician,190,1,900,4250,53,3700,3752
2.60,rician,190,2,600,5119,92,3405,3496
2.60,rician,190,3,300,5467,438,4120,4557
2.60,rician,190,4,0,5590,746,3548,4293
2.60,rician,190,5,300,5520,389,3948,4336
2.60,rician,190,6,600,5110,85,3469,3553
2.60,rician,190,7,900,4257,37,5060,5096
2.60,rician,191,1,900,4281,43,3230,3272
2.60,rician,191,2,600,5096,103,3872,3974
2.60,rician,191,3,300,5523,425,3767,4191
2.60,rician,191,4,0,5686,828,3944,4771
2.60,rician,191,5,300,5527,274,3566,3839
2.60,rician,191,6,600,5033,147,4176,4322
2.60,rician,191,7,900,4182,53,4559,4611
2.60,rician,192,1,900,4249,35,4800,4834
2.60,rician,192,2,600,5021,100,4080,4179
2.60,rician,192,3,300,5522,333,4098,4430
2.60,rician,192,4,0,5699,1098,3595,4692
2.60,rician,192,5,300,5495,337,3698,4034
2.60,rician,192,6,600,5124,96,4309,4404
2.60,rician,192,7,900,4232,53,3916,3968
2.60,rician,193,1,900,4294,46,4365,4410
2.60,rician,193,2,600,5073,94,4761,4854
2.60,rician,193,3,300,5529,648,3588,4235
2.60,rician,193,4,0,5624,1078,3285,4362
2.60,rician,193,5,300,5522,337,3490,3826
2.60,rician,193,6,600,5019,98,3123,3220
2.60,rician,193,7,900,4221,35,4957,4991
2.60,rician,194,1,900,4250,51,4015,4065
2.60,rician,194,2,600,5061,86,4259,4344
2.60,rician,194,3,300,5540,264,4077,4340
2.60,rician,194,4,0,5664,990,3477,4466
2.60,rician,194,5,300,5484,259,3524,3782
2.60,rician,194,6,600,5065,107,3833,3939
2.60,rician,194,7,900,4263,36,3943,3978
2.60,rician,195,1,900,4230,29,4345,4373
2.60,rician,195,2,600,5016,85,3859,3943
2.60,rician,195,3,300,5536,626,3896,4521
2.60,rician,195,4,0,5615,1105,3633,4737
2.60,rician,195,5,300,5482,242,3907,4148
2.60,rician,195,6,600,5071,101,3752,3852
2.60,rician,195,7,900,4202,39,3710,3748
2.60,rician,196,1,900,4280,40,3905,3944
2.60,rician,196,2,600,5012,86,4208,4293
2.60,rician,196,3,300,5491,476,3939,4414
2.60,rician,196,4,0,5721,1021,3652,4672
2.60,rician,196,5,300,5544,233,3396,3628
2.60,rician,196,6,600,5070,78,3887,3964
2.60,rician,196,7,900,4326,44,2928,2971
2.60,rician,197,1,900,4285,45,2813,2857
2.60,rician,197,2,600,5082,69,4489,4557
2.60,rician,197,3,300,5495,341,3855,4195
2.60,rician,197,4,0,5649,686,3598,4283
2.60,rician,197,5,300,5607,355,3825,4179
2.60,rician,197,6,600,5032,76,2820,2895
2.60,rician,197,7,900,4237,53,4255,4307
2.60,rician,198,1,900,4209,33,4435,4467
2.60,rician,198,2,600,5062,84,4143,4226
2.60,rician,198,3,300,5525,405,3435,3839
2.60,rician,198,4,0,5678,1073,3412,4484
2.60,rician,198,5,300,5545,372,3729,4100
2.60,rician,198,6,600,5135,101,3832,3932
2.60,rician,198,7,900,4261,37,4162,4198
2.60,rician,199,1,900,4223,43,3315,3357
2.60,rician,199,2,600,5110,128,4187,4314
2.60,rician,199,3,300,5491,278,4174,4451
2.60,rician,199,4,0,5683,1295,3428,4722
2.60,rician,199,5,300,5517,250,3940,4189
2.60,rician,199,6,600,5060,79,4451,4529
2.60,rician,199,7,900,4284,41,3718,3758
2.60,rician,200,1,900,4300,44,3621,3664
2.60,rician,200,2,600,5080,90,3886,3975
2.60,rician,200,3,300,5525,374,3296,3669
2.60,rician,200,4,0,5640,1210,3418,4627
2.60,rician,200,5,300,5502,252,3957,4208
2.60,rician,200,6,600,5132,107,3730,3836
2.60,rician,200,7,900,4133,44,4243,4286
