seq,t,x,y,seg
0,0.00,250.00,0.00,0
25,0.25,250.00,12.50,0
50,0.50,250.00,25.00,0
75,0.75,250.00,37.50,0
100,1.00,250.00,50.00,0
125,1.25,250.00,62.50,0
150,1.50,250.00,75.00,0
175,1.75,250.00,87.50,0
200,2.00,250.00,100.00,0
225,2.25,250.00,112.50,0
250,2.50,250.00,125.00,0
275,2.75,250.00,137.50,0
300,3.00,250.00,150.00,0
325,3.25,250.00,162.50,0
350,3.50,250.00,175.00,0
375,3.75,250.00,187.50,0
400,4.00,250.00,200.00,0
425,4.25,250.00,212.50,0
450,4.50,250.00,225.00,0
475,4.75,250.00,237.50,0
500,5.00,250.00,250.00,0
525,5.25,250.00,262.50,0
550,5.50,250.00,275.00,0
575,5.75,250.00,287.50,0
600,6.00,250.00,300.00,0
625,6.25,250.00,312.50,0
650,6.50,250.00,325.00,0
675,6.75,250.00,337.50,0
700,7.00,250.00,350.00,0
725,7.25,250.00,362.50,0
750,7.50,250.00,375.00,0
775,7.75,250.00,387.50,0
800,8.00,250.00,400.00,0
825,8.25,250.00,412.50,0
850,8.50,250.00,425.00,0
875,8.75,250.00,437.50,0
900,9.00,250.00,450.00,0
925,9.25,250.00,462.50,0
950,9.50,250.00,475.00,0
975,9.75,250.00,487.50,0
1000,10.00,250.00,500.00,0
1025,10.25,250.00,512.50,0
1050,10.50,250.00,525.00,0
1075,10.75,250.00,537.50,0
1100,11.00,250.00,550.00,0
1125,11.25,250.00,562.50,0
1150,11.50,250.00,575.00,0
1175,11.75,250.00,587.50,0
1200,12.00,250.00,600.00,0
1225,12.25,250.00,612.50,0
1250,12.50,250.00,625.00,0
1275,12.75,250.00,637.50,0
1300,13.00,250.00,650.00,0
1325,13.25,250.00,662.50,0
1350,13.50,250.00,675.00,0
1375,13.75,250.00,687.50,0
1400,14.00,250.00,700.00,0
1425,14.25,250.00,712.50,0
1450,14.50,250.00,725.00,0
1475,14.75,250.00,737.50,0
1500,15.00,250.00,750.00,0
1525,15.25,250.00,762.50,0
1550,15.50,250.00,775.00,0
1575,15.75,250.00,787.50,0
1600,16.00,250.00,800.00,0
1625,16.25,250.00,812.50,0
1650,16.50,250.00,825.00,0
1675,16.75,250.00,837.50,0
1700,17.00,250.00,850.00,0
1725,17.25,250.00,862.50,0
1750,17.50,250.00,875.00,0
1775,17.75,250.00,887.50,0
1800,18.00,250.00,900.00,0
1825,18.25,250.00,912.50,0
1850,18.50,250.00,925.00,0
1875,18.75,250.00,937.50,0
1900,19.00,250.00,950.00,0
1925,19.25,250.00,962.50,0
1950,19.50,250.00,975.00,0
1975,19.75,250.00,987.50,0
2000,20.00,250.00,1000.00,0
2025,20.25,250.00,1012.50,0
2050,20.50,250.00,1025.00,0
2075,20.75,250.00,1037.50,0
2100,21.00,250.00,1050.00,0
2125,21.25,250.00,1062.50,0
2150,21.50,250.00,1075.00,0
2175,21.75,250.00,1087.50,0
2200,22.00,250.00,1100.00,0
2225,22.25,250.00,1112.50,0
2250,22.50,250.00,1125.00,0
2275,22.75,250.00,1137.50,0
2300,23.00,250.00,1150.00,0
2325,23.25,250.00,1162.50,0
2350,23.50,250.00,1175.00,0
2375,23.75,250.00,1187.50,0
2400,24.00,250.00,1200.00,0
2425,24.25,250.00,1212.50,0
2450,24.50,250.00,1225.00,0
2475,24.75,250.00,1237.50,0
2500,25.00,250.00,1250.00,0
2525,25.25,250.00,1262.50,0
2550,25.50,250.00,1275.00,0
2575,25.75,250.00,1287.50,0
2600,26.00,250.00,1300.00,0
2625,26.25,250.00,1312.50,0
2650,26.50,250.00,1325.00,0
2675,26.75,250.00,1337.50,0
2700,27.00,250.00,1350.00,0
2725,27.25,250.00,1362.50,0
2750,27.50,250.00,1375.00,0
2775,27.75,250.00,1387.50,0
2800,28.00,250.00,1400.00,0
2825,28.25,250.00,1412.50,0
2850,28.50,250.00,1425.00,0
2875,28.75,250.00,1437.50,0
2900,29.00,250.00,1450.00,0
2925,29.25,250.00,1462.50,0
2950,29.50,250.00,1475.00,0
2975,29.75,250.00,1487.50,0
3000,30.00,250.00,1500.00,0
3025,30.25,250.00,1512.50,0
3050,30.50,250.00,1525.00,0
3075,30.75,250.00,1537.50,0
3100,31.00,250.00,1550.00,0
3125,31.25,250.00,1562.50,0
3150,31.50,250.00,1575.00,0
3175,31.75,250.00,1587.50,0
3200,32.00,250.00,1600.00,0
3225,32.25,250.00,1612.50,0
3250,32.50,250.00,1625.00,0
3275,32.75,250.00,1637.50,0
3300,33.00,250.00,1650.00,0
3325,33.25,250.00,1662.50,0
3350,33.50,250.00,1675.00,0
3375,33.75,250.00,1687.50,0
3400,34.00,250.00,1700.00,0
3425,34.25,250.00,1712.50,0
3450,34.50,250.00,1725.00,0
3475,34.75,250.00,1737.50,0
3500,35.00,250.00,1750.00,0
3525,35.25,250.00,1762.50,0
3550,35.50,250.00,1775.00,0
3575,35.75,250.00,1787.50,0
3600,36.00,250.00,1800.00,0
3625,36.25,250.00,1812.50,0
3650,36.50,250.00,1825.00,0
3675,36.75,250.00,1837.50,0
3700,37.00,250.00,1850.00,0
3725,37.25,250.00,1862.50,0
3750,37.50,250.00,1875.00,0
3775,37.75,250.00,1887.50,0
3800,38.00,250.00,1900.00,0
3825,38.25,250.00,1912.50,0
3850,38.50,250.00,1925.00,0
3875,38.75,250.00,1937.50,0
3900,39.00,250.00,1950.00,0
3925,39.25,250.00,1962.50,0
3950,39.50,250.00,1975.00,0
3975,39.75,250.00,1987.50,0
4000,40.00,250.00,2000.00,0
4025,40.25,250.00,2012.50,0
4050,40.50,250.00,2025.00,0
4075,40.75,250.00,2037.50,0
4100,41.00,250.00,2050.00,0
4125,41.25,250.00,2062.50,0
4150,41.50,250.00,2075.00,0
4175,41.75,250.00,2087.50,0
4200,42.00,250.00,2100.00,0
4225,42.25,250.00,2112.50,0
4250,42.50,250.00,2125.00,0
4275,42.75,250.00,2137.50,0
4300,43.00,250.00,2150.00,0
4325,43.25,250.00,2162.50,0
4350,43.50,250.00,2175.00,0
4375,43.75,250.00,2187.50,0
4400,44.00,250.00,2200.00,0
4425,44.25,250.00,2212.50,0
4450,44.50,250.00,2225.00,0
4475,44.75,250.00,2237.50,0
4500,45.00,250.00,2250.00,0
4525,45.25,250.00,2262.50,0
4550,45.50,250.00,2275.00,0
4575,45.75,250.00,2287.50,0
4600,46.00,250.00,2300.00,0
4625,46.25,250.00,2312.50,0
4650,46.50,250.00,2325.00,0
4675,46.75,250.00,2337.50,0
4700,47.00,250.00,2350.00,0
4725,47.25,250.00,2362.50,0
4750,47.50,250.00,2375.00,0
4775,47.75,250.00,2387.50,0
4800,48.00,250.00,2400.00,0
4825,48.25,250.00,2412.50,0
4850,48.50,250.00,2425.00,0
4875,48.75,250.00,2437.50,0
4900,49.00,250.00,2450.00,0
4925,49.25,250.00,2462.50,0
4950,49.50,250.00,2475.00,0
4975,49.75,250.00,2487.50,0
5000,50.00,250.00,2500.00,0
5025,50.25,250.00,2512.50,0
5050,50.50,250.00,2525.00,0
5075,50.75,250.00,2537.50,0
5100,51.00,250.00,2550.00,0
5125,51.25,250.00,2562.50,0
5150,51.50,250.00,2575.00,0
5175,51.75,250.00,2587.50,0
5200,52.00,250.00,2600.00,0
5225,52.25,250.00,2612.50,0
5250,52.50,250.00,2625.00,0
5275,52.75,250.00,2637.50,0
5300,53.00,250.00,2650.00,0
5325,53.25,250.00,2662.50,0
5350,53.50,250.00,2675.00,0
5375,53.75,250.00,2687.50,0
5400,54.00,250.00,2700.00,0
5425,54.25,250.00,2712.50,0
5450,54.50,250.00,2725.00,0
5475,54.75,250.00,2737.50,0
5500,55.00,250.00,2750.00,0
5525,55.25,250.00,2762.50,0
5550,55.50,250.00,2775.00,0
5575,55.75,250.00,2787.50,0
5600,56.00,250.00,2800.00,0
5625,56.25,250.00,2812.50,0
5650,56.50,250.00,2825.00,0
5675,56.75,250.00,2837.50,0
5700,57.00,250.00,2850.00,0
5725,57.25,250.00,2862.50,0
5750,57.50,250.00,2875.00,0
5775,57.75,250.00,2887.50,0
5800,58.00,250.00,2900.00,0
5825,58.25,250.00,2912.50,0
5850,58.50,250.00,2925.00,0
5875,58.75,250.00,2937.50,0
5900,59.00,250.00,2950.00,0
5925,59.25,250.00,2962.50,0
5950,59.50,250.00,2975.00,0
5975,59.75,250.00,2987.50,0
6000,60.00,250.00,3000.00,0
6001,60.01,250.00,3000.50,1
6025,60.25,250.31,3012.49,1
6050,60.50,251.22,3024.96,1
6075,60.75,252.75,3037.36,1
6100,61.00,254.89,3049.68,1
6125,61.25,257.62,3061.88,1
6150,61.50,260.95,3073.92,1
6175,61.75,264.87,3085.79,1
6200,62.00,269.36,3097.46,1
6225,62.25,274.42,3108.88,1
6250,62.50,280.04,3120.05,1
6275,62.75,286.19,3130.93,1
6300,63.00,292.87,3141.49,1
6325,63.25,300.06,3151.72,1
6350,63.50,307.74,3161.58,1
6375,63.75,315.90,3171.05,1
6400,64.00,324.51,3180.11,1
6425,64.25,333.56,3188.73,1
6450,64.50,343.01,3196.91,1
6475,64.75,352.86,3204.60,1
6500,65.00,363.07,3211.81,1
6525,65.25,373.62,3218.51,1
6550,65.50,384.49,3224.68,1
6575,65.75,395.65,3230.32,1
6600,66.00,407.07,3235.40,1
6625,66.25,418.72,3239.91,1
6650,66.50,430.58,3243.85,1
6675,66.75,442.62,3247.20,1
6700,67.00,454.82,3249.95,1
6725,67.25,467.13,3252.11,1
6750,67.50,479.53,3253.66,1
6775,67.75,491.99,3254.60,1
6800,68.00,504.49,3254.93,1
6825,68.25,516.99,3254.93,1
6850,68.50,529.49,3254.93,1
6875,68.75,541.99,3254.93,1
6900,69.00,554.49,3254.93,1
6925,69.25,566.99,3254.93,1
6950,69.50,579.49,3254.93,1
6975,69.75,591.99,3254.93,1
7000,70.00,604.49,3254.93,1
7025,70.25,616.99,3254.93,1
7050,70.50,629.49,3254.93,1
7075,70.75,641.99,3254.93,1
7100,71.00,654.49,3254.93,1
7125,71.25,666.99,3254.93,1
7150,71.50,679.49,3254.93,1
7175,71.75,691.99,3254.93,1
7200,72.00,704.49,3254.76,1
7225,72.25,716.96,3253.99,1
7250,72.50,729.38,3252.61,1
7275,72.75,741.72,3250.62,1
7300,73.00,753.95,3248.04,1
7325,73.25,766.04,3244.85,1
7350,73.50,777.95,3241.08,1
7375,73.75,789.67,3236.73,1
7400,74.00,801.16,3231.81,1
7425,74.25,812.39,3226.33,1
7450,74.50,823.35,3220.31,1
7475,74.75,833.99,3213.75,1
7500,75.00,844.30,3206.69,1
7525,75.25,854.25,3199.13,1
7550,75.50,863.82,3191.08,1
7575,75.75,872.98,3182.58,1
7600,76.00,881.72,3173.64,1
7625,76.25,890.00,3164.29,1
7650,76.50,897.82,3154.54,1
7675,76.75,905.15,3144.41,1
7700,77.00,911.98,3133.94,1
7725,77.25,918.28,3123.15,1
7750,77.50,924.05,3112.06,1
7775,77.75,929.27,3100.70,1
7800,78.00,933.92,3089.10,1
7825,78.25,938.00,3077.29,1
7850,78.50,941.50,3065.29,1
7875,78.75,944.40,3053.13,1
7900,79.00,946.71,3040.85,1
7925,79.25,948.41,3028.47,1
7950,79.50,949.50,3016.01,1
7975,79.75,949.98,3003.53,1
7983,79.83,950.00,2999.53,2
8000,80.00,950.00,2991.03,2
8025,80.25,950.00,2978.53,2
8050,80.50,950.00,2966.03,2
8075,80.75,950.00,2953.53,2
8100,81.00,950.00,2941.03,2
8125,81.25,950.00,2928.53,2
8150,81.50,950.00,2916.03,2
8175,81.75,950.00,2903.53,2
8200,82.00,950.00,2891.03,2
8225,82.25,950.00,2878.53,2
8250,82.50,950.00,2866.03,2
8275,82.75,950.00,2853.53,2
8300,83.00,950.00,2841.03,2
8325,83.25,950.00,2828.53,2
8350,83.50,950.00,2816.03,2
8375,83.75,950.00,2803.53,2
8400,84.00,950.00,2791.03,2
8425,84.25,950.00,2778.53,2
8450,84.50,950.00,2766.03,2
8475,84.75,950.00,2753.53,2
8500,85.00,950.00,2741.03,2
8525,85.25,950.00,2728.53,2
8550,85.50,950.00,2716.03,2
8575,85.75,950.00,2703.53,2
8600,86.00,950.00,2691.03,2
8625,86.25,950.00,2678.53,2
8650,86.50,950.00,2666.03,2
8675,86.75,950.00,2653.53,2
8700,87.00,950.00,2641.03,2
8725,87.25,950.00,2628.53,2
8750,87.50,950.00,2616.03,2
8775,87.75,950.00,2603.53,2
8800,88.00,950.00,2591.03,2
8825,88.25,950.00,2578.53,2
8850,88.50,950.00,2566.03,2
8875,88.75,950.00,2553.53,2
8900,89.00,950.00,2541.03,2
8925,89.25,950.00,2528.53,2
8950,89.50,950.00,2516.03,2
8975,89.75,950.00,2503.53,2
9000,90.00,950.00,2491.03,2
9025,90.25,950.00,2478.53,2
9050,90.50,950.00,2466.03,2
9075,90.75,950.00,2453.53,2
9100,91.00,950.00,2441.03,2
9125,91.25,950.00,2428.53,2
9150,91.50,950.00,2416.03,2
9175,91.75,950.00,2403.53,2
9200,92.00,950.00,2391.03,2
9225,92.25,950.00,2378.53,2
9250,92.50,950.00,2366.03,2
9275,92.75,950.00,2353.53,2
9300,93.00,950.00,2341.03,2
9325,93.25,950.00,2328.53,2
9350,93.50,950.00,2316.03,2
9375,93.75,950.00,2303.53,2
9400,94.00,950.00,2291.03,2
9425,94.25,950.00,2278.53,2
9450,94.50,950.00,2266.03,2
9475,94.75,950.00,2253.53,2
9500,95.00,950.00,2241.03,2
9525,95.25,950.00,2228.53,2
9550,95.50,950.00,2216.03,2
9575,95.75,950.00,2203.53,2
9600,96.00,950.00,2191.03,2
9625,96.25,950.00,2178.53,2
9650,96.50,950.00,2166.03,2
9675,96.75,950.00,2153.53,2
9700,97.00,950.00,2141.03,2
9725,97.25,950.00,2128.53,2
9750,97.50,950.00,2116.03,2
9775,97.75,950.00,2103.53,2
9800,98.00,950.00,2091.03,2
9825,98.25,950.00,2078.53,2
9850,98.50,950.00,2066.03,2
9875,98.75,950.00,2053.53,2
9900,99.00,950.00,2041.03,2
9925,99.25,950.00,2028.53,2
9950,99.50,950.00,2016.03,2
9975,99.75,950.00,2003.53,2
10000,100.00,950.00,1991.03,2
10025,100.25,950.00,1978.53,2
10050,100.50,950.00,1966.03,2
10075,100.75,950.00,1953.53,2
10100,101.00,950.00,1941.03,2
10125,101.25,950.00,1928.53,2
10150,101.50,950.00,1916.03,2
10175,101.75,950.00,1903.53,2
10200,102.00,950.00,1891.03,2
10225,102.25,950.00,1878.53,2
10250,102.50,950.00,1866.03,2
10275,102.75,950.00,1853.53,2
10300,103.00,950.00,1841.03,2
10325,103.25,950.00,1828.53,2
10350,103.50,950.00,1816.03,2
10375,103.75,950.00,1803.53,2
10400,104.00,950.00,1791.03,2
10425,104.25,950.00,1778.53,2
10450,104.50,950.00,1766.03,2
10475,104.75,950.00,1753.53,2
10500,105.00,950.00,1741.03,2
10525,105.25,950.00,1728.53,2
10550,105.50,950.00,1716.03,2
10575,105.75,950.00,1703.53,2
10600,106.00,950.00,1691.03,2
10625,106.25,950.00,1678.53,2
10650,106.50,950.00,1666.03,2
10675,106.75,950.00,1653.53,2
10700,107.00,950.00,1641.03,2
10725,107.25,950.00,1628.53,2
10750,107.50,950.00,1616.03,2
10775,107.75,950.00,1603.53,2
10800,108.00,950.00,1591.03,2
10825,108.25,950.00,1578.53,2
10850,108.50,950.00,1566.03,2
10875,108.75,950.00,1553.53,2
10900,109.00,950.00,1541.03,2
10925,109.25,950.00,1528.53,2
10950,109.50,950.00,1516.03,2
10975,109.75,950.00,1503.53,2
11000,110.00,950.00,1491.03,2
11025,110.25,950.00,1478.53,2
11050,110.50,950.00,1466.03,2
11075,110.75,950.00,1453.53,2
11100,111.00,950.00,1441.03,2
11125,111.25,950.00,1428.53,2
11150,111.50,950.00,1416.03,2
11175,111.75,950.00,1403.53,2
11200,112.00,950.00,1391.03,2
11225,112.25,950.00,1378.53,2
11250,112.50,950.00,1366.03,2
11275,112.75,950.00,1353.53,2
11300,113.00,950.00,1341.03,2
11325,113.25,950.00,1328.53,2
11350,113.50,950.00,1316.03,2
11375,113.75,950.00,1303.53,2
11400,114.00,950.00,1291.03,2
11425,114.25,950.00,1278.53,2
11450,114.50,950.00,1266.03,2
11475,114.75,950.00,1253.53,2
11500,115.00,950.00,1241.03,2
11525,115.25,950.00,1228.53,2
11550,115.50,950.00,1216.03,2
11575,115.75,950.00,1203.53,2
11600,116.00,950.00,1191.03,2
11625,116.25,950.00,1178.53,2
11650,116.50,950.00,1166.03,2
11675,116.75,950.00,1153.53,2
11700,117.00,950.00,1141.03,2
11725,117.25,950.00,1128.53,2
11750,117.50,950.00,1116.03,2
11775,117.75,950.00,1103.53,2
11800,118.00,950.00,1091.03,2
11825,118.25,950.00,1078.53,2
11850,118.50,950.00,1066.03,2
11875,118.75,950.00,1053.53,2
11900,119.00,950.00,1041.03,2
11925,119.25,950.00,1028.53,2
11950,119.50,950.00,1016.03,2
11975,119.75,950.00,1003.53,2
12000,120.00,950.00,991.03,2
12025,120.25,950.00,978.53,2
12050,120.50,950.00,966.03,2
12075,120.75,950.00,953.53,2
12100,121.00,950.00,941.03,2
12125,121.25,950.00,928.53,2
12150,121.50,950.00,916.03,2
12175,121.75,950.00,903.53,2
12200,122.00,950.00,891.03,2
12225,122.25,950.00,878.53,2
12250,122.50,950.00,866.03,2
12275,122.75,950.00,853.53,2
12300,123.00,950.00,841.03,2
12325,123.25,950.00,828.53,2
12350,123.50,950.00,816.03,2
12375,123.75,950.00,803.53,2
12400,124.00,950.00,791.03,2
12425,124.25,950.00,778.53,2
12450,124.50,950.00,766.03,2
12475,124.75,950.00,753.53,2
12500,125.00,950.00,741.03,2
12525,125.25,950.00,728.53,2
12550,125.50,950.00,716.03,2
12575,125.75,950.00,703.53,2
12600,126.00,950.00,691.03,2
12625,126.25,950.00,678.53,2
12650,126.50,950.00,666.03,2
12675,126.75,950.00,653.53,2
12700,127.00,950.00,641.03,2
12725,127.25,950.00,628.53,2
12750,127.50,950.00,616.03,2
12775,127.75,950.00,603.53,2
12800,128.00,950.00,591.03,2
12825,128.25,950.00,578.53,2
12850,128.50,950.00,566.03,2
12875,128.75,950.00,553.53,2
12900,129.00,950.00,541.03,2
12925,129.25,950.00,528.53,2
12950,129.50,950.00,516.03,2
12975,129.75,950.00,503.53,2
13000,130.00,950.00,491.03,2
13025,130.25,950.00,478.53,2
13050,130.50,950.00,466.03,2
13075,130.75,950.00,453.53,2
13100,131.00,950.00,441.03,2
13125,131.25,950.00,428.53,2
13150,131.50,950.00,416.03,2
13175,131.75,950.00,403.53,2
13200,132.00,950.00,391.03,2
13225,132.25,950.00,378.53,2
13250,132.50,950.00,366.03,2
13275,132.75,950.00,353.53,2
13300,133.00,950.00,341.03,2
13325,133.25,950.00,328.53,2
13350,133.50,950.00,316.03,2
13375,133.75,950.00,303.53,2
13400,134.00,950.00,291.03,2
13425,134.25,950.00,278.53,2
13450,134.50,950.00,266.03,2
13475,134.75,950.00,253.53,2
13500,135.00,950.00,241.03,2
13525,135.25,950.00,228.53,2
13550,135.50,950.00,216.03,2
13575,135.75,950.00,203.53,2
13600,136.00,950.00,191.03,2
13625,136.25,950.00,178.53,2
13650,136.50,950.00,166.03,2
13675,136.75,950.00,153.53,2
13700,137.00,950.00,141.03,2
13725,137.25,950.00,128.53,2
13750,137.50,950.00,116.03,2
13775,137.75,950.00,103.53,2
13800,138.00,950.00,91.03,2
13825,138.25,950.00,78.53,2
13850,138.50,950.00,66.03,2
13875,138.75,950.00,53.53,2
13900,139.00,950.00,41.03,2
13925,139.25,950.00,28.53,2
13950,139.50,950.00,16.03,2
13975,139.75,950.00,3.53,2
13983,139.83,950.00,-0.47,3
14000,140.00,950.16,-8.97,3
14025,140.25,950.90,-21.45,3
14050,140.50,952.26,-33.87,3
14075,140.75,954.22,-46.22,3
14100,141.00,956.79,-58.45,3
14125,141.25,959.95,-70.54,3
14150,141.50,963.71,-82.46,3
14175,141.75,968.04,-94.19,3
14200,142.00,972.94,-105.69,3
14225,142.25,978.40,-116.93,3
14250,142.50,984.40,-127.89,3
14275,142.75,990.94,-138.55,3
14300,143.00,997.98,-148.87,3
14325,143.25,1005.53,-158.83,3
14350,143.50,1013.55,-168.42,3
14375,143.75,1022.04,-177.59,3
14400,144.00,1030.96,-186.34,3
14425,144.25,1040.30,-194.65,3
14450,144.50,1050.04,-202.48,3
14475,144.75,1060.15,-209.83,3
14500,145.00,1070.61,-216.67,3
14525,145.25,1081.39,-223.00,3
14550,145.50,1092.47,-228.78,3
14575,145.75,1103.82,-234.02,3
14600,146.00,1115.41,-238.70,3
14625,146.25,1127.22,-242.80,3
14650,146.50,1139.21,-246.31,3
14675,146.75,1151.36,-249.24,3
14700,147.00,1163.64,-251.56,3
14725,147.25,1176.02,-253.29,3
14750,147.50,1188.47,-254.40,3
14775,147.75,1200.96,-254.90,3
14800,148.00,1213.46,-254.93,3
14825,148.25,1225.96,-254.93,3
14850,148.50,1238.46,-254.93,3
14875,148.75,1250.96,-254.93,3
14900,149.00,1263.46,-254.93,3
14925,149.25,1275.96,-254.93,3
14950,149.50,1288.46,-254.93,3
14975,149.75,1300.96,-254.93,3
15000,150.00,1313.46,-254.93,3
15025,150.25,1325.96,-254.93,3
15050,150.50,1338.46,-254.93,3
15075,150.75,1350.96,-254.93,3
15100,151.00,1363.46,-254.93,3
15125,151.25,1375.96,-254.93,3
15150,151.50,1388.46,-254.93,3
15175,151.75,1400.96,-254.86,3
15200,152.00,1413.45,-254.27,3
15225,152.25,1425.89,-253.06,3
15250,152.50,1438.25,-251.25,3
15275,152.75,1450.52,-248.83,3
15300,153.00,1462.64,-245.81,3
15325,153.25,1474.61,-242.20,3
15350,153.50,1486.39,-238.01,3
15375,153.75,1497.94,-233.25,3
15400,154.00,1509.25,-227.93,3
15425,154.25,1520.29,-222.06,3
15450,154.50,1531.02,-215.65,3
15475,154.75,1541.43,-208.73,3
15500,155.00,1551.48,-201.31,3
15525,155.25,1561.16,-193.40,3
15550,155.50,1570.44,-185.03,3
15575,155.75,1579.30,-176.21,3
15600,156.00,1587.71,-166.97,3
15625,156.25,1595.67,-157.32,3
15650,156.50,1603.13,-147.30,3
15675,156.75,1610.10,-136.93,3
15700,157.00,1616.56,-126.22,3
15725,157.25,1622.48,-115.22,3
15750,157.50,1627.85,-103.93,3
15775,157.75,1632.67,-92.40,3
15800,158.00,1636.91,-80.64,3
15825,158.25,1640.57,-68.69,3
15850,158.50,1643.64,-56.58,3
15875,158.75,1646.12,-44.32,3
15900,159.00,1647.99,-31.97,3
15925,159.25,1649.25,-19.53,3
15950,159.50,1649.90,-7.05,3
15965,159.65,1650.00,0.45,4
15975,159.75,1650.00,5.45,4
16000,160.00,1650.00,17.95,4
16025,160.25,1650.00,30.45,4
16050,160.50,1650.00,42.95,4
16075,160.75,1650.00,55.45,4
16100,161.00,1650.00,67.95,4
16125,161.25,1650.00,80.45,4
16150,161.50,1650.00,92.95,4
16175,161.75,1650.00,105.45,4
16200,162.00,1650.00,117.95,4
16225,162.25,1650.00,130.45,4
16250,162.50,1650.00,142.95,4
16275,162.75,1650.00,155.45,4
16300,163.00,1650.00,167.95,4
16325,163.25,1650.00,180.45,4
16350,163.50,1650.00,192.95,4
16375,163.75,1650.00,205.45,4
16400,164.00,1650.00,217.95,4
16425,164.25,1650.00,230.45,4
16450,164.50,1650.00,242.95,4
16475,164.75,1650.00,255.45,4
16500,165.00,1650.00,267.95,4
16525,165.25,1650.00,280.45,4
16550,165.50,1650.00,292.95,4
16575,165.75,1650.00,305.45,4
16600,166.00,1650.00,317.95,4
16625,166.25,1650.00,330.45,4
16650,166.50,1650.00,342.95,4
16675,166.75,1650.00,355.45,4
16700,167.00,1650.00,367.95,4
16725,167.25,1650.00,380.45,4
16750,167.50,1650.00,392.95,4
16775,167.75,1650.00,405.45,4
16800,168.00,1650.00,417.95,4
16825,168.25,1650.00,430.45,4
16850,168.50,1650.00,442.95,4
16875,168.75,1650.00,455.45,4
16900,169.00,1650.00,467.95,4
16925,169.25,1650.00,480.45,4
16950,169.50,1650.00,492.95,4
16975,169.75,1650.00,505.45,4
17000,170.00,1650.00,517.95,4
17025,170.25,1650.00,530.45,4
17050,170.50,1650.00,542.95,4
17075,170.75,1650.00,555.45,4
17100,171.00,1650.00,567.95,4
17125,171.25,1650.00,580.45,4
17150,171.50,1650.00,592.95,4
17175,171.75,1650.00,605.45,4
17200,172.00,1650.00,617.95,4
17225,172.25,1650.00,630.45,4
17250,172.50,1650.00,642.95,4
17275,172.75,1650.00,655.45,4
17300,173.00,1650.00,667.95,4
17325,173.25,1650.00,680.45,4
17350,173.50,1650.00,692.95,4
17375,173.75,1650.00,705.45,4
17400,174.00,1650.00,717.95,4
17425,174.25,1650.00,730.45,4
17450,174.50,1650.00,742.95,4
17475,174.75,1650.00,755.45,4
17500,175.00,1650.00,767.95,4
17525,175.25,1650.00,780.45,4
17550,175.50,1650.00,792.95,4
17575,175.75,1650.00,805.45,4
17600,176.00,1650.00,817.95,4
17625,176.25,1650.00,830.45,4
17650,176.50,1650.00,842.95,4
17675,176.75,1650.00,855.45,4
17700,177.00,1650.00,867.95,4
17725,177.25,1650.00,880.45,4
17750,177.50,1650.00,892.95,4
17775,177.75,1650.00,905.45,4
17800,178.00,1650.00,917.95,4
17825,178.25,1650.00,930.45,4
17850,178.50,1650.00,942.95,4
17875,178.75,1650.00,955.45,4
17900,179.00,1650.00,967.95,4
17925,179.25,1650.00,980.45,4
17950,179.50,1650.00,992.95,4
17975,179.75,1650.00,1005.45,4
18000,180.00,1650.00,1017.95,4
18025,180.25,1650.00,1030.45,4
18050,180.50,1650.00,1042.95,4
18075,180.75,1650.00,1055.45,4
18100,181.00,1650.00,1067.95,4
18125,181.25,1650.00,1080.45,4
18150,181.50,1650.00,1092.95,4
18175,181.75,1650.00,1105.45,4
18200,182.00,1650.00,1117.95,4
18225,182.25,1650.00,1130.45,4
18250,182.50,1650.00,1142.95,4
18275,182.75,1650.00,1155.45,4
18300,183.00,1650.00,1167.95,4
18325,183.25,1650.00,1180.45,4
18350,183.50,1650.00,1192.95,4
18375,183.75,1650.00,1205.45,4
18400,184.00,1650.00,1217.95,4
18425,184.25,1650.00,1230.45,4
18450,184.50,1650.00,1242.95,4
18475,184.75,1650.00,1255.45,4
18500,185.00,1650.00,1267.95,4
18525,185.25,1650.00,1280.45,4
18550,185.50,1650.00,1292.95,4
18575,185.75,1650.00,1305.45,4
18600,186.00,1650.00,1317.95,4
18625,186.25,1650.00,1330.45,4
18650,186.50,1650.00,1342.95,4
18675,186.75,1650.00,1355.45,4
18700,187.00,1650.00,1367.95,4
18725,187.25,1650.00,1380.45,4
18750,187.50,1650.00,1392.95,4
18775,187.75,1650.00,1405.45,4
18800,188.00,1650.00,1417.95,4
18825,188.25,1650.00,1430.45,4
18850,188.50,1650.00,1442.95,4
18875,188.75,1650.00,1455.45,4
18900,189.00,1650.00,1467.95,4
18925,189.25,1650.00,1480.45,4
18950,189.50,1650.00,1492.95,4
18975,189.75,1650.00,1505.45,4
19000,190.00,1650.00,1517.95,4
19025,190.25,1650.00,1530.45,4
19050,190.50,1650.00,1542.95,4
19075,190.75,1650.00,1555.45,4
19100,191.00,1650.00,1567.95,4
19125,191.25,1650.00,1580.45,4
19150,191.50,1650.00,1592.95,4
19175,191.75,1650.00,1605.45,4
19200,192.00,1650.00,1617.95,4
19225,192.25,1650.00,1630.45,4
19250,192.50,1650.00,1642.95,4
19275,192.75,1650.00,1655.45,4
19300,193.00,1650.00,1667.95,4
19325,193.25,1650.00,1680.45,4
19350,193.50,1650.00,1692.95,4
19375,193.75,1650.00,1705.45,4
19400,194.00,1650.00,1717.95,4
19425,194.25,1650.00,1730.45,4
19450,194.50,1650.00,1742.95,4
19475,194.75,1650.00,1755.45,4
19500,195.00,1650.00,1767.95,4
19525,195.25,1650.00,1780.45,4
19550,195.50,1650.00,1792.95,4
19575,195.75,1650.00,1805.45,4
19600,196.00,1650.00,1817.95,4
19625,196.25,1650.00,1830.45,4
19650,196.50,1650.00,1842.95,4
19675,196.75,1650.00,1855.45,4
19700,197.00,1650.00,1867.95,4
19725,197.25,1650.00,1880.45,4
19750,197.50,1650.00,1892.95,4
19775,197.75,1650.00,1905.45,4
19800,198.00,1650.00,1917.95,4
19825,198.25,1650.00,1930.45,4
19850,198.50,1650.00,1942.95,4
19875,198.75,1650.00,1955.45,4
19900,199.00,1650.00,1967.95,4
19925,199.25,1650.00,1980.45,4
19950,199.50,1650.00,1992.95,4
19975,199.75,1650.00,2005.45,4
20000,200.00,1650.00,2017.95,4
20025,200.25,1650.00,2030.45,4
20050,200.50,1650.00,2042.95,4
20075,200.75,1650.00,2055.45,4
20100,201.00,1650.00,2067.95,4
20125,201.25,1650.00,2080.45,4
20150,201.50,1650.00,2092.95,4
20175,201.75,1650.00,2105.45,4
20200,202.00,1650.00,2117.95,4
20225,202.25,1650.00,2130.45,4
20250,202.50,1650.00,2142.95,4
20275,202.75,1650.00,2155.45,4
20300,203.00,1650.00,2167.95,4
20325,203.25,1650.00,2180.45,4
20350,203.50,1650.00,2192.95,4
20375,203.75,1650.00,2205.45,4
20400,204.00,1650.00,2217.95,4
20425,204.25,1650.00,2230.45,4
20450,204.50,1650.00,2242.95,4
20475,204.75,1650.00,2255.45,4
20500,205.00,1650.00,2267.95,4
20525,205.25,1650.00,2280.45,4
20550,205.50,1650.00,2292.95,4
20575,205.75,1650.00,2305.45,4
20600,206.00,1650.00,2317.95,4
20625,206.25,1650.00,2330.45,4
20650,206.50,1650.00,2342.95,4
20675,206.75,1650.00,2355.45,4
20700,207.00,1650.00,2367.95,4
20725,207.25,1650.00,2380.45,4
20750,207.50,1650.00,2392.95,4
20775,207.75,1650.00,2405.45,4
20800,208.00,1650.00,2417.95,4
20825,208.25,1650.00,2430.45,4
20850,208.50,1650.00,2442.95,4
20875,208.75,1650.00,2455.45,4
20900,209.00,1650.00,2467.95,4
20925,209.25,1650.00,2480.45,4
20950,209.50,1650.00,2492.95,4
20975,209.75,1650.00,2505.45,4
21000,210.00,1650.00,2517.95,4
21025,210.25,1650.00,2530.45,4
21050,210.50,1650.00,2542.95,4
21075,210.75,1650.00,2555.45,4
21100,211.00,1650.00,2567.95,4
21125,211.25,1650.00,2580.45,4
21150,211.50,1650.00,2592.95,4
21175,211.75,1650.00,2605.45,4
21200,212.00,1650.00,2617.95,4
21225,212.25,1650.00,2630.45,4
21250,212.50,1650.00,2642.95,4
21275,212.75,1650.00,2655.45,4
21300,213.00,1650.00,2667.95,4
21325,213.25,1650.00,2680.45,4
21350,213.50,1650.00,2692.95,4
21375,213.75,1650.00,2705.45,4
21400,214.00,1650.00,2717.95,4
21425,214.25,1650.00,2730.45,4
21450,214.50,1650.00,2742.95,4
21475,214.75,1650.00,2755.45,4
21500,215.00,1650.00,2767.95,4
21525,215.25,1650.00,2780.45,4
21550,215.50,1650.00,2792.95,4
21575,215.75,1650.00,2805.45,4
21600,216.00,1650.00,2817.95,4
21625,216.25,1650.00,2830.45,4
21650,216.50,1650.00,2842.95,4
21675,216.75,1650.00,2855.45,4
21700,217.00,1650.00,2867.95,4
21725,217.25,1650.00,2880.45,4
21750,217.50,1650.00,2892.95,4
21775,217.75,1650.00,2905.45,4
21800,218.00,1650.00,2917.95,4
21825,218.25,1650.00,2930.45,4
21850,218.50,1650.00,2942.95,4
21875,218.75,1650.00,2955.45,4
21900,219.00,1650.00,2967.95,4
21925,219.25,1650.00,2980.45,4
21950,219.50,1650.00,2992.95,4
21965,219.65,1650.00,3000.45,5
21975,219.75,1650.06,3005.45,5
22000,220.00,1650.63,3017.93,5
22025,220.25,1651.82,3030.38,5
22050,220.50,1653.61,3042.75,5
22075,220.75,1656.01,3055.01,5
22100,221.00,1659.00,3067.15,5
22125,221.25,1662.59,3079.12,5
22150,221.50,1666.76,3090.90,5
22175,221.75,1671.50,3102.47,5
22200,222.00,1676.80,3113.79,5
22225,222.25,1682.65,3124.83,5
22250,222.50,1689.04,3135.58,5
22275,222.75,1695.94,3145.99,5
22300,223.00,1703.35,3156.06,5
22325,223.25,1711.24,3165.75,5
22350,223.50,1719.60,3175.05,5
22375,223.75,1728.40,3183.92,5
22400,224.00,1737.63,3192.35,5
22425,224.25,1747.26,3200.32,5
22450,224.50,1757.27,3207.81,5
22475,224.75,1767.63,3214.80,5
22500,225.00,1778.32,3221.27,5
22525,225.25,1789.32,3227.21,5
22550,225.50,1800.59,3232.60,5
22575,225.75,1812.12,3237.43,5
22600,226.00,1823.87,3241.70,5
22625,226.25,1835.81,3245.38,5
22650,226.50,1847.92,3248.47,5
22675,226.75,1860.17,3250.97,5
22700,227.00,1872.53,3252.86,5
22725,227.25,1884.96,3254.15,5
22750,227.50,1897.44,3254.82,5
22775,227.75,1909.94,3254.93,5
22800,228.00,1922.44,3254.93,5
22825,228.25,1934.94,3254.93,5
22850,228.50,1947.44,3254.93,5
22875,228.75,1959.94,3254.93,5
22900,229.00,1972.44,3254.93,5
22925,229.25,1984.94,3254.93,5
22950,229.50,1997.44,3254.93,5
22975,229.75,2009.94,3254.93,5
23000,230.00,2022.44,3254.93,5
23025,230.25,2034.94,3254.93,5
23050,230.50,2047.44,3254.93,5
23075,230.75,2059.94,3254.93,5
23100,231.00,2072.44,3254.93,5
23125,231.25,2084.94,3254.93,5
23150,231.50,2097.44,3254.92,5
23175,231.75,2109.93,3254.50,5
23200,232.00,2122.38,3253.46,5
23225,232.25,2134.77,3251.82,5
23250,232.50,2147.07,3249.57,5
23275,232.75,2159.24,3246.72,5
23300,233.00,2171.26,3243.28,5
23325,233.25,2183.09,3239.25,5
23350,233.50,2194.71,3234.65,5
23375,233.75,2206.09,3229.49,5
23400,234.00,2217.20,3223.77,5
23425,234.25,2228.03,3217.51,5
23450,234.50,2238.53,3210.74,5
23475,234.75,2248.68,3203.45,5
23500,235.00,2258.47,3195.68,5
23525,235.25,2267.86,3187.43,5
23550,235.50,2276.84,3178.74,5
23575,235.75,2285.39,3169.61,5
23600,236.00,2293.47,3160.08,5
23625,236.25,2301.08,3150.17,5
23650,236.50,2308.19,3139.89,5
23675,236.75,2314.79,3129.27,5
23700,237.00,2320.86,3118.35,5
23725,237.25,2326.39,3107.14,5
23750,237.50,2331.37,3095.67,5
23775,237.75,2335.77,3083.98,5
23800,238.00,2339.60,3072.08,5
23825,238.25,2342.84,3060.01,5
23850,238.50,2345.48,3047.79,5
23875,238.75,2347.52,3035.46,5
23900,239.00,2348.96,3023.04,5
23925,239.25,2349.78,3010.57,5
23947,239.47,2350.00,2999.58,6
23950,239.50,2350.00,2998.08,6
23975,239.75,2350.00,2985.58,6
24000,240.00,2350.00,2973.08,6
24025,240.25,2350.00,2960.58,6
24050,240.50,2350.00,2948.08,6
24075,240.75,2350.00,2935.58,6
24100,241.00,2350.00,2923.08,6
24125,241.25,2350.00,2910.58,6
24150,241.50,2350.00,2898.08,6
24175,241.75,2350.00,2885.58,6
24200,242.00,2350.00,2873.08,6
24225,242.25,2350.00,2860.58,6
24250,242.50,2350.00,2848.08,6
24275,242.75,2350.00,2835.58,6
24300,243.00,2350.00,2823.08,6
24325,243.25,2350.00,2810.58,6
24350,243.50,2350.00,2798.08,6
24375,243.75,2350.00,2785.58,6
24400,244.00,2350.00,2773.08,6
24425,244.25,2350.00,2760.58,6
24450,244.50,2350.00,2748.08,6
24475,244.75,2350.00,2735.58,6
24500,245.00,2350.00,2723.08,6
24525,245.25,2350.00,2710.58,6
24550,245.50,2350.00,2698.08,6
24575,245.75,2350.00,2685.58,6
24600,246.00,2350.00,2673.08,6
24625,246.25,2350.00,2660.58,6
24650,246.50,2350.00,2648.08,6
24675,246.75,2350.00,2635.58,6
24700,247.00,2350.00,2623.08,6
24725,247.25,2350.00,2610.58,6
24750,247.50,2350.00,2598.08,6
24775,247.75,2350.00,2585.58,6
24800,248.00,2350.00,2573.08,6
24825,248.25,2350.00,2560.58,6
24850,248.50,2350.00,2548.08,6
24875,248.75,2350.00,2535.58,6
24900,249.00,2350.00,2523.08,6
24925,249.25,2350.00,2510.58,6
24950,249.50,2350.00,2498.08,6
24975,249.75,2350.00,2485.58,6
25000,250.00,2350.00,2473.08,6
25025,250.25,2350.00,2460.58,6
25050,250.50,2350.00,2448.08,6
25075,250.75,2350.00,2435.58,6
25100,251.00,2350.00,2423.08,6
25125,251.25,2350.00,2410.58,6
25150,251.50,2350.00,2398.08,6
25175,251.75,2350.00,2385.58,6
25200,252.00,2350.00,2373.08,6
25225,252.25,2350.00,2360.58,6
25250,252.50,2350.00,2348.08,6
25275,252.75,2350.00,2335.58,6
25300,253.00,2350.00,2323.08,6
25325,253.25,2350.00,2310.58,6
25350,253.50,2350.00,2298.08,6
25375,253.75,2350.00,2285.58,6
25400,254.00,2350.00,2273.08,6
25425,254.25,2350.00,2260.58,6
25450,254.50,2350.00,2248.08,6
25475,254.75,2350.00,2235.58,6
25500,255.00,2350.00,2223.08,6
25525,255.25,2350.00,2210.58,6
25550,255.50,2350.00,2198.08,6
25575,255.75,2350.00,2185.58,6
25600,256.00,2350.00,2173.08,6
25625,256.25,2350.00,2160.58,6
25650,256.50,2350.00,2148.08,6
25675,256.75,2350.00,2135.58,6
25700,257.00,2350.00,2123.08,6
25725,257.25,2350.00,2110.58,6
25750,257.50,2350.00,2098.08,6
25775,257.75,2350.00,2085.58,6
25800,258.00,2350.00,2073.08,6
25825,258.25,2350.00,2060.58,6
25850,258.50,2350.00,2048.08,6
25875,258.75,2350.00,2035.58,6
25900,259.00,2350.00,2023.08,6
25925,259.25,2350.00,2010.58,6
25950,259.50,2350.00,1998.08,6
25975,259.75,2350.00,1985.58,6
26000,260.00,2350.00,1973.08,6
26025,260.25,2350.00,1960.58,6
26050,260.50,2350.00,1948.08,6
26075,260.75,2350.00,1935.58,6
26100,261.00,2350.00,1923.08,6
26125,261.25,2350.00,1910.58,6
26150,261.50,2350.00,1898.08,6
26175,261.75,2350.00,1885.58,6
26200,262.00,2350.00,1873.08,6
26225,262.25,2350.00,1860.58,6
26250,262.50,2350.00,1848.08,6
26275,262.75,2350.00,1835.58,6
26300,263.00,2350.00,1823.08,6
26325,263.25,2350.00,1810.58,6
26350,263.50,2350.00,1798.08,6
26375,263.75,2350.00,1785.58,6
26400,264.00,2350.00,1773.08,6
26425,264.25,2350.00,1760.58,6
26450,264.50,2350.00,1748.08,6
26475,264.75,2350.00,1735.58,6
26500,265.00,2350.00,1723.08,6
26525,265.25,2350.00,1710.58,6
26550,265.50,2350.00,1698.08,6
26575,265.75,2350.00,1685.58,6
26600,266.00,2350.00,1673.08,6
26625,266.25,2350.00,1660.58,6
26650,266.50,2350.00,1648.08,6
26675,266.75,2350.00,1635.58,6
26700,267.00,2350.00,1623.08,6
26725,267.25,2350.00,1610.58,6
26750,267.50,2350.00,1598.08,6
26775,267.75,2350.00,1585.58,6
26800,268.00,2350.00,1573.08,6
26825,268.25,2350.00,1560.58,6
26850,268.50,2350.00,1548.08,6
26875,268.75,2350.00,1535.58,6
26900,269.00,2350.00,1523.08,6
26925,269.25,2350.00,1510.58,6
26950,269.50,2350.00,1498.08,6
26975,269.75,2350.00,1485.58,6
27000,270.00,2350.00,1473.08,6
27025,270.25,2350.00,1460.58,6
27050,270.50,2350.00,1448.08,6
27075,270.75,2350.00,1435.58,6
27100,271.00,2350.00,1423.08,6
27125,271.25,2350.00,1410.58,6
27150,271.50,2350.00,1398.08,6
27175,271.75,2350.00,1385.58,6
27200,272.00,2350.00,1373.08,6
27225,272.25,2350.00,1360.58,6
27250,272.50,2350.00,1348.08,6
27275,272.75,2350.00,1335.58,6
27300,273.00,2350.00,1323.08,6
27325,273.25,2350.00,1310.58,6
27350,273.50,2350.00,1298.08,6
27375,273.75,2350.00,1285.58,6
27400,274.00,2350.00,1273.08,6
27425,274.25,2350.00,1260.58,6
27450,274.50,2350.00,1248.08,6
27475,274.75,2350.00,1235.58,6
27500,275.00,2350.00,1223.08,6
27525,275.25,2350.00,1210.58,6
27550,275.50,2350.00,1198.08,6
27575,275.75,2350.00,1185.58,6
27600,276.00,2350.00,1173.08,6
27625,276.25,2350.00,1160.58,6
27650,276.50,2350.00,1148.08,6
27675,276.75,2350.00,1135.58,6
27700,277.00,2350.00,1123.08,6
27725,277.25,2350.00,1110.58,6
27750,277.50,2350.00,1098.08,6
27775,277.75,2350.00,1085.58,6
27800,278.00,2350.00,1073.08,6
27825,278.25,2350.00,1060.58,6
27850,278.50,2350.00,1048.08,6
27875,278.75,2350.00,1035.58,6
27900,279.00,2350.00,1023.08,6
27925,279.25,2350.00,1010.58,6
27950,279.50,2350.00,998.08,6
27975,279.75,2350.00,985.58,6
28000,280.00,2350.00,973.08,6
28025,280.25,2350.00,960.58,6
28050,280.50,2350.00,948.08,6
28075,280.75,2350.00,935.58,6
28100,281.00,2350.00,923.08,6
28125,281.25,2350.00,910.58,6
28150,281.50,2350.00,898.08,6
28175,281.75,2350.00,885.58,6
28200,282.00,2350.00,873.08,6
28225,282.25,2350.00,860.58,6
28250,282.50,2350.00,848.08,6
28275,282.75,2350.00,835.58,6
28300,283.00,2350.00,823.08,6
28325,283.25,2350.00,810.58,6
28350,283.50,2350.00,798.08,6
28375,283.75,2350.00,785.58,6
28400,284.00,2350.00,773.08,6
28425,284.25,2350.00,760.58,6
28450,284.50,2350.00,748.08,6
28475,284.75,2350.00,735.58,6
28500,285.00,2350.00,723.08,6
28525,285.25,2350.00,710.58,6
28550,285.50,2350.00,698.08,6
28575,285.75,2350.00,685.58,6
28600,286.00,2350.00,673.08,6
28625,286.25,2350.00,660.58,6
28650,286.50,2350.00,648.08,6
28675,286.75,2350.00,635.58,6
28700,287.00,2350.00,623.08,6
28725,287.25,2350.00,610.58,6
28750,287.50,2350.00,598.08,6
28775,287.75,2350.00,585.58,6
28800,288.00,2350.00,573.08,6
28825,288.25,2350.00,560.58,6
28850,288.50,2350.00,548.08,6
28875,288.75,2350.00,535.58,6
28900,289.00,2350.00,523.08,6
28925,289.25,2350.00,510.58,6
28950,289.50,2350.00,498.08,6
28975,289.75,2350.00,485.58,6
29000,290.00,2350.00,473.08,6
29025,290.25,2350.00,460.58,6
29050,290.50,2350.00,448.08,6
29075,290.75,2350.00,435.58,6
29100,291.00,2350.00,423.08,6
29125,291.25,2350.00,410.58,6
29150,291.50,2350.00,398.08,6
29175,291.75,2350.00,385.58,6
29200,292.00,2350.00,373.08,6
29225,292.25,2350.00,360.58,6
29250,292.50,2350.00,348.08,6
29275,292.75,2350.00,335.58,6
29300,293.00,2350.00,323.08,6
29325,293.25,2350.00,310.58,6
29350,293.50,2350.00,298.08,6
29375,293.75,2350.00,285.58,6
29400,294.00,2350.00,273.08,6
29425,294.25,2350.00,260.58,6
29450,294.50,2350.00,248.08,6
29475,294.75,2350.00,235.58,6
29500,295.00,2350.00,223.08,6
29525,295.25,2350.00,210.58,6
29550,295.50,2350.00,198.08,6
29575,295.75,2350.00,185.58,6
29600,296.00,2350.00,173.08,6
29625,296.25,2350.00,160.58,6
29650,296.50,2350.00,148.08,6
29675,296.75,2350.00,135.58,6
29700,297.00,2350.00,123.08,6
29725,297.25,2350.00,110.58,6
29750,297.50,2350.00,98.08,6
29775,297.75,2350.00,85.58,6
29800,298.00,2350.00,73.08,6
29825,298.25,2350.00,60.58,6
29850,298.50,2350.00,48.08,6
29875,298.75,2350.00,35.58,6
29900,299.00,2350.00,23.08,6
29925,299.25,2350.00,10.58,6
29947,299.47,2350.00,-0.42,7
29950,299.50,2350.01,-1.92,7
29975,299.75,2350.41,-14.42,7
30000,300.00,2351.42,-26.87,7
30025,300.25,2353.04,-39.27,7
30050,300.50,2355.27,-51.57,7
30075,300.75,2358.10,-63.74,7
30100,301.00,2361.52,-75.76,7
30125,301.25,2365.52,-87.60,7
30150,301.50,2370.11,-99.23,7
30175,301.75,2375.25,-110.62,7
30200,302.00,2380.95,-121.75,7
30225,302.25,2387.19,-132.58,7
30250,302.50,2393.95,-143.09,7
30275,302.75,2401.21,-153.26,7
30300,303.00,2408.97,-163.06,7
30325,303.25,2417.20,-172.47,7
30350,303.50,2425.88,-181.46,7
30375,303.75,2434.99,-190.02,7
30400,304.00,2444.50,-198.12,7
30425,304.25,2454.41,-205.75,7
30450,304.50,2464.67,-212.88,7
30475,304.75,2475.27,-219.50,7
30500,305.00,2486.19,-225.59,7
30525,305.25,2497.39,-231.14,7
30550,305.50,2508.85,-236.13,7
30575,305.75,2520.53,-240.55,7
30600,306.00,2532.43,-244.40,7
30625,306.25,2544.49,-247.66,7
30650,306.50,2556.70,-250.33,7
30675,306.75,2569.03,-252.39,7
30700,307.00,2581.45,-253.85,7
30725,307.25,2593.92,-254.69,7
30750,307.50,2606.41,-254.93,7
30775,307.75,2618.91,-254.93,7
30800,308.00,2631.41,-254.93,7
30825,308.25,2643.91,-254.93,7
30850,308.50,2656.41,-254.93,7
30875,308.75,2668.91,-254.93,7
30900,309.00,2681.41,-254.93,7
30925,309.25,2693.91,-254.93,7
30950,309.50,2706.41,-254.93,7
30975,309.75,2718.91,-254.93,7
31000,310.00,2731.41,-254.93,7
31025,310.25,2743.91,-254.93,7
31050,310.50,2756.41,-254.93,7
31075,310.75,2768.91,-254.93,7
31100,311.00,2781.41,-254.93,7
31125,311.25,2793.91,-254.93,7
31150,311.50,2806.41,-254.68,7
31175,311.75,2818.88,-253.82,7
31200,312.00,2831.29,-252.34,7
31225,312.25,2843.61,-250.26,7
31250,312.50,2855.82,-247.58,7
31275,312.75,2867.88,-244.31,7
31300,313.00,2879.77,-240.45,7
31325,313.25,2891.45,-236.01,7
31350,313.50,2902.91,-231.00,7
31375,313.75,2914.10,-225.44,7
31400,314.00,2925.00,-219.33,7
31425,314.25,2935.60,-212.70,7
31450,314.50,2945.85,-205.56,7
31475,314.75,2955.75,-197.92,7
31500,315.00,2965.26,-189.80,7
31525,315.25,2974.35,-181.24,7
31550,315.50,2983.02,-172.23,7
31575,315.75,2991.24,-162.81,7
31600,316.00,2998.98,-153.00,7
31625,316.25,3006.24,-142.82,7
31650,316.50,3012.98,-132.30,7
31675,316.75,3019.21,-121.46,7
31700,317.00,3024.89,-110.33,7
31725,317.25,3030.02,-98.93,7
31750,317.50,3034.59,-87.30,7
31775,317.75,3038.58,-75.45,7
31800,318.00,3041.98,-63.43,7
31825,318.25,3044.80,-51.25,7
31850,318.50,3047.01,-38.95,7
31875,318.75,3048.61,-26.55,7
31900,319.00,3049.61,-14.09,7
31925,319.25,3049.99,-1.60,7
31929,319.29,3050.00,0.40,8
31950,319.50,3050.00,10.90,8
31975,319.75,3050.00,23.40,8
32000,320.00,3050.00,35.90,8
32025,320.25,3050.00,48.40,8
32050,320.50,3050.00,60.90,8
32075,320.75,3050.00,73.40,8
32100,321.00,3050.00,85.90,8
32125,321.25,3050.00,98.40,8
32150,321.50,3050.00,110.90,8
32175,321.75,3050.00,123.40,8
32200,322.00,3050.00,135.90,8
32225,322.25,3050.00,148.40,8
32250,322.50,3050.00,160.90,8
32275,322.75,3050.00,173.40,8
32300,323.00,3050.00,185.90,8
32325,323.25,3050.00,198.40,8
32350,323.50,3050.00,210.90,8
32375,323.75,3050.00,223.40,8
32400,324.00,3050.00,235.90,8
32425,324.25,3050.00,248.40,8
32450,324.50,3050.00,260.90,8
32475,324.75,3050.00,273.40,8
32500,325.00,3050.00,285.90,8
32525,325.25,3050.00,298.40,8
32550,325.50,3050.00,310.90,8
32575,325.75,3050.00,323.40,8
32600,326.00,3050.00,335.90,8
32625,326.25,3050.00,348.40,8
32650,326.50,3050.00,360.90,8
32675,326.75,3050.00,373.40,8
32700,327.00,3050.00,385.90,8
32725,327.25,3050.00,398.40,8
32750,327.50,3050.00,410.90,8
32775,327.75,3050.00,423.40,8
32800,328.00,3050.00,435.90,8
32825,328.25,3050.00,448.40,8
32850,328.50,3050.00,460.90,8
32875,328.75,3050.00,473.40,8
32900,329.00,3050.00,485.90,8
32925,329.25,3050.00,498.40,8
32950,329.50,3050.00,510.90,8
32975,329.75,3050.00,523.40,8
33000,330.00,3050.00,535.90,8
33025,330.25,3050.00,548.40,8
33050,330.50,3050.00,560.90,8
33075,330.75,3050.00,573.40,8
33100,331.00,3050.00,585.90,8
33125,331.25,3050.00,598.40,8
33150,331.50,3050.00,610.90,8
33175,331.75,3050.00,623.40,8
33200,332.00,3050.00,635.90,8
33225,332.25,3050.00,648.40,8
33250,332.50,3050.00,660.90,8
33275,332.75,3050.00,673.40,8
33300,333.00,3050.00,685.90,8
33325,333.25,3050.00,698.40,8
33350,333.50,3050.00,710.90,8
33375,333.75,3050.00,723.40,8
33400,334.00,3050.00,735.90,8
33425,334.25,3050.00,748.40,8
33450,334.50,3050.00,760.90,8
33475,334.75,3050.00,773.40,8
33500,335.00,3050.00,785.90,8
33525,335.25,3050.00,798.40,8
33550,335.50,3050.00,810.90,8
33575,335.75,3050.00,823.40,8
33600,336.00,3050.00,835.90,8
33625,336.25,3050.00,848.40,8
33650,336.50,3050.00,860.90,8
33675,336.75,3050.00,873.40,8
33700,337.00,3050.00,885.90,8
33725,337.25,3050.00,898.40,8
33750,337.50,3050.00,910.90,8
33775,337.75,3050.00,923.40,8
33800,338.00,3050.00,935.90,8
33825,338.25,3050.00,948.40,8
33850,338.50,3050.00,960.90,8
33875,338.75,3050.00,973.40,8
33900,339.00,3050.00,985.90,8
33925,339.25,3050.00,998.40,8
33950,339.50,3050.00,1010.90,8
33975,339.75,3050.00,1023.40,8
34000,340.00,3050.00,1035.90,8
34025,340.25,3050.00,1048.40,8
34050,340.50,3050.00,1060.90,8
34075,340.75,3050.00,1073.40,8
34100,341.00,3050.00,1085.90,8
34125,341.25,3050.00,1098.40,8
34150,341.50,3050.00,1110.90,8
34175,341.75,3050.00,1123.40,8
34200,342.00,3050.00,1135.90,8
34225,342.25,3050.00,1148.40,8
34250,342.50,3050.00,1160.90,8
34275,342.75,3050.00,1173.40,8
34300,343.00,3050.00,1185.90,8
34325,343.25,3050.00,1198.40,8
34350,343.50,3050.00,1210.90,8
34375,343.75,3050.00,1223.40,8
34400,344.00,3050.00,1235.90,8
34425,344.25,3050.00,1248.40,8
34450,344.50,3050.00,1260.90,8
34475,344.75,3050.00,1273.40,8
34500,345.00,3050.00,1285.90,8
34525,345.25,3050.00,1298.40,8
34550,345.50,3050.00,1310.90,8
34575,345.75,3050.00,1323.40,8
34600,346.00,3050.00,1335.90,8
34625,346.25,3050.00,1348.40,8
34650,346.50,3050.00,1360.90,8
34675,346.75,3050.00,1373.40,8
34700,347.00,3050.00,1385.90,8
34725,347.25,3050.00,1398.40,8
34750,347.50,3050.00,1410.90,8
34775,347.75,3050.00,1423.40,8
34800,348.00,3050.00,1435.90,8
34825,348.25,3050.00,1448.40,8
34850,348.50,3050.00,1460.90,8
34875,348.75,3050.00,1473.40,8
34900,349.00,3050.00,1485.90,8
34925,349.25,3050.00,1498.40,8
34950,349.50,3050.00,1510.90,8
34975,349.75,3050.00,1523.40,8
35000,350.00,3050.00,1535.90,8
35025,350.25,3050.00,1548.40,8
35050,350.50,3050.00,1560.90,8
35075,350.75,3050.00,1573.40,8
35100,351.00,3050.00,1585.90,8
35125,351.25,3050.00,1598.40,8
35150,351.50,3050.00,1610.90,8
35175,351.75,3050.00,1623.40,8
35200,352.00,3050.00,1635.90,8
35225,352.25,3050.00,1648.40,8
35250,352.50,3050.00,1660.90,8
35275,352.75,3050.00,1673.40,8
35300,353.00,3050.00,1685.90,8
35325,353.25,3050.00,1698.40,8
35350,353.50,3050.00,1710.90,8
35375,353.75,3050.00,1723.40,8
35400,354.00,3050.00,1735.90,8
35425,354.25,3050.00,1748.40,8
35450,354.50,3050.00,1760.90,8
35475,354.75,3050.00,1773.40,8
35500,355.00,3050.00,1785.90,8
35525,355.25,3050.00,1798.40,8
35550,355.50,3050.00,1810.90,8
35575,355.75,3050.00,1823.40,8
35600,356.00,3050.00,1835.90,8
35625,356.25,3050.00,1848.40,8
35650,356.50,3050.00,1860.90,8
35675,356.75,3050.00,1873.40,8
35700,357.00,3050.00,1885.90,8
35725,357.25,3050.00,1898.40,8
35750,357.50,3050.00,1910.90,8
35775,357.75,3050.00,1923.40,8
35800,358.00,3050.00,1935.90,8
35825,358.25,3050.00,1948.40,8
35850,358.50,3050.00,1960.90,8
35875,358.75,3050.00,1973.40,8
35900,359.00,3050.00,1985.90,8
35925,359.25,3050.00,1998.40,8
35950,359.50,3050.00,2010.90,8
35975,359.75,3050.00,2023.40,8
36000,360.00,3050.00,2035.90,8
36025,360.25,3050.00,2048.40,8
36050,360.50,3050.00,2060.90,8
36075,360.75,3050.00,2073.40,8
36100,361.00,3050.00,2085.90,8
36125,361.25,3050.00,2098.40,8
36150,361.50,3050.00,2110.90,8
36175,361.75,3050.00,2123.40,8
36200,362.00,3050.00,2135.90,8
36225,362.25,3050.00,2148.40,8
36250,362.50,3050.00,2160.90,8
36275,362.75,3050.00,2173.40,8
36300,363.00,3050.00,2185.90,8
36325,363.25,3050.00,2198.40,8
36350,363.50,3050.00,2210.90,8
36375,363.75,3050.00,2223.40,8
36400,364.00,3050.00,2235.90,8
36425,364.25,3050.00,2248.40,8
36450,364.50,3050.00,2260.90,8
36475,364.75,3050.00,2273.40,8
36500,365.00,3050.00,2285.90,8
36525,365.25,3050.00,2298.40,8
36550,365.50,3050.00,2310.90,8
36575,365.75,3050.00,2323.40,8
36600,366.00,3050.00,2335.90,8
36625,366.25,3050.00,2348.40,8
36650,366.50,3050.00,2360.90,8
36675,366.75,3050.00,2373.40,8
36700,367.00,3050.00,2385.90,8
36725,367.25,3050.00,2398.40,8
36750,367.50,3050.00,2410.90,8
36775,367.75,3050.00,2423.40,8
36800,368.00,3050.00,2435.90,8
36825,368.25,3050.00,2448.40,8
36850,368.50,3050.00,2460.90,8
36875,368.75,3050.00,2473.40,8
36900,369.00,3050.00,2485.90,8
36925,369.25,3050.00,2498.40,8
36950,369.50,3050.00,2510.90,8
36975,369.75,3050.00,2523.40,8
37000,370.00,3050.00,2535.90,8
37025,370.25,3050.00,2548.40,8
37050,370.50,3050.00,2560.90,8
37075,370.75,3050.00,2573.40,8
37100,371.00,3050.00,2585.90,8
37125,371.25,3050.00,2598.40,8
37150,371.50,3050.00,2610.90,8
37175,371.75,3050.00,2623.40,8
37200,372.00,3050.00,2635.90,8
37225,372.25,3050.00,2648.40,8
37250,372.50,3050.00,2660.90,8
37275,372.75,3050.00,2673.40,8
37300,373.00,3050.00,2685.90,8
37325,373.25,3050.00,2698.40,8
37350,373.50,3050.00,2710.90,8
37375,373.75,3050.00,2723.40,8
37400,374.00,3050.00,2735.90,8
37425,374.25,3050.00,2748.40,8
37450,374.50,3050.00,2760.90,8
37475,374.75,3050.00,2773.40,8
37500,375.00,3050.00,2785.90,8
37525,375.25,3050.00,2798.40,8
37550,375.50,3050.00,2810.90,8
37575,375.75,3050.00,2823.40,8
37600,376.00,3050.00,2835.90,8
37625,376.25,3050.00,2848.40,8
37650,376.50,3050.00,2860.90,8
37675,376.75,3050.00,2873.40,8
37700,377.00,3050.00,2885.90,8
37725,377.25,3050.00,2898.40,8
37750,377.50,3050.00,2910.90,8
37775,377.75,3050.00,2923.40,8
37800,378.00,3050.00,2935.90,8
37825,378.25,3050.00,2948.40,8
37850,378.50,3050.00,2960.90,8
37875,378.75,3050.00,2973.40,8
37900,379.00,3050.00,2985.90,8
37925,379.25,3050.00,2998.40,8
37929,379.29,3050.00,3000.40,9
37950,379.50,3050.23,3010.90,9
37975,379.75,3051.07,3023.37,9
38000,380.00,3052.52,3035.78,9
38025,380.25,3054.58,3048.11,9
38050,380.50,3057.24,3060.32,9
38075,380.75,3060.49,3072.39,9
38100,381.00,3064.34,3084.28,9
38125,381.25,3068.76,3095.97,9
38150,381.50,3073.74,3107.43,9
38175,381.75,3079.29,3118.64,9
38200,382.00,3085.37,3129.55,9
38225,382.25,3091.99,3140.16,9
38250,382.50,3099.11,3150.43,9
38275,382.75,3106.73,3160.33,9
38300,383.00,3114.83,3169.86,9
38325,383.25,3123.38,3178.97,9
38350,383.50,3132.37,3187.65,9
38375,383.75,3141.78,3195.88,9
38400,384.00,3151.58,3203.65,9
38425,384.25,3161.74,3210.92,9
38450,384.50,3172.25,3217.68,9
38475,384.75,3183.08,3223.92,9
38500,385.00,3194.20,3229.63,9
38525,385.25,3205.59,3234.78,9
38550,385.50,3217.22,3239.36,9
38575,385.75,3229.05,3243.38,9
38600,386.00,3241.07,3246.80,9
38625,386.25,3253.25,3249.64,9
38650,386.50,3265.55,3251.87,9
38675,386.75,3277.94,3253.50,9
38700,387.00,3290.39,3254.51,9
38725,387.25,3302.89,3254.92,9
38750,387.50,3315.39,3254.93,9
38775,387.75,3327.89,3254.93,9
38800,388.00,3340.39,3254.93,9
38825,388.25,3352.89,3254.93,9
38850,388.50,3365.39,3254.93,9
38875,388.75,3377.89,3254.93,9
38900,389.00,3390.39,3254.93,9
38925,389.25,3402.89,3254.93,9
38950,389.50,3415.39,3254.93,9
38975,389.75,3427.89,3254.93,9
39000,390.00,3440.39,3254.93,9
39025,390.25,3452.89,3254.93,9
39050,390.50,3465.39,3254.93,9
39075,390.75,3477.89,3254.93,9
39100,391.00,3490.39,3254.93,9
39125,391.25,3502.89,3254.81,9
39150,391.50,3515.37,3254.12,9
39175,391.75,3527.80,3252.82,9
39200,392.00,3540.15,3250.91,9
39225,392.25,3552.39,3248.40,9
39250,392.50,3564.50,3245.29,9
39275,392.75,3576.44,3241.60,9
39300,393.00,3588.18,3237.32,9
39325,393.25,3599.70,3232.47,9
39350,393.50,3610.97,3227.06,9
39375,393.75,3621.96,3221.11,9
39400,394.00,3632.64,3214.62,9
39425,394.25,3643.00,3207.62,9
39450,394.50,3653.00,3200.12,9
39475,394.75,3662.62,3192.14,9
39500,395.00,3671.83,3183.70,9
39525,395.25,3680.62,3174.81,9
39550,395.50,3688.97,3165.51,9
39575,395.75,3696.85,3155.81,9
39600,396.00,3704.24,3145.73,9
39625,396.25,3711.13,3135.30,9
39650,396.50,3717.50,3124.55,9
39675,396.75,3723.34,3113.50,9
39700,397.00,3728.63,3102.17,9
39725,397.25,3733.36,3090.60,9
39750,397.50,3737.51,3078.81,9
39775,397.75,3741.08,3066.84,9
39800,398.00,3744.06,3054.70,9
39825,398.25,3746.44,3042.43,9
39850,398.50,3748.22,3030.06,9
39875,398.75,3749.39,3017.61,9
39900,399.00,3749.95,3005.13,9
39911,399.11,3750.00,2999.63,10
39925,399.25,3750.00,2992.63,10
39950,399.50,3750.00,2980.13,10
39975,399.75,3750.00,2967.63,10
40000,400.00,3750.00,2955.13,10
40025,400.25,3750.00,2942.63,10
40050,400.50,3750.00,2930.13,10
40075,400.75,3750.00,2917.63,10
40100,401.00,3750.00,2905.13,10
40125,401.25,3750.00,2892.63,10
40150,401.50,3750.00,2880.13,10
40175,401.75,3750.00,2867.63,10
40200,402.00,3750.00,2855.13,10
40225,402.25,3750.00,2842.63,10
40250,402.50,3750.00,2830.13,10
40275,402.75,3750.00,2817.63,10
40300,403.00,3750.00,2805.13,10
40325,403.25,3750.00,2792.63,10
40350,403.50,3750.00,2780.13,10
40375,403.75,3750.00,2767.63,10
40400,404.00,3750.00,2755.13,10
40425,404.25,3750.00,2742.63,10
40450,404.50,3750.00,2730.13,10
40475,404.75,3750.00,2717.63,10
40500,405.00,3750.00,2705.13,10
40525,405.25,3750.00,2692.63,10
40550,405.50,3750.00,2680.13,10
40575,405.75,3750.00,2667.63,10
40600,406.00,3750.00,2655.13,10
40625,406.25,3750.00,2642.63,10
40650,406.50,3750.00,2630.13,10
40675,406.75,3750.00,2617.63,10
40700,407.00,3750.00,2605.13,10
40725,407.25,3750.00,2592.63,10
40750,407.50,3750.00,2580.13,10
40775,407.75,3750.00,2567.63,10
40800,408.00,3750.00,2555.13,10
40825,408.25,3750.00,2542.63,10
40850,408.50,3750.00,2530.13,10
40875,408.75,3750.00,2517.63,10
40900,409.00,3750.00,2505.13,10
40925,409.25,3750.00,2492.63,10
40950,409.50,3750.00,2480.13,10
40975,409.75,3750.00,2467.63,10
41000,410.00,3750.00,2455.13,10
41025,410.25,3750.00,2442.63,10
41050,410.50,3750.00,2430.13,10
41075,410.75,3750.00,2417.63,10
41100,411.00,3750.00,2405.13,10
41125,411.25,3750.00,2392.63,10
41150,411.50,3750.00,2380.13,10
41175,411.75,3750.00,2367.63,10
41200,412.00,3750.00,2355.13,10
41225,412.25,3750.00,2342.63,10
41250,412.50,3750.00,2330.13,10
41275,412.75,3750.00,2317.63,10
41300,413.00,3750.00,2305.13,10
41325,413.25,3750.00,2292.63,10
41350,413.50,3750.00,2280.13,10
41375,413.75,3750.00,2267.63,10
41400,414.00,3750.00,2255.13,10
41425,414.25,3750.00,2242.63,10
41450,414.50,3750.00,2230.13,10
41475,414.75,3750.00,2217.63,10
41500,415.00,3750.00,2205.13,10
41525,415.25,3750.00,2192.63,10
41550,415.50,3750.00,2180.13,10
41575,415.75,3750.00,2167.63,10
41600,416.00,3750.00,2155.13,10
41625,416.25,3750.00,2142.63,10
41650,416.50,3750.00,2130.13,10
41675,416.75,3750.00,2117.63,10
41700,417.00,3750.00,2105.13,10
41725,417.25,3750.00,2092.63,10
41750,417.50,3750.00,2080.13,10
41775,417.75,3750.00,2067.63,10
41800,418.00,3750.00,2055.13,10
41825,418.25,3750.00,2042.63,10
41850,418.50,3750.00,2030.13,10
41875,418.75,3750.00,2017.63,10
41900,419.00,3750.00,2005.13,10
41925,419.25,3750.00,1992.63,10
41950,419.50,3750.00,1980.13,10
41975,419.75,3750.00,1967.63,10
42000,420.00,3750.00,1955.13,10
42025,420.25,3750.00,1942.63,10
42050,420.50,3750.00,1930.13,10
42075,420.75,3750.00,1917.63,10
42100,421.00,3750.00,1905.13,10
42125,421.25,3750.00,1892.63,10
42150,421.50,3750.00,1880.13,10
42175,421.75,3750.00,1867.63,10
42200,422.00,3750.00,1855.13,10
42225,422.25,3750.00,1842.63,10
42250,422.50,3750.00,1830.13,10
42275,422.75,3750.00,1817.63,10
42300,423.00,3750.00,1805.13,10
42325,423.25,3750.00,1792.63,10
42350,423.50,3750.00,1780.13,10
42375,423.75,3750.00,1767.63,10
42400,424.00,3750.00,1755.13,10
42425,424.25,3750.00,1742.63,10
42450,424.50,3750.00,1730.13,10
42475,424.75,3750.00,1717.63,10
42500,425.00,3750.00,1705.13,10
42525,425.25,3750.00,1692.63,10
42550,425.50,3750.00,1680.13,10
42575,425.75,3750.00,1667.63,10
42600,426.00,3750.00,1655.13,10
42625,426.25,3750.00,1642.63,10
42650,426.50,3750.00,1630.13,10
42675,426.75,3750.00,1617.63,10
42700,427.00,3750.00,1605.13,10
42725,427.25,3750.00,1592.63,10
42750,427.50,3750.00,1580.13,10
42775,427.75,3750.00,1567.63,10
42800,428.00,3750.00,1555.13,10
42825,428.25,3750.00,1542.63,10
42850,428.50,3750.00,1530.13,10
42875,428.75,3750.00,1517.63,10
42900,429.00,3750.00,1505.13,10
42925,429.25,3750.00,1492.63,10
42950,429.50,3750.00,1480.13,10
42975,429.75,3750.00,1467.63,10
43000,430.00,3750.00,1455.13,10
43025,430.25,3750.00,1442.63,10
43050,430.50,3750.00,1430.13,10
43075,430.75,3750.00,1417.63,10
43100,431.00,3750.00,1405.13,10
43125,431.25,3750.00,1392.63,10
43150,431.50,3750.00,1380.13,10
43175,431.75,3750.00,1367.63,10
43200,432.00,3750.00,1355.13,10
43225,432.25,3750.00,1342.63,10
43250,432.50,3750.00,1330.13,10
43275,432.75,3750.00,1317.63,10
43300,433.00,3750.00,1305.13,10
43325,433.25,3750.00,1292.63,10
43350,433.50,3750.00,1280.13,10
43375,433.75,3750.00,1267.63,10
43400,434.00,3750.00,1255.13,10
43425,434.25,3750.00,1242.63,10
43450,434.50,3750.00,1230.13,10
43475,434.75,3750.00,1217.63,10
43500,435.00,3750.00,1205.13,10
43525,435.25,3750.00,1192.63,10
43550,435.50,3750.00,1180.13,10
43575,435.75,3750.00,1167.63,10
43600,436.00,3750.00,1155.13,10
43625,436.25,3750.00,1142.63,10
43650,436.50,3750.00,1130.13,10
43675,436.75,3750.00,1117.63,10
43700,437.00,3750.00,1105.13,10
43725,437.25,3750.00,1092.63,10
43750,437.50,3750.00,1080.13,10
43775,437.75,3750.00,1067.63,10
43800,438.00,3750.00,1055.13,10
43825,438.25,3750.00,1042.63,10
43850,438.50,3750.00,1030.13,10
43875,438.75,3750.00,1017.63,10
43900,439.00,3750.00,1005.13,10
43925,439.25,3750.00,992.63,10
43950,439.50,3750.00,980.13,10
43975,439.75,3750.00,967.63,10
44000,440.00,3750.00,955.13,10
44025,440.25,3750.00,942.63,10
44050,440.50,3750.00,930.13,10
44075,440.75,3750.00,917.63,10
44100,441.00,3750.00,905.13,10
44125,441.25,3750.00,892.63,10
44150,441.50,3750.00,880.13,10
44175,441.75,3750.00,867.63,10
44200,442.00,3750.00,855.13,10
44225,442.25,3750.00,842.63,10
44250,442.50,3750.00,830.13,10
44275,442.75,3750.00,817.63,10
44300,443.00,3750.00,805.13,10
44325,443.25,3750.00,792.63,10
44350,443.50,3750.00,780.13,10
44375,443.75,3750.00,767.63,10
44400,444.00,3750.00,755.13,10
44425,444.25,3750.00,742.63,10
44450,444.50,3750.00,730.13,10
44475,444.75,3750.00,717.63,10
44500,445.00,3750.00,705.13,10
44525,445.25,3750.00,692.63,10
44550,445.50,3750.00,680.13,10
44575,445.75,3750.00,667.63,10
44600,446.00,3750.00,655.13,10
44625,446.25,3750.00,642.63,10
44650,446.50,3750.00,630.13,10
44675,446.75,3750.00,617.63,10
44700,447.00,3750.00,605.13,10
44725,447.25,3750.00,592.63,10
44750,447.50,3750.00,580.13,10
44775,447.75,3750.00,567.63,10
44800,448.00,3750.00,555.13,10
44825,448.25,3750.00,542.63,10
44850,448.50,3750.00,530.13,10
44875,448.75,3750.00,517.63,10
44900,449.00,3750.00,505.13,10
44925,449.25,3750.00,492.63,10
44950,449.50,3750.00,480.13,10
44975,449.75,3750.00,467.63,10
45000,450.00,3750.00,455.13,10
45025,450.25,3750.00,442.63,10
45050,450.50,3750.00,430.13,10
45075,450.75,3750.00,417.63,10
45100,451.00,3750.00,405.13,10
45125,451.25,3750.00,392.63,10
45150,451.50,3750.00,380.13,10
45175,451.75,3750.00,367.63,10
45200,452.00,3750.00,355.13,10
45225,452.25,3750.00,342.63,10
45250,452.50,3750.00,330.13,10
45275,452.75,3750.00,317.63,10
45300,453.00,3750.00,305.13,10
45325,453.25,3750.00,292.63,10
45350,453.50,3750.00,280.13,10
45375,453.75,3750.00,267.63,10
45400,454.00,3750.00,255.13,10
45425,454.25,3750.00,242.63,10
45450,454.50,3750.00,230.13,10
45475,454.75,3750.00,217.63,10
45500,455.00,3750.00,205.13,10
45525,455.25,3750.00,192.63,10
45550,455.50,3750.00,180.13,10
45575,455.75,3750.00,167.63,10
45600,456.00,3750.00,155.13,10
45625,456.25,3750.00,142.63,10
45650,456.50,3750.00,130.13,10
45675,456.75,3750.00,117.63,10
45700,457.00,3750.00,105.13,10
45725,457.25,3750.00,92.63,10
45750,457.50,3750.00,80.13,10
45775,457.75,3750.00,67.63,10
45800,458.00,3750.00,55.13,10
45825,458.25,3750.00,42.63,10
45850,458.50,3750.00,30.13,10
45875,458.75,3750.00,17.63,10
45900,459.00,3750.00,5.13,10
45910,459.10,3750.00,0.13,10
