run_id,mode,R_m,spacing_m,k,trickle,r_tx_m,r_bc_m,seed,n_nodes,n_seeded,n_complete,frac_complete,censored,T_spread_s,t50_s,t90_s,t95_s,t99_s,pkt_adv,pkt_frag,pkt_total,send_fail,bytes_total,rx_adv,rx_frag,mac_tx,mac_tx_ok,mac_tx_drop,mac_rx_drop,phy_rx_drop,phy_tx_drop,traces_connected,adv_interval_s,suppress_window_s,stop_time_s,tx_power_dBm
main~main|R60|sp20|k4|tr1|ai0.5|spread|s1002,spread,60,20,4,1,50,50,1002,23,22,23,1,0,1.83021,0.0857082,0.399156,0.399156,1.83021,24,33,57,0,2835,327,325,54,54,3,0,536,0,6,0.5,1,900,-8
main~main|R60|sp20|k4|tr1|ai0.5|spread|s1005,spread,60,20,4,1,50,50,1005,23,23,23,1,0,1.38546,0.175605,1.16713,1.37132,1.38546,27,47,74,0,3930,335,350,66,66,8,0,767,0,6,0.5,1,900,-8
main~main|R60|sp20|k4|tr1|ai0.5|spread|s1008,spread,60,20,4,1,50,50,1008,23,20,23,1,0,1.10458,0.0957975,0.224072,0.224072,1.10458,18,28,46,0,2370,282,216,44,44,2,0,470,0,6,0.5,1,900,-8
main~main|R60|sp20|k4|tr1|ai0.5|spread|s1011,spread,60,20,4,1,50,50,1011,23,21,23,1,0,1.13493,0.235708,0.435068,0.435068,1.13493,22,39,61,0,3255,296,295,57,57,4,0,663,0,6,0.5,1,900,-8
main~main|R60|sp20|k4|tr1|ai0.5|spread|s1014,spread,60,20,4,1,50,50,1014,23,20,23,1,0,1.30205,0.414613,1.05264,1.05596,1.30205,43,32,75,0,3045,575,318,69,67,6,0,604,0,6,0.5,1,900,-8
main~main|R60|sp20|k4|tr1|ai0.5|spread|s1017,spread,60,20,4,1,50,50,1017,23,23,23,1,0,1.33225,0.291175,0.488263,0.488263,1.33225,26,37,63,0,3165,306,323,61,61,2,0,713,0,6,0.5,1,900,-8
main~main|R60|sp20|k4|tr1|ai0.5|spread|s1020,spread,60,20,4,1,50,50,1020,23,22,23,1,0,0.448728,0.142714,0.340474,0.448728,0.448728,17,21,38,0,1830,224,175,34,34,4,0,349,0,6,0.5,1,900,-8
main~main|R60|sp20|k4|tr1|ai0.5|spread|s1023,spread,60,20,4,1,50,50,1023,23,20,23,1,0,2.21945,0.207678,1.06851,1.6765,2.21945,38,63,101,0,5295,497,433,89,89,12,0,1028,0,6,0.5,1,900,-8
main~main|R60|sp20|k4|tr1|ai0.5|spread|s1026,spread,60,20,4,1,50,50,1026,23,22,23,1,0,1.12528,0.111771,0.302907,0.371013,1.12528,23,34,57,0,2895,300,255,55,55,2,0,655,0,6,0.5,1,900,-8
main~main|R60|sp20|k4|tr1|ai0.5|spread|s1029,spread,60,20,4,1,50,50,1029,23,19,23,1,0,1.21732,0.0983669,1.16638,1.21732,1.21732,27,33,60,0,2880,387,324,56,56,4,0,521,0,6,0.5,1,900,-8
main~main|R60|sp20|k4|tr1|ai0.5|spread|s1032,spread,60,20,4,1,50,50,1032,23,23,23,1,0,1.68701,0.243799,1.4647,1.68368,1.68701,37,46,83,0,4005,516,424,81,81,2,0,842,0,6,0.5,1,900,-8
main~main|R60|sp20|k4|tr1|ai0.5|spread|s1035,spread,60,20,4,1,50,50,1035,23,23,23,1,0,1.27673,0.224992,0.421312,0.421312,1.27673,27,39,66,0,3330,362,319,63,63,3,0,705,0,6,0.5,1,900,-8
main~main|R60|sp20|k4|tr1|ai0.5|spread|s1038,spread,60,20,4,1,50,50,1038,23,20,23,1,0,1.20611,0.178847,1.19721,1.19721,1.20611,23,35,58,0,2970,282,316,52,52,6,0,546,0,6,0.5,1,900,-8
main~main|R60|sp20|k4|tr1|ai0.5|spread|s1041,spread,60,20,4,1,50,50,1041,23,22,23,1,0,1.36274,0.0359271,0.241134,0.409688,1.36274,27,35,62,0,3030,349,307,61,61,1,0,686,0,6,0.5,1,900,-8
main~main|R60|sp20|k4|tr1|ai0.5|spread|s1044,spread,60,20,4,1,50,50,1044,23,23,23,1,0,0.266845,0.234121,0.254621,0.254621,0.266845,15,22,37,0,1875,209,227,36,36,1,0,356,0,6,0.5,1,900,-8
main~main|R60|sp20|k4|tr1|ai0.5|spread|s1047,spread,60,20,4,1,50,50,1047,23,20,23,1,0,2.21555,0.072285,1.39077,1.44898,2.21555,47,50,97,0,4455,710,415,93,93,4,0,921,0,6,0.5,1,900,-8
main~main|R60|sp20|k4|tr1|ai0.5|spread|s1050,spread,60,20,4,1,50,50,1050,23,20,23,1,0,1.76272,0.0495238,0.285783,0.446276,1.76272,29,27,56,0,2460,364,214,53,53,3,0,588,0,6,0.5,1,900,-8
main~main|R60|sp20|k4|tr1|ai0.5|spread|s1053,spread,60,20,4,1,50,50,1053,23,21,23,1,0,2.12109,0.227461,1.12886,1.12886,2.12109,48,34,82,0,3270,646,241,79,79,3,0,851,0,6,0.5,1,900,-8
main~main|R60|sp20|k4|tr1|ai0.5|spread|s1056,spread,60,20,4,1,50,50,1056,23,18,23,1,0,1.79402,0.114893,1.59239,1.59239,1.79402,36,50,86,0,4290,512,400,80,80,6,0,848,0,6,0.5,1,900,-8
main~main|R60|sp20|k4|tr1|ai0.5|spread|s1059,spread,60,20,4,1,50,50,1059,23,23,23,1,0,1.84427,0.14001,0.218641,0.218641,1.84427,24,36,60,0,3060,271,266,55,55,5,0,673,0,6,0.5,1,900,-8
main~main|R60|sp20|k4|tr1|ai0.5|spread|s1062,spread,60,20,4,1,50,50,1062,23,19,23,1,0,2.62419,0.0939366,1.27334,1.29217,2.62419,43,37,80,0,3420,635,369,77,77,3,0,690,0,6,0.5,1,900,-8
main~main|R60|sp20|k4|tr1|ai0.5|spread|s1065,spread,60,20,4,1,50,50,1065,23,20,23,1,0,1.20428,0.145646,0.54123,0.54123,1.20428,22,29,51,0,2505,324,264,49,49,2,0,490,0,6,0.5,1,900,-8
main~main|R60|sp20|k4|tr1|ai0.5|spread|s1068,spread,60,20,4,1,50,50,1068,23,20,23,1,0,1.76497,0.126727,1.75812,1.76497,1.76497,35,32,67,0,2925,526,255,64,64,3,0,627,0,6,0.5,1,900,-8
main~main|R60|sp20|k4|tr1|ai0.5|spread|s1071,spread,60,20,4,1,50,50,1071,23,20,23,1,0,1.24404,0.0724023,1.23098,1.24084,1.24404,27,32,59,0,2805,379,224,56,55,3,0,611,0,6,0.5,1,900,-8
main~main|R60|sp20|k4|tr1|ai0.5|spread|s1074,spread,60,20,4,1,50,50,1074,23,21,23,1,0,1.21549,0.116181,1.18489,1.18489,1.21549,25,27,52,0,2400,352,293,50,50,2,0,455,0,6,0.5,1,900,-8
main~main|R60|sp20|k4|tr1|ai0.5|spread|s1077,spread,60,20,4,1,50,50,1077,23,21,23,1,0,1.17034,0.257026,0.460642,1.16317,1.17034,29,38,67,0,3285,355,283,62,62,5,0,726,0,6,0.5,1,900,-8
main~main|R60|sp20|k4|tr1|ai0.5|spread|s1080,spread,60,20,4,1,50,50,1080,23,22,23,1,0,1.51076,0.187884,1.48833,1.49134,1.51076,36,37,73,0,3315,483,339,70,70,3,0,718,0,6,0.5,1,900,-8
main~main|R60|sp20|k4|tr1|ai0.5|spread|s1083,spread,60,20,4,1,50,50,1083,23,20,23,1,0,1.44563,0.229167,1.44563,1.44563,1.44563,32,33,65,0,2955,465,246,62,62,3,0,653,0,6,0.5,1,900,-8
main~main|R60|sp20|k4|tr1|ai0.5|spread|s1086,spread,60,20,4,1,50,50,1086,23,23,23,1,0,0.271633,0.239405,0.271633,0.271633,0.271633,19,24,43,0,2085,257,182,43,43,0,0,507,0,6,0.5,1,900,-8
main~main|R60|sp20|k4|tr1|ai0.5|spread|s1089,spread,60,20,4,1,50,50,1089,23,22,23,1,0,1.58466,0.218323,1.28837,1.58133,1.58466,31,40,71,0,3465,436,359,65,65,6,0,635,0,6,0.5,1,900,-8
main~main|R60|sp20|k4|tr1|ai0.5|spread|s1092,spread,60,20,4,1,50,50,1092,23,20,23,1,0,1.35866,0.115952,0.316549,0.325316,1.35866,22,33,55,0,2805,335,286,50,50,5,0,479,0,6,0.5,1,900,-8
main~main|R60|sp20|k4|tr1|ai0.5|spread|s1095,spread,60,20,4,1,50,50,1095,23,22,23,1,0,0.289357,0.0661801,0.266573,0.266573,0.289357,13,18,31,0,1545,186,204,30,30,1,0,270,0,6,0.5,1,900,-8
main~main|R60|sp20|k4|tr1|ai0.5|spread|s1098,spread,60,20,4,1,50,50,1098,23,19,23,1,0,1.07286,0.0645956,1.06953,1.07286,1.07286,24,22,46,0,2010,380,171,45,45,1,0,439,0,6,0.5,1,900,-8
main~main|R60|sp20|k4|tr1|ai0.5|spread|s1101,spread,60,20,4,1,50,50,1101,23,22,23,1,0,0.229934,0.208241,0.222449,0.229934,0.229934,7,18,25,0,1455,80,170,23,23,2,0,256,0,6,0.5,1,900,-8
main~main|R60|sp20|k4|tr1|ai0.5|spread|s1104,spread,60,20,4,1,50,50,1104,23,20,23,1,0,3.36431,0.048565,1.50449,1.80099,3.36431,57,49,106,0,4530,692,429,98,98,8,0,1035,0,6,0.5,1,900,-8
main~main|R60|sp20|k4|tr1|ai0.5|spread|s1107,spread,60,20,4,1,50,50,1107,23,22,23,1,0,0.433927,0.134088,0.239474,0.243794,0.433927,14,23,37,0,1935,193,201,33,33,4,0,332,0,6,0.5,1,900,-8
main~main|R60|sp20|k4|tr1|ai0.5|spread|s1110,spread,60,20,4,1,50,50,1110,23,22,23,1,0,1.33256,0.0841927,0.286465,0.286465,1.33256,19,30,49,0,2535,250,256,44,44,5,0,462,0,6,0.5,1,900,-8
main~main|R60|sp20|k4|tr1|ai0.5|spread|s1113,spread,60,20,4,1,50,50,1113,23,21,23,1,0,1.39295,0.214779,1.39295,1.39295,1.39295,27,27,54,0,2430,374,246,48,48,6,0,436,0,6,0.5,1,900,-8
main~main|R60|sp20|k4|tr1|ai0.5|spread|s1116,spread,60,20,4,1,50,50,1116,23,23,23,1,0,0.256055,0.0439594,0.256055,0.256055,0.256055,17,22,39,0,1905,253,208,36,36,3,0,331,0,6,0.5,1,900,-8
main~main|R60|sp20|k4|tr1|ai0.5|spread|s1119,spread,60,20,4,1,50,50,1119,23,23,23,1,0,1.72935,0.142978,0.227133,1.72935,1.72935,27,37,64,0,3180,416,327,57,57,6,0,511,0,6,0.5,1,900,-8
main~main|R60|sp20|k8|tr1|ai0.5|spread|s1002,spread,60,20,8,1,50,50,1002,23,23,23,1,0,1.20616,0.242028,1.09687,1.1096,1.20616,29,45,74,0,3810,415,432,67,67,7,0,627,0,6,0.5,1,900,-8
main~main|R60|sp20|k8|tr1|ai0.5|spread|s1005,spread,60,20,8,1,50,50,1005,23,22,23,1,0,1.98899,0.413903,1.55288,1.70587,1.98899,42,79,121,0,6555,545,552,105,104,10,0,1192,0,6,0.5,1,900,-8
main~main|R60|sp20|k8|tr1|ai0.5|spread|s1008,spread,60,20,8,1,50,50,1008,23,21,23,1,0,1.5554,0.450821,0.464133,1.20837,1.5554,36,60,96,0,5040,405,517,83,83,13,0,904,0,6,0.5,1,900,-8
main~main|R60|sp20|k8|tr1|ai0.5|spread|s1011,spread,60,20,8,1,50,50,1011,23,22,23,1,0,1.55716,0.392413,1.55319,1.55319,1.55716,46,51,97,0,4515,548,371,89,89,8,0,1039,0,6,0.5,1,900,-8
main~main|R60|sp20|k8|tr1|ai0.5|spread|s1014,spread,60,20,8,1,50,50,1014,23,21,23,1,0,2.3308,0.432632,1.42562,1.62903,2.3308,52,66,118,0,5730,668,509,106,106,12,0,1155,0,6,0.5,1,900,-8
main~main|R60|sp20|k8|tr1|ai0.5|spread|s1017,spread,60,20,8,1,50,50,1017,23,23,23,1,0,1.34159,0.420284,1.14169,1.34159,1.34159,35,54,89,0,4575,447,408,79,79,10,0,883,0,6,0.5,1,900,-8
main~main|R60|sp20|k8|tr1|ai0.5|spread|s1020,spread,60,20,8,1,50,50,1020,23,23,23,1,0,1.70805,0.413518,1.39782,1.69321,1.70805,42,65,107,0,5505,514,513,98,98,9,0,1129,0,6,0.5,1,900,-8
main~main|R60|sp20|k8|tr1|ai0.5|spread|s1023,spread,60,20,8,1,50,50,1023,23,22,23,1,0,1.28982,0.241172,0.436756,1.16662,1.28982,25,38,63,0,3225,339,355,57,57,6,0,560,0,6,0.5,1,900,-8
main~main|R60|sp20|k8|tr1|ai0.5|spread|s1026,spread,60,20,8,1,50,50,1026,23,23,23,1,0,1.16267,0.41187,1.15902,1.16267,1.16267,34,48,82,0,4110,381,430,76,76,6,0,861,0,6,0.5,1,900,-8
main~main|R60|sp20|k8|tr1|ai0.5|spread|s1029,spread,60,20,8,1,50,50,1029,23,21,23,1,0,1.56353,0.239957,1.16199,1.37463,1.56353,37,57,94,0,4830,503,554,88,88,6,0,879,0,6,0.5,1,900,-8
main~main|R60|sp20|k8|tr1|ai0.5|spread|s1032,spread,60,20,8,1,50,50,1032,23,23,23,1,0,1.634,0.256012,1.32801,1.33601,1.634,42,51,93,0,4455,600,476,87,87,6,0,838,0,6,0.5,1,900,-8
main~main|R60|sp20|k8|tr1|ai0.5|spread|s1035,spread,60,20,8,1,50,50,1035,23,23,23,1,0,1.47003,0.428367,1.46081,1.46081,1.47003,37,58,95,0,4905,458,456,86,86,9,0,978,0,6,0.5,1,900,-8
main~main|R60|sp20|k8|tr1|ai0.5|spread|s1038,spread,60,20,8,1,50,50,1038,23,21,23,1,0,2.51955,0.429059,2.03136,2.03136,2.51955,57,82,139,0,7005,763,719,127,127,12,0,1312,0,6,0.5,1,900,-8
main~main|R60|sp20|k8|tr1|ai0.5|spread|s1041,spread,60,20,8,1,50,50,1041,23,23,23,1,0,1.48113,0.406213,1.4556,1.48113,1.48113,40,54,94,0,4650,525,432,89,89,5,0,1001,0,6,0.5,1,900,-8
main~main|R60|sp20|k8|tr1|ai0.5|spread|s1044,spread,60,20,8,1,50,50,1044,23,23,23,1,0,1.7572,0.261746,1.55228,1.55228,1.7572,41,54,95,0,4665,450,470,89,89,6,0,1038,0,6,0.5,1,900,-8
main~main|R60|sp20|k8|tr1|ai0.5|spread|s1047,spread,60,20,8,1,50,50,1047,23,23,23,1,0,1.87368,0.416054,1.87368,1.87368,1.87368,43,48,91,0,4245,523,459,82,82,9,0,822,0,6,0.5,1,900,-8
main~main|R60|sp20|k8|tr1|ai0.5|spread|s1050,spread,60,20,8,1,50,50,1050,23,21,23,1,0,2.63886,0.614688,1.54508,1.54508,2.63886,53,65,118,0,5670,591,568,110,110,8,0,1261,0,6,0.5,1,900,-8
main~main|R60|sp20|k8|tr1|ai0.5|spread|s1053,spread,60,20,8,1,50,50,1053,23,23,23,1,0,1.74297,0.365948,1.29869,1.45453,1.74297,46,77,123,0,6465,577,558,112,111,8,0,1311,0,6,0.5,1,900,-8
main~main|R60|sp20|k8|tr1|ai0.5|spread|s1056,spread,60,20,8,1,50,50,1056,23,21,23,1,0,1.62385,1.02857,1.23052,1.23385,1.62385,49,64,113,0,5535,615,509,103,103,10,0,1142,0,6,0.5,1,900,-8
main~main|R60|sp20|k8|tr1|ai0.5|spread|s1059,spread,60,20,8,1,50,50,1059,23,23,23,1,0,0.619496,0.402281,0.4258,0.619496,0.619496,20,44,64,0,3600,288,316,59,59,5,0,694,0,6,0.5,1,900,-8
main~main|R60|sp20|k8|tr1|ai0.5|spread|s1062,spread,60,20,8,1,50,50,1062,23,21,23,1,0,1.43817,0.31375,1.36697,1.36697,1.43817,41,48,89,0,4215,524,449,85,85,4,0,897,0,6,0.5,1,900,-8
main~main|R60|sp20|k8|tr1|ai0.5|spread|s1065,spread,60,20,8,1,50,50,1065,23,20,23,1,0,1.86348,0.304146,1.65487,1.6964,1.86348,53,69,122,0,5970,753,694,119,119,3,0,1171,0,6,0.5,1,900,-8
main~main|R60|sp20|k8|tr1|ai0.5|spread|s1068,spread,60,20,8,1,50,50,1068,23,23,23,1,0,1.69567,0.266724,1.47385,1.68105,1.69567,45,68,113,0,5775,585,596,104,104,9,0,1107,0,6,0.5,1,900,-8
main~main|R60|sp20|k8|tr1|ai0.5|spread|s1071,spread,60,20,8,1,50,50,1071,23,21,23,1,0,1.4523,0.419207,1.02844,1.44929,1.4523,36,46,82,0,3990,508,426,74,74,8,0,694,0,6,0.5,1,900,-8
main~main|R60|sp20|k8|tr1|ai0.5|spread|s1074,spread,60,20,8,1,50,50,1074,23,23,23,1,0,2.02717,0.240197,0.803075,0.94618,2.02717,40,45,85,0,3975,538,439,80,80,5,0,783,0,6,0.5,1,900,-8
main~main|R60|sp20|k8|tr1|ai0.5|spread|s1077,spread,60,20,8,1,50,50,1077,23,22,23,1,0,1.13298,0.226746,0.41161,0.742846,1.13298,30,35,65,0,3075,415,318,62,62,3,0,631,0,6,0.5,1,900,-8
main~main|R60|sp20|k8|tr1|ai0.5|spread|s1080,spread,60,20,8,1,50,50,1080,23,23,23,1,0,0.640303,0.30932,0.454508,0.640303,0.640303,26,39,65,0,3315,340,318,64,64,1,0,750,0,6,0.5,1,900,-8
main~main|R60|sp20|k8|tr1|ai0.5|spread|s1083,spread,60,20,8,1,50,50,1083,23,23,23,1,0,1.77754,0.379604,1.60947,1.6144,1.77754,52,53,105,0,4755,772,503,102,102,3,0,969,0,6,0.5,1,900,-8
main~main|R60|sp20|k8|tr1|ai0.5|spread|s1086,spread,60,20,8,1,50,50,1086,23,23,23,1,0,1.96365,0.28002,1.47413,1.47413,1.96365,37,72,109,0,5955,502,564,100,100,9,0,1134,0,6,0.5,1,900,-8
main~main|R60|sp20|k8|tr1|ai0.5|spread|s1089,spread,60,20,8,1,50,50,1089,23,23,23,1,0,1.91515,0.421122,1.12557,1.47133,1.91515,42,65,107,0,5505,594,492,102,102,5,0,1158,0,6,0.5,1,900,-8
main~main|R60|sp20|k8|tr1|ai0.5|spread|s1092,spread,60,20,8,1,50,50,1092,23,21,23,1,0,1.58784,0.415587,1.36733,1.57702,1.58784,42,52,94,0,4530,579,448,91,91,3,0,975,0,6,0.5,1,900,-8
main~main|R60|sp20|k8|tr1|ai0.5|spread|s1095,spread,60,20,8,1,50,50,1095,23,23,23,1,0,1.65298,0.25514,1.5021,1.50517,1.65298,47,65,112,0,5580,621,612,104,104,8,0,1055,0,6,0.5,1,900,-8
main~main|R60|sp20|k8|tr1|ai0.5|spread|s1098,spread,60,20,8,1,50,50,1098,23,23,23,1,0,2.33735,0.496224,1.39529,1.73481,2.33735,50,79,129,0,6675,694,556,123,123,6,0,1456,0,6,0.5,1,900,-8
main~main|R60|sp20|k8|tr1|ai0.5|spread|s1101,spread,60,20,8,1,50,50,1101,23,23,23,1,0,1.56185,0.247032,0.479654,1.38349,1.56185,26,42,68,0,3540,323,444,61,61,7,0,575,0,6,0.5,1,900,-8
main~main|R60|sp20|k8|tr1|ai0.5|spread|s1104,spread,60,20,8,1,50,50,1104,23,21,23,1,0,1.84977,0.443074,1.44953,1.44953,1.84977,39,56,95,0,4785,494,466,88,88,7,0,976,0,6,0.5,1,900,-8
main~main|R60|sp20|k8|tr1|ai0.5|spread|s1107,spread,60,20,8,1,50,50,1107,23,23,23,1,0,1.13244,0.459963,1.00809,1.00809,1.13244,32,42,74,0,3630,357,367,64,64,10,0,684,0,6,0.5,1,900,-8
main~main|R60|sp20|k8|tr1|ai0.5|spread|s1110,spread,60,20,8,1,50,50,1110,23,23,23,1,0,1.43342,0.45735,0.791414,1.43342,1.43342,32,61,93,0,5055,402,458,86,86,7,0,1032,0,6,0.5,1,900,-8
main~main|R60|sp20|k8|tr1|ai0.5|spread|s1113,spread,60,20,8,1,50,50,1113,23,21,23,1,0,2.02833,0.44636,1.34053,1.82574,2.02833,47,69,116,0,5880,536,486,107,107,9,0,1332,0,6,0.5,1,900,-8
main~main|R60|sp20|k8|tr1|ai0.5|spread|s1116,spread,60,20,8,1,50,50,1116,23,23,23,1,0,1.61905,0.388675,1.20224,1.59038,1.61905,35,59,94,0,4950,440,587,88,88,6,0,909,0,6,0.5,1,900,-8
main~main|R60|sp20|k8|tr1|ai0.5|spread|s1119,spread,60,20,8,1,50,50,1119,23,23,23,1,0,1.69922,0.267076,0.586367,0.960247,1.69922,34,41,75,0,3585,489,372,71,71,4,0,701,0,6,0.5,1,900,-8
main~main|R60|sp20|k16|tr1|ai0.5|spread|s1002,spread,60,20,16,1,50,50,1002,23,23,23,1,0,2.30684,0.697012,1.68558,1.88539,2.30684,52,103,155,0,8557,692,950,147,147,8,0,1592,0,6,0.5,1,900,-8
main~main|R60|sp20|k16|tr1|ai0.5|spread|s1005,spread,60,20,16,1,50,50,1005,23,23,23,1,0,1.90563,1.04309,1.78985,1.78985,1.90563,53,109,162,0,9023,571,858,148,148,14,0,1827,0,6,0.5,1,900,-8
main~main|R60|sp20|k16|tr1|ai0.5|spread|s1008,spread,60,20,16,1,50,50,1008,23,21,23,1,0,2.16427,0.679923,1.89831,1.95282,2.16427,54,109,163,0,9039,656,1043,150,150,13,0,1601,0,6,0.5,1,900,-8
main~main|R60|sp20|k16|tr1|ai0.5|spread|s1011,spread,60,20,16,1,50,50,1011,23,23,23,1,0,1.85245,0.905622,1.35134,1.84688,1.85245,54,89,143,0,7539,651,833,134,134,9,0,1464,0,6,0.5,1,900,-8
main~main|R60|sp20|k16|tr1|ai0.5|spread|s1014,spread,60,20,16,1,50,50,1014,23,21,23,1,0,2.63038,1.30211,2.26517,2.26517,2.63038,75,132,207,0,11100,806,1046,188,188,19,0,2284,0,6,0.5,1,900,-8
main~main|R60|sp20|k16|tr1|ai0.5|spread|s1017,spread,60,20,16,1,50,50,1017,23,23,23,1,0,1.99599,0.664496,1.59932,1.73423,1.99599,59,90,149,0,7694,814,867,143,143,6,0,1465,0,6,0.5,1,900,-8
main~main|R60|sp20|k16|tr1|ai0.5|spread|s1020,spread,60,20,16,1,50,50,1020,23,23,23,1,0,1.58216,0.812879,1.3756,1.3756,1.58216,48,77,125,0,6543,597,701,118,118,7,0,1298,0,6,0.5,1,900,-8
main~main|R60|sp20|k16|tr1|ai0.5|spread|s1023,spread,60,20,16,1,50,50,1023,23,23,23,1,0,1.98952,1.0427,1.69417,1.98952,1.98952,56,97,153,0,8171,693,799,136,134,12,0,1479,0,6,0.5,1,900,-8
main~main|R60|sp20|k16|tr1|ai0.5|spread|s1026,spread,60,20,16,1,50,50,1026,23,23,23,1,0,2.30217,1.17489,1.54827,2.04706,2.30217,62,101,163,0,8567,807,1050,155,155,6,0,1553,0,6,0.5,1,900,-8
main~main|R60|sp20|k16|tr1|ai0.5|spread|s1029,spread,60,20,16,1,50,50,1029,23,21,23,1,0,2.65688,0.714766,1.88503,1.94104,2.65688,67,93,160,0,8047,914,972,155,155,5,0,1524,0,6,0.5,1,900,-8
main~main|R60|sp20|k16|tr1|ai0.5|spread|s1032,spread,60,20,16,1,50,50,1032,23,23,23,1,0,2.18377,0.953337,1.94018,1.94018,2.18377,62,98,160,0,8342,729,882,144,144,16,0,1557,0,6,0.5,1,900,-8
main~main|R60|sp20|k16|tr1|ai0.5|spread|s1035,spread,60,20,16,1,50,50,1035,23,23,23,1,0,2.4528,1.07175,2.05179,2.25446,2.4528,66,118,184,0,9906,913,988,172,172,12,0,1883,0,6,0.5,1,900,-8
main~main|R60|sp20|k16|tr1|ai0.5|spread|s1038,spread,60,20,16,1,50,50,1038,23,21,23,1,0,2.85509,0.612723,1.72929,1.72929,2.85509,57,88,145,0,7512,765,850,131,131,14,0,1267,0,6,0.5,1,900,-8
main~main|R60|sp20|k16|tr1|ai0.5|spread|s1041,spread,60,20,16,1,50,50,1041,23,23,23,1,0,2.08235,1.12877,1.81437,1.88241,2.08235,61,92,153,0,7876,795,771,144,144,9,0,1602,0,6,0.5,1,900,-8
main~main|R60|sp20|k16|tr1|ai0.5|spread|s1044,spread,60,20,16,1,50,50,1044,23,23,23,1,0,2.43448,1.62965,2.03993,2.22424,2.43448,66,126,192,0,10506,866,1000,177,177,15,0,2028,0,6,0.5,1,900,-8
main~main|R60|sp20|k16|tr1|ai0.5|spread|s1047,spread,60,20,16,1,50,50,1047,23,23,23,1,0,1.98826,0.562473,1.61692,1.69909,1.98826,47,78,125,0,6602,594,779,116,115,7,0,1158,0,6,0.5,1,900,-8
main~main|R60|sp20|k16|tr1|ai0.5|spread|s1050,spread,60,20,16,1,50,50,1050,23,21,23,1,0,2.66161,1.21236,2.04336,2.42646,2.66161,73,126,199,0,10618,878,1042,184,184,15,0,2128,0,6,0.5,1,900,-8
main~main|R60|sp20|k16|tr1|ai0.5|spread|s1053,spread,60,20,16,1,50,50,1053,23,23,23,1,0,3.02462,0.716822,1.52385,1.71751,3.02462,62,89,151,0,7667,772,911,140,140,11,0,1397,0,6,0.5,1,900,-8
main~main|R60|sp20|k16|tr1|ai0.5|spread|s1056,spread,60,20,16,1,50,50,1056,23,21,23,1,0,3.00511,0.821481,2.1903,2.39126,3.00511,65,101,166,0,8615,837,1034,152,152,14,0,1473,0,6,0.5,1,900,-8
main~main|R60|sp20|k16|tr1|ai0.5|spread|s1059,spread,60,20,16,1,50,50,1059,23,23,23,1,0,2.16943,0.757471,1.82313,1.90233,2.16943,57,97,154,0,8187,773,896,143,143,11,0,1477,0,6,0.5,1,900,-8
main~main|R60|sp20|k16|tr1|ai0.5|spread|s1062,spread,60,20,16,1,50,50,1062,23,21,23,1,0,2.71884,1.0241,1.87544,2.0757,2.71884,61,97,158,0,8251,743,832,149,149,9,0,1703,0,6,0.5,1,900,-8
main~main|R60|sp20|k16|tr1|ai0.5|spread|s1065,spread,60,20,16,1,50,50,1065,23,21,23,1,0,2.42908,0.819102,1.68047,1.88707,2.42908,65,99,164,0,8465,892,915,151,151,13,0,1515,0,6,0.5,1,900,-8
main~main|R60|sp20|k16|tr1|ai0.5|spread|s1068,spread,60,20,16,1,50,50,1068,23,23,23,1,0,3.21444,1.17797,2.0376,2.23453,3.21444,68,109,177,0,9263,914,956,162,162,15,0,1694,0,6,0.5,1,900,-8
main~main|R60|sp20|k16|tr1|ai0.5|spread|s1071,spread,60,20,16,1,50,50,1071,23,21,23,1,0,2.21298,1.0731,2.00351,2.21298,2.21298,63,110,173,0,9258,755,951,161,161,12,0,1836,0,6,0.5,1,900,-8
main~main|R60|sp20|k16|tr1|ai0.5|spread|s1074,spread,60,20,16,1,50,50,1074,23,23,23,1,0,2.74679,0.611408,1.65003,2.11617,2.74679,53,96,149,0,8048,731,849,140,138,5,0,1481,0,6,0.5,1,900,-8
main~main|R60|sp20|k16|tr1|ai0.5|spread|s1077,spread,60,20,16,1,50,50,1077,23,23,23,1,0,2.52991,1.06735,1.39971,1.70756,2.52991,62,101,163,0,8567,821,867,154,154,9,0,1700,0,6,0.5,1,900,-8
main~main|R60|sp20|k16|tr1|ai0.5|spread|s1080,spread,60,20,16,1,50,50,1080,23,23,23,1,0,2.00252,0.751188,1.79484,1.81298,2.00252,57,96,153,0,8112,786,847,140,140,13,0,1447,0,6,0.5,1,900,-8
main~main|R60|sp20|k16|tr1|ai0.5|spread|s1083,spread,60,20,16,1,50,50,1083,23,23,23,1,0,2.0753,0.703361,1.17989,1.66684,2.0753,48,87,135,0,7293,521,747,121,121,14,0,1394,0,6,0.5,1,900,-8
main~main|R60|sp20|k16|tr1|ai0.5|spread|s1086,spread,60,20,16,1,50,50,1086,23,23,23,1,0,2.33084,1.32639,1.80317,2.32118,2.33084,64,119,183,0,9949,772,1036,169,169,14,0,1910,0,6,0.5,1,900,-8
main~main|R60|sp20|k16|tr1|ai0.5|spread|s1089,spread,60,20,16,1,50,50,1089,23,23,23,1,0,2.06847,1.2462,2.05477,2.05477,2.06847,61,121,182,0,10051,683,1023,170,170,12,0,2034,0,6,0.5,1,900,-8
main~main|R60|sp20|k16|tr1|ai0.5|spread|s1092,spread,60,20,16,1,50,50,1092,23,21,23,1,0,2.41727,1.22564,1.91674,2.05998,2.41727,64,132,196,0,10924,715,1032,174,174,22,0,2081,0,6,0.5,1,900,-8
main~main|R60|sp20|k16|tr1|ai0.5|spread|s1095,spread,60,20,16,1,50,50,1095,23,23,23,1,0,1.64835,0.475974,1.50849,1.63465,1.64835,46,80,126,0,6736,574,869,121,121,5,0,1219,0,6,0.5,1,900,-8
main~main|R60|sp20|k16|tr1|ai0.5|spread|s1098,spread,60,20,16,1,50,50,1098,23,23,23,1,0,2.17242,1.36008,1.83049,1.97997,2.17242,63,101,164,0,8583,779,956,156,156,8,0,1697,0,6,0.5,1,900,-8
main~main|R60|sp20|k16|tr1|ai0.5|spread|s1101,spread,60,20,16,1,50,50,1101,23,23,23,1,0,1.92396,1.01496,1.46326,1.46946,1.92396,50,104,154,0,8600,592,868,135,135,19,0,1510,0,6,0.5,1,900,-8
main~main|R60|sp20|k16|tr1|ai0.5|spread|s1104,spread,60,20,16,1,50,50,1104,23,21,23,1,0,2.27593,1.16979,1.97993,1.97993,2.27593,63,117,180,0,9783,776,979,164,164,16,0,1853,0,6,0.5,1,900,-8
main~main|R60|sp20|k16|tr1|ai0.5|spread|s1107,spread,60,20,16,1,50,50,1107,23,23,23,1,0,1.98368,0.671762,1.57907,1.78106,1.98368,55,103,158,0,8605,661,817,140,139,18,0,1597,0,6,0.5,1,900,-8
main~main|R60|sp20|k16|tr1|ai0.5|spread|s1110,spread,60,20,16,1,50,50,1110,23,23,23,1,0,1.73596,0.739032,1.38167,1.73596,1.73596,44,84,128,0,7004,534,747,121,121,6,0,1381,0,6,0.5,1,900,-8
main~main|R60|sp20|k16|tr1|ai0.5|spread|s1113,spread,60,20,16,1,50,50,1113,23,21,23,1,0,1.9413,0.628672,1.58911,1.73471,1.9413,51,105,156,0,8691,746,930,145,145,11,0,1514,0,6,0.5,1,900,-8
main~main|R60|sp20|k16|tr1|ai0.5|spread|s1116,spread,60,20,16,1,50,50,1116,23,23,23,1,0,1.95706,0.69332,1.95405,1.95405,1.95706,50,87,137,0,7325,595,811,128,128,9,0,1410,0,6,0.5,1,900,-8
main~main|R60|sp20|k16|tr1|ai0.5|spread|s1119,spread,60,20,16,1,50,50,1119,23,23,23,1,0,2.00837,0.817322,1.57217,1.71554,2.00837,59,102,161,0,8594,718,870,144,144,17,0,1580,0,6,0.5,1,900,-8
main~main|R94|sp20|k4|tr1|ai0.5|spread|s1002,spread,94,20,4,1,50,50,1002,61,40,61,1,0,1.74243,0.159892,1.28787,1.28787,1.74243,86,71,157,0,6615,1649,822,148,147,5,0,6387,0,6,0.5,1,900,-8
main~main|R94|sp20|k4|tr1|ai0.5|spread|s1005,spread,94,20,4,1,50,50,1005,61,39,61,1,0,2.58001,0.0771986,1.38499,1.51499,2.58001,104,92,196,0,8460,1842,1054,187,187,9,0,8324,0,6,0.5,1,900,-8
main~main|R94|sp20|k4|tr1|ai0.5|spread|s1008,spread,94,20,4,1,50,50,1008,61,40,61,1,0,1.62754,0.125994,1.147,1.15097,1.62754,67,58,125,0,5355,1295,681,116,116,9,0,4984,0,6,0.5,1,900,-8
main~main|R94|sp20|k4|tr1|ai0.5|spread|s1011,spread,94,20,4,1,50,50,1011,61,37,61,1,0,1.9466,0.126405,1.19586,1.21258,1.9466,92,66,158,0,6330,1633,752,154,154,4,0,6855,0,6,0.5,1,900,-8
main~main|R94|sp20|k4|tr1|ai0.5|spread|s1014,spread,94,20,4,1,50,50,1014,61,39,61,1,0,1.59651,0.285896,1.10449,1.1674,1.59651,106,62,168,0,6240,2071,785,162,162,6,0,6864,0,6,0.5,1,900,-8
main~main|R94|sp20|k4|tr1|ai0.5|spread|s1017,spread,94,20,4,1,50,50,1017,61,40,61,1,0,1.50925,0.164364,1.11981,1.1392,1.50925,86,66,152,0,6240,1639,935,149,149,3,0,6366,0,6,0.5,1,900,-8
main~main|R94|sp20|k4|tr1|ai0.5|spread|s1020,spread,94,20,4,1,50,50,1020,61,38,61,1,0,2.03937,0.205646,1.23197,1.43389,2.03937,111,90,201,0,8415,2049,1122,194,194,7,0,8469,0,6,0.5,1,900,-8
main~main|R94|sp20|k4|tr1|ai0.5|spread|s1023,spread,94,20,4,1,50,50,1023,61,36,61,1,0,3.05723,0.15494,1.52896,1.61277,3.05723,134,112,246,0,10410,2504,1177,228,227,14,0,9974,0,6,0.5,1,900,-8
main~main|R94|sp20|k4|tr1|ai0.5|spread|s1026,spread,94,20,4,1,50,50,1026,61,39,61,1,0,2.7397,0.19179,1.57495,1.69063,2.7397,113,103,216,0,9420,2016,1145,206,206,9,0,9199,0,6,0.5,1,900,-8
main~main|R94|sp20|k4|tr1|ai0.5|spread|s1029,spread,94,20,4,1,50,50,1029,61,41,61,1,0,1.95752,0.224085,1.08695,1.47514,1.95752,98,79,177,0,7395,1826,945,165,165,11,0,7129,0,6,0.5,1,900,-8
main~main|R94|sp20|k4|tr1|ai0.5|spread|s1032,spread,94,20,4,1,50,50,1032,61,41,61,1,0,1.85999,0.208852,1.25174,1.30033,1.85999,102,82,184,0,7680,1879,1012,175,175,9,0,7609,0,6,0.5,1,900,-8
main~main|R94|sp20|k4|tr1|ai0.5|spread|s1035,spread,94,20,4,1,50,50,1035,61,39,61,1,0,1.9772,0.155917,1.15966,1.41479,1.9772,88,70,158,0,6570,1538,834,154,154,4,0,6868,0,6,0.5,1,900,-8
main~main|R94|sp20|k4|tr1|ai0.5|spread|s1038,spread,94,20,4,1,50,50,1038,61,43,61,1,0,2.525,0.145651,1.32213,1.75452,2.525,125,115,240,0,10500,2390,1068,224,224,16,0,9982,0,6,0.5,1,900,-8
main~main|R94|sp20|k4|tr1|ai0.5|spread|s1041,spread,94,20,4,1,50,50,1041,61,38,61,1,0,1.52707,0.175677,1.11413,1.24328,1.52707,86,90,176,0,8040,1595,947,164,164,12,0,7298,0,6,0.5,1,900,-8
main~main|R94|sp20|k4|tr1|ai0.5|spread|s1044,spread,94,20,4,1,50,50,1044,61,41,61,1,0,2.49357,0.107303,1.20893,1.37595,2.49357,113,98,211,0,9045,2131,1043,193,193,12,0,8406,0,6,0.5,1,900,-8
main~main|R94|sp20|k4|tr1|ai0.5|spread|s1047,spread,94,20,4,1,50,50,1047,61,37,61,1,0,1.81066,0.107476,1.37437,1.39767,1.81066,92,82,174,0,7530,1673,971,163,160,10,0,7098,0,6,0.5,1,900,-8
main~main|R94|sp20|k4|tr1|ai0.5|spread|s1050,spread,94,20,4,1,50,50,1050,61,38,61,1,0,1.69548,0.0963191,1.27769,1.28652,1.69548,91,74,165,0,6915,1645,848,162,162,3,0,7227,0,6,0.5,1,900,-8
main~main|R94|sp20|k4|tr1|ai0.5|spread|s1053,spread,94,20,4,1,50,50,1053,61,39,61,1,0,1.85862,0.0642519,1.24921,1.69229,1.85862,92,63,155,0,6105,1731,842,152,152,3,0,6547,0,6,0.5,1,900,-8
main~main|R94|sp20|k4|tr1|ai0.5|spread|s1056,spread,94,20,4,1,50,50,1056,61,37,61,1,0,1.79261,0.0784335,1.26075,1.26075,1.79261,100,72,172,0,6900,1883,872,163,163,9,0,7025,0,6,0.5,1,900,-8
main~main|R94|sp20|k4|tr1|ai0.5|spread|s1059,spread,94,20,4,1,50,50,1059,61,41,61,1,0,2.4828,0.290468,1.3533,2.08437,2.4828,121,95,216,0,8940,2286,1213,210,210,6,0,9101,0,6,0.5,1,900,-8
main~main|R94|sp20|k4|tr1|ai0.5|spread|s1062,spread,94,20,4,1,50,50,1062,61,38,61,1,0,1.57721,0.116253,1.15549,1.22332,1.57721,68,65,133,0,5895,1231,802,129,129,4,0,5707,0,6,0.5,1,900,-8
main~main|R94|sp20|k4|tr1|ai0.5|spread|s1065,spread,94,20,4,1,50,50,1065,61,40,61,1,0,1.30866,0.172117,1.26733,1.26842,1.30866,97,73,170,0,6930,1834,871,160,160,10,0,6895,0,6,0.5,1,900,-8
main~main|R94|sp20|k4|tr1|ai0.5|spread|s1068,spread,94,20,4,1,50,50,1068,61,35,61,1,0,2.10463,0.226051,1.38059,1.60302,2.10463,118,83,201,0,7995,2254,910,192,192,9,0,8356,0,6,0.5,1,900,-8
main~main|R94|sp20|k4|tr1|ai0.5|spread|s1071,spread,94,20,4,1,50,50,1071,61,41,61,1,0,2.32973,0.219559,1.16764,1.67201,2.32973,100,88,188,0,8100,1838,946,180,180,8,0,8016,0,6,0.5,1,900,-8
main~main|R94|sp20|k4|tr1|ai0.5|spread|s1074,spread,94,20,4,1,50,50,1074,61,38,61,1,0,1.61088,0.0588433,1.30537,1.44872,1.61088,93,74,167,0,6945,1680,868,157,157,10,0,6872,0,6,0.5,1,900,-8
main~main|R94|sp20|k4|tr1|ai0.5|spread|s1077,spread,94,20,4,1,50,50,1077,61,38,61,1,0,1.46154,0.0698834,1.11162,1.3325,1.46154,83,64,147,0,6045,1624,819,142,142,5,0,6077,0,6,0.5,1,900,-8
main~main|R94|sp20|k4|tr1|ai0.5|spread|s1080,spread,94,20,4,1,50,50,1080,61,39,61,1,0,2.51478,0.0927678,1.06078,1.33992,2.51478,109,90,199,0,8385,2064,918,195,195,4,0,8718,0,6,0.5,1,900,-8
main~main|R94|sp20|k4|tr1|ai0.5|spread|s1083,spread,94,20,4,1,50,50,1083,61,38,61,1,0,1.48079,0.200627,1.16475,1.24328,1.48079,88,60,148,0,5820,1596,746,143,143,5,0,6238,0,6,0.5,1,900,-8
main~main|R94|sp20|k4|tr1|ai0.5|spread|s1086,spread,94,20,4,1,50,50,1086,61,38,61,1,0,1.75669,0.0761482,1.13148,1.61518,1.75669,98,61,159,0,6045,1884,825,155,155,4,0,6591,0,6,0.5,1,900,-8
main~main|R94|sp20|k4|tr1|ai0.5|spread|s1089,spread,94,20,4,1,50,50,1089,61,38,61,1,0,1.49484,0.156761,1.09774,1.29449,1.49484,91,86,177,0,7815,1693,807,158,156,6,0,6946,0,6,0.5,1,900,-8
main~main|R94|sp20|k4|tr1|ai0.5|spread|s1092,spread,94,20,4,1,50,50,1092,61,37,61,1,0,1.55158,0.214345,1.2301,1.30756,1.55158,103,81,184,0,7620,1937,921,181,180,3,0,7981,0,6,0.5,1,900,-8
main~main|R94|sp20|k4|tr1|ai0.5|spread|s1095,spread,94,20,4,1,50,50,1095,61,37,61,1,0,2.84191,0.0668046,1.35777,2.63631,2.84191,122,98,220,0,9180,2321,1262,206,206,14,0,8777,0,6,0.5,1,900,-8
main~main|R94|sp20|k4|tr1|ai0.5|spread|s1098,spread,94,20,4,1,50,50,1098,61,34,61,1,0,1.27055,0.114551,1.20741,1.20741,1.27055,82,65,147,0,6105,1470,842,139,139,8,0,6028,0,6,0.5,1,900,-8
main~main|R94|sp20|k4|tr1|ai0.5|spread|s1101,spread,94,20,4,1,50,50,1101,61,36,61,1,0,2.10029,0.123417,1.12512,1.37127,2.10029,108,59,167,0,6045,1970,810,161,161,6,0,6880,0,6,0.5,1,900,-8
main~main|R94|sp20|k4|tr1|ai0.5|spread|s1104,spread,94,20,4,1,50,50,1104,61,44,61,1,0,2.29292,0.10617,0.41689,1.10569,2.29292,91,84,175,0,7665,1597,850,166,166,9,0,7513,0,6,0.5,1,900,-8
main~main|R94|sp20|k4|tr1|ai0.5|spread|s1107,spread,94,20,4,1,50,50,1107,61,37,61,1,0,2.87513,0.242323,1.51712,2.09111,2.87513,146,96,242,0,9390,2741,1103,233,233,9,0,10136,0,6,0.5,1,900,-8
main~main|R94|sp20|k4|tr1|ai0.5|spread|s1110,spread,94,20,4,1,50,50,1110,61,38,61,1,0,1.85056,0.0823469,1.23711,1.50223,1.85056,101,75,176,0,7140,1845,942,166,166,10,0,7173,0,6,0.5,1,900,-8
main~main|R94|sp20|k4|tr1|ai0.5|spread|s1113,spread,94,20,4,1,50,50,1113,61,41,61,1,0,1.85984,0.179811,1.20197,1.29525,1.85984,85,92,177,0,8175,1598,1035,169,169,8,0,7507,0,6,0.5,1,900,-8
main~main|R94|sp20|k4|tr1|ai0.5|spread|s1116,spread,94,20,4,1,50,50,1116,61,39,61,1,0,1.61416,0.125868,1.21521,1.30192,1.61416,76,80,156,0,7140,1477,1024,147,147,9,0,6319,0,6,0.5,1,900,-8
main~main|R94|sp20|k4|tr1|ai0.5|spread|s1119,spread,94,20,4,1,50,50,1119,61,40,61,1,0,1.74526,0.208811,1.52411,1.69309,1.74526,108,102,210,0,9270,1955,1137,196,194,8,0,8630,0,6,0.5,1,900,-8
main~main|R94|sp20|k8|tr1|ai0.5|spread|s1002,spread,94,20,8,1,50,50,1002,61,41,61,1,0,2.62527,0.413971,1.70879,1.82123,2.62527,139,151,290,0,13410,2601,1797,275,275,15,0,12102,0,6,0.5,1,900,-8
main~main|R94|sp20|k8|tr1|ai0.5|spread|s1005,spread,94,20,8,1,50,50,1005,61,40,61,1,0,2.24671,0.423982,1.37745,1.75252,2.24671,132,122,254,0,11130,2453,1488,241,241,8,0,10519,0,6,0.5,1,900,-8
main~main|R94|sp20|k8|tr1|ai0.5|spread|s1008,spread,94,20,8,1,50,50,1008,61,43,61,1,0,3.03231,0.277129,1.50937,1.67811,3.03231,145,147,292,0,13200,2554,1707,279,279,13,0,12479,0,6,0.5,1,900,-8
main~main|R94|sp20|k8|tr1|ai0.5|spread|s1011,spread,94,20,8,1,50,50,1011,61,39,61,1,0,2.83573,0.432856,1.61872,2.15695,2.83573,140,154,294,0,13650,2504,1658,282,282,12,0,12758,0,6,0.5,1,900,-8
main~main|R94|sp20|k8|tr1|ai0.5|spread|s1014,spread,94,20,8,1,50,50,1014,61,41,61,1,0,2.7597,0.445904,1.4657,1.69954,2.7597,142,119,261,0,11055,2522,1568,249,249,12,0,10850,0,6,0.5,1,900,-8
main~main|R94|sp20|k8|tr1|ai0.5|spread|s1017,spread,94,20,8,1,50,50,1017,61,41,61,1,0,1.92589,0.266179,1.50495,1.75301,1.92589,121,155,276,0,13440,2142,1816,259,259,17,0,11582,0,6,0.5,1,900,-8
main~main|R94|sp20|k8|tr1|ai0.5|spread|s1020,spread,94,20,8,1,50,50,1020,61,40,61,1,0,3.21358,0.417611,1.48316,1.61559,3.21358,145,167,312,0,14700,2572,1897,299,299,13,0,13471,0,6,0.5,1,900,-8
main~main|R94|sp20|k8|tr1|ai0.5|spread|s1023,spread,94,20,8,1,50,50,1023,61,40,61,1,0,2.40479,0.248738,1.44107,1.44107,2.40479,120,131,251,0,11625,2193,1692,237,237,14,0,10335,0,6,0.5,1,900,-8
main~main|R94|sp20|k8|tr1|ai0.5|spread|s1026,spread,94,20,8,1,50,50,1026,61,41,61,1,0,1.82098,0.418799,1.61285,1.62002,1.82098,126,140,266,0,12390,2222,1692,247,247,19,0,10906,0,6,0.5,1,900,-8
main~main|R94|sp20|k8|tr1|ai0.5|spread|s1029,spread,94,20,8,1,50,50,1029,61,43,61,1,0,1.93276,0.440324,1.63564,1.72043,1.93276,133,138,271,0,12345,2398,1545,252,252,19,0,11177,0,6,0.5,1,900,-8
main~main|R94|sp20|k8|tr1|ai0.5|spread|s1032,spread,94,20,8,1,50,50,1032,61,41,61,1,0,3.18584,0.413646,1.53354,1.98684,3.18584,168,172,340,0,15420,3099,1920,324,324,16,0,14421,0,6,0.5,1,900,-8
main~main|R94|sp20|k8|tr1|ai0.5|spread|s1035,spread,94,20,8,1,50,50,1035,61,39,61,1,0,2.79179,0.473051,2.29452,2.34751,2.79179,161,136,297,0,12615,2982,1782,288,288,9,0,12516,0,6,0.5,1,900,-8
main~main|R94|sp20|k8|tr1|ai0.5|spread|s1038,spread,94,20,8,1,50,50,1038,61,45,61,1,0,2.50213,0.373054,1.49752,1.69816,2.50213,142,130,272,0,11880,2735,1609,259,259,13,0,11196,0,6,0.5,1,900,-8
main~main|R94|sp20|k8|tr1|ai0.5|spread|s1041,spread,94,20,8,1,50,50,1041,61,41,61,1,0,2.63968,1.06255,1.71347,1.78325,2.63968,150,156,306,0,13950,2810,1995,293,293,13,0,12775,0,6,0.5,1,900,-8
main~main|R94|sp20|k8|tr1|ai0.5|spread|s1044,spread,94,20,8,1,50,50,1044,61,41,61,1,0,2.69825,0.418544,1.52335,1.52335,2.69825,127,132,259,0,11805,2208,1511,247,247,12,0,11101,0,6,0.5,1,900,-8
main~main|R94|sp20|k8|tr1|ai0.5|spread|s1047,spread,94,20,8,1,50,50,1047,61,41,61,1,0,2.09061,0.423675,1.53464,1.89103,2.09061,126,133,259,0,11865,2271,1551,244,244,15,0,10818,0,6,0.5,1,900,-8
main~main|R94|sp20|k8|tr1|ai0.5|spread|s1050,spread,94,20,8,1,50,50,1050,61,41,61,1,0,2.60265,0.489918,1.69986,2.01055,2.60265,147,161,308,0,14280,2668,1774,294,294,14,0,13198,0,6,0.5,1,900,-8
main~main|R94|sp20|k8|tr1|ai0.5|spread|s1053,spread,94,20,8,1,50,50,1053,61,41,61,1,0,2.00133,0.407897,1.6709,1.79798,2.00133,132,135,267,0,12105,2376,1595,259,259,8,0,11569,0,6,0.5,1,900,-8
main~main|R94|sp20|k8|tr1|ai0.5|spread|s1056,spread,94,20,8,1,50,50,1056,61,45,61,1,0,2.41829,0.428919,1.57323,1.57323,2.41829,133,151,284,0,13320,2375,1640,266,266,18,0,11945,0,6,0.5,1,900,-8
main~main|R94|sp20|k8|tr1|ai0.5|spread|s1059,spread,94,20,8,1,50,50,1059,61,40,61,1,0,2.30796,0.328402,1.47641,1.70043,2.30796,127,124,251,0,11205,2414,1748,242,242,8,0,10358,0,6,0.5,1,900,-8
main~main|R94|sp20|k8|tr1|ai0.5|spread|s1062,spread,94,20,8,1,50,50,1062,61,41,61,1,0,2.76392,0.61605,1.46111,1.56876,2.76392,147,127,274,0,11730,2757,1516,262,262,12,0,11447,0,6,0.5,1,900,-8
main~main|R94|sp20|k8|tr1|ai0.5|spread|s1065,spread,94,20,8,1,50,50,1065,61,42,61,1,0,2.31808,0.405059,1.55389,1.84127,2.31808,127,115,242,0,10530,2355,1395,233,233,9,0,10230,0,6,0.5,1,900,-8
main~main|R94|sp20|k8|tr1|ai0.5|spread|s1068,spread,94,20,8,1,50,50,1068,61,39,61,1,0,2.45484,1.08988,1.66769,1.66769,2.45484,153,146,299,0,13245,2843,1725,287,287,12,0,12652,0,6,0.5,1,900,-8
main~main|R94|sp20|k8|tr1|ai0.5|spread|s1071,spread,94,20,8,1,50,50,1071,61,43,61,1,0,1.8621,0.42022,1.64377,1.85394,1.8621,115,118,233,0,10575,2164,1523,224,224,9,0,9753,0,6,0.5,1,900,-8
main~main|R94|sp20|k8|tr1|ai0.5|spread|s1074,spread,94,20,8,1,50,50,1074,61,41,61,1,0,3.04687,0.287723,1.65732,1.70818,3.04687,151,153,304,0,13740,2790,1848,295,295,9,0,13062,0,6,0.5,1,900,-8
main~main|R94|sp20|k8|tr1|ai0.5|spread|s1077,spread,94,20,8,1,50,50,1077,61,40,61,1,0,3.65687,0.279118,1.51437,1.57029,3.65687,162,148,310,0,13530,2985,1835,298,298,12,0,13060,0,6,0.5,1,900,-8
main~main|R94|sp20|k8|tr1|ai0.5|spread|s1080,spread,94,20,8,1,50,50,1080,61,41,61,1,0,2.41153,0.4244,1.70999,1.92697,2.41153,141,132,273,0,12015,2391,1545,255,255,18,0,11364,0,6,0.5,1,900,-8
main~main|R94|sp20|k8|tr1|ai0.5|spread|s1083,spread,94,20,8,1,50,50,1083,61,43,61,1,0,2.54651,0.42585,1.48044,1.66992,2.54651,138,144,282,0,12870,2583,1649,264,264,18,0,11608,0,6,0.5,1,900,-8
main~main|R94|sp20|k8|tr1|ai0.5|spread|s1086,spread,94,20,8,1,50,50,1086,61,39,61,1,0,2.15055,0.407668,1.33619,1.86191,2.15055,118,118,236,0,10620,2114,1600,229,229,7,0,10026,0,6,0.5,1,900,-8
main~main|R94|sp20|k8|tr1|ai0.5|spread|s1089,spread,94,20,8,1,50,50,1089,61,41,61,1,0,2.08816,0.408871,1.6184,1.7226,2.08816,134,131,265,0,11835,2507,1641,258,258,7,0,11332,0,6,0.5,1,900,-8
main~main|R94|sp20|k8|tr1|ai0.5|spread|s1092,spread,94,20,8,1,50,50,1092,61,41,61,1,0,2.58962,0.450451,1.55465,1.63647,2.58962,152,168,320,0,14880,2616,1804,299,299,21,0,13520,0,6,0.5,1,900,-8
main~main|R94|sp20|k8|tr1|ai0.5|spread|s1095,spread,94,20,8,1,50,50,1095,61,39,61,1,0,1.89035,0.325334,1.35502,1.68971,1.89035,123,117,240,0,10620,2257,1601,227,227,13,0,9762,0,6,0.5,1,900,-8
main~main|R94|sp20|k8|tr1|ai0.5|spread|s1098,spread,94,20,8,1,50,50,1098,61,38,61,1,0,2.60967,0.461626,1.53267,1.74034,2.60967,143,135,278,0,12270,2598,1757,270,270,8,0,11845,0,6,0.5,1,900,-8
main~main|R94|sp20|k8|tr1|ai0.5|spread|s1101,spread,94,20,8,1,50,50,1101,61,41,61,1,0,2.64352,0.406886,1.73847,1.78325,2.64352,141,142,283,0,12765,2543,1654,272,272,11,0,12123,0,6,0.5,1,900,-8
main~main|R94|sp20|k8|tr1|ai0.5|spread|s1104,spread,94,20,8,1,50,50,1104,61,45,61,1,0,1.8206,0.407981,1.57635,1.58372,1.8206,128,142,270,0,12570,2201,1706,258,258,12,0,11573,0,6,0.5,1,900,-8
main~main|R94|sp20|k8|tr1|ai0.5|spread|s1107,spread,94,20,8,1,50,50,1107,61,41,61,1,0,1.98966,0.462186,1.44687,1.66283,1.98966,130,133,263,0,11925,2318,1713,243,242,18,0,10529,0,6,0.5,1,900,-8
main~main|R94|sp20|k8|tr1|ai0.5|spread|s1110,spread,94,20,8,1,50,50,1110,61,39,61,1,0,2.15361,0.42308,1.62203,1.8328,2.15361,126,131,257,0,11715,2326,1603,242,242,15,0,10591,0,6,0.5,1,900,-8
main~main|R94|sp20|k8|tr1|ai0.5|spread|s1113,spread,94,20,8,1,50,50,1113,61,41,61,1,0,3.45723,0.416649,1.74483,2.4952,3.45723,146,133,279,0,12165,2659,1587,267,267,12,0,11774,0,6,0.5,1,900,-8
main~main|R94|sp20|k8|tr1|ai0.5|spread|s1116,spread,94,20,8,1,50,50,1116,61,41,61,1,0,2.30862,0.412192,1.73055,1.98679,2.30862,144,146,290,0,13110,2554,1799,276,276,14,0,12207,0,6,0.5,1,900,-8
main~main|R94|sp20|k8|tr1|ai0.5|spread|s1119,spread,94,20,8,1,50,50,1119,61,41,61,1,0,2.36116,0.253147,1.59403,1.63043,2.36116,139,154,293,0,13635,2389,1761,280,280,13,0,12650,0,6,0.5,1,900,-8
main~main|R94|sp20|k16|tr1|ai0.5|spread|s1002,spread,94,20,16,1,50,50,1002,61,41,61,1,0,2.87067,1.07266,2.37484,2.54786,2.87067,160,202,362,0,17710,2905,2742,347,347,15,0,15173,0,6,0.5,1,900,-8
main~main|R94|sp20|k16|tr1|ai0.5|spread|s1005,spread,94,20,16,1,50,50,1005,61,41,61,1,0,3.29808,1.25814,2.23577,2.57145,3.29808,206,292,498,0,25196,3514,3282,466,466,32,0,21164,0,6,0.5,1,900,-8
main~main|R94|sp20|k16|tr1|ai0.5|spread|s1008,spread,94,20,16,1,50,50,1008,61,43,61,1,0,2.85694,1.06881,1.93245,2.43383,2.85694,175,260,435,0,22300,2947,3118,401,401,34,0,17995,0,6,0.5,1,900,-8
main~main|R94|sp20|k16|tr1|ai0.5|spread|s1011,spread,94,20,16,1,50,50,1011,61,41,61,1,0,3.24012,1.17584,1.91126,2.4903,3.24012,171,231,402,0,20061,2985,2987,380,380,18,0,16828,0,6,0.5,1,900,-8
main~main|R94|sp20|k16|tr1|ai0.5|spread|s1014,spread,94,20,16,1,50,50,1014,61,41,61,1,0,2.9849,1.07358,2.09043,2.59348,2.9849,173,240,413,0,20768,3213,3038,396,395,17,0,17482,0,6,0.5,1,900,-8
main~main|R94|sp20|k16|tr1|ai0.5|spread|s1017,spread,94,20,16,1,50,50,1017,61,41,61,1,0,2.50316,1.24704,2.07173,2.27583,2.50316,176,226,402,0,19766,3258,2771,386,386,16,0,17131,0,6,0.5,1,900,-8
main~main|R94|sp20|k16|tr1|ai0.5|spread|s1020,spread,94,20,16,1,50,50,1020,61,41,61,1,0,2.69003,1.10411,1.90093,2.05912,2.69003,162,241,403,0,20667,2716,2854,373,373,30,0,16810,0,6,0.5,1,900,-8
main~main|R94|sp20|k16|tr1|ai0.5|spread|s1023,spread,94,20,16,1,50,50,1023,61,41,61,1,0,2.96374,1.26046,1.98252,2.06061,2.96374,175,245,420,0,21175,2986,3073,404,404,16,0,18181,0,6,0.5,1,900,-8
main~main|R94|sp20|k16|tr1|ai0.5|spread|s1026,spread,94,20,16,1,50,50,1026,61,41,61,1,0,2.79209,1.18815,1.73922,1.89447,2.79209,165,204,369,0,17940,2971,2784,356,356,13,0,15605,0,6,0.5,1,900,-8
main~main|R94|sp20|k16|tr1|ai0.5|spread|s1029,spread,94,20,16,1,50,50,1029,61,43,61,1,0,2.60878,1.02772,1.85829,2.13699,2.60878,177,235,412,0,20457,3143,2832,392,392,20,0,17545,0,6,0.5,1,900,-8
main~main|R94|sp20|k16|tr1|ai0.5|spread|s1032,spread,94,20,16,1,50,50,1032,61,41,61,1,0,3.89256,1.30933,2.20129,3.12456,3.89256,215,310,525,0,26690,3471,3523,482,482,43,0,21926,0,6,0.5,1,900,-8
main~main|R94|sp20|k16|tr1|ai0.5|spread|s1035,spread,94,20,16,1,50,50,1035,61,39,61,1,0,3.14484,1.35769,2.5667,2.75624,3.14484,192,242,434,0,21222,3419,3116,422,422,12,0,18785,0,6,0.5,1,900,-8
main~main|R94|sp20|k16|tr1|ai0.5|spread|s1038,spread,94,20,16,1,50,50,1038,61,45,61,1,0,3.53591,1.08084,2.16866,2.37494,3.53591,189,285,474,0,24399,3167,3148,438,438,36,0,19965,0,6,0.5,1,900,-8
main~main|R94|sp20|k16|tr1|ai0.5|spread|s1041,spread,94,20,16,1,50,50,1041,61,41,61,1,0,2.39689,1.28901,1.87731,2.33281,2.39689,166,261,427,0,22231,2590,2869,392,392,35,0,18061,0,6,0.5,1,900,-8
main~main|R94|sp20|k16|tr1|ai0.5|spread|s1044,spread,94,20,16,1,50,50,1044,61,41,61,1,0,2.54974,1.25433,2.27152,2.28138,2.54974,173,234,407,0,20318,2963,2952,382,381,25,0,16980,0,6,0.5,1,900,-8
main~main|R94|sp20|k16|tr1|ai0.5|spread|s1047,spread,94,20,16,1,50,50,1047,61,41,61,1,0,2.73247,1.06062,2.2012,2.38453,2.73247,176,216,392,0,19016,3222,2929,378,378,13,0,16529,0,6,0.5,1,900,-8
main~main|R94|sp20|k16|tr1|ai0.5|spread|s1050,spread,94,20,16,1,50,50,1050,61,41,61,1,0,4.36064,1.37339,1.89714,2.60509,4.36064,204,260,464,0,22764,3588,3171,431,431,33,0,19101,0,6,0.5,1,900,-8
main~main|R94|sp20|k16|tr1|ai0.5|spread|s1053,spread,94,20,16,1,50,50,1053,61,41,61,1,0,2.92971,1.01439,2.1671,2.5666,2.92971,194,243,437,0,21329,3490,3243,419,419,18,0,18407,0,6,0.5,1,900,-8
main~main|R94|sp20|k16|tr1|ai0.5|spread|s1056,spread,94,20,16,1,50,50,1056,61,45,61,1,0,3.4036,1.01824,2.11489,2.59302,3.4036,183,234,417,0,20478,3201,2828,387,387,30,0,17191,0,6,0.5,1,900,-8
main~main|R94|sp20|k16|tr1|ai0.5|spread|s1059,spread,94,20,16,1,50,50,1059,61,41,61,1,0,2.66048,1.03935,1.96622,2.09805,2.66048,159,223,382,0,19269,2643,2920,362,362,20,0,16157,0,6,0.5,1,900,-8
main~main|R94|sp20|k16|tr1|ai0.5|spread|s1062,spread,94,20,16,1,50,50,1062,61,41,61,1,0,2.85485,1.28293,2.36393,2.39306,2.85485,187,263,450,0,22717,3180,3051,422,422,28,0,19089,0,6,0.5,1,900,-8
main~main|R94|sp20|k16|tr1|ai0.5|spread|s1065,spread,94,20,16,1,50,50,1065,61,43,61,1,0,3.27911,1.26695,2.07786,2.52714,3.27911,189,255,444,0,22149,3384,3183,415,415,29,0,18333,0,6,0.5,1,900,-8
main~main|R94|sp20|k16|tr1|ai0.5|spread|s1068,spread,94,20,16,1,50,50,1068,61,39,61,1,0,3.37848,1.3254,2.2955,3.00297,3.37848,203,282,485,0,24398,3413,3089,459,459,26,0,21038,0,6,0.5,1,900,-8
main~main|R94|sp20|k16|tr1|ai0.5|spread|s1071,spread,94,20,16,1,50,50,1071,61,43,61,1,0,2.36056,1.16325,1.9904,2.01116,2.36056,169,232,401,0,20104,3049,2991,376,376,25,0,16520,0,6,0.5,1,900,-8
main~main|R94|sp20|k16|tr1|ai0.5|spread|s1074,spread,94,20,16,1,50,50,1074,61,41,61,1,0,3.37381,1.06407,1.78903,1.9466,3.37381,171,241,412,0,20811,3060,3045,390,390,22,0,17295,0,6,0.5,1,900,-8
main~main|R94|sp20|k16|tr1|ai0.5|spread|s1077,spread,94,20,16,1,50,50,1077,61,41,61,1,0,3.49305,1.32193,2.41739,2.76916,3.49305,201,254,455,0,22266,3443,3202,434,434,21,0,19395,0,6,0.5,1,900,-8
main~main|R94|sp20|k16|tr1|ai0.5|spread|s1080,spread,94,20,16,1,50,50,1080,61,41,61,1,0,2.81905,0.88821,2.15779,2.22722,2.81905,164,231,395,0,19949,2763,2776,372,372,23,0,16781,0,6,0.5,1,900,-8
main~main|R94|sp20|k16|tr1|ai0.5|spread|s1083,spread,94,20,16,1,50,50,1083,61,43,61,1,0,3.03094,1.18994,1.89243,2.13327,3.03094,183,240,423,0,20928,3041,2733,399,399,24,0,18166,0,6,0.5,1,900,-8
main~main|R94|sp20|k16|tr1|ai0.5|spread|s1086,spread,94,20,16,1,50,50,1086,61,39,61,1,0,3.16178,1.02438,1.83945,2.45,3.16178,177,212,389,0,18732,3037,3011,369,369,20,0,16092,0,6,0.5,1,900,-8
main~main|R94|sp20|k16|tr1|ai0.5|spread|s1089,spread,94,20,16,1,50,50,1089,61,41,61,1,0,2.66289,0.844299,1.85467,2.21668,2.66289,164,218,382,0,18974,2838,2856,361,361,21,0,15966,0,6,0.5,1,900,-8
main~main|R94|sp20|k16|tr1|ai0.5|spread|s1092,spread,94,20,16,1,50,50,1092,61,41,61,1,0,2.81134,1.01237,2.1614,2.44464,2.81134,180,255,435,0,22005,3139,3027,414,414,21,0,18674,0,6,0.5,1,900,-8
main~main|R94|sp20|k16|tr1|ai0.5|spread|s1095,spread,94,20,16,1,50,50,1095,61,39,61,1,0,3.29951,1.47069,2.73519,2.77627,3.29951,216,280,496,0,24456,3581,3397,468,468,28,0,21102,0,6,0.5,1,900,-8
main~main|R94|sp20|k16|tr1|ai0.5|spread|s1098,spread,94,20,16,1,50,50,1098,61,39,61,1,0,3.87744,1.40223,2.3165,2.90887,3.87744,206,258,464,0,22646,3549,3100,434,434,30,0,19391,0,6,0.5,1,900,-8
main~main|R94|sp20|k16|tr1|ai0.5|spread|s1101,spread,94,20,16,1,50,50,1101,61,41,61,1,0,2.8562,1.61917,2.3063,2.69815,2.8562,199,275,474,0,23809,3149,3137,439,439,35,0,20054,0,6,0.5,1,900,-8
main~main|R94|sp20|k16|tr1|ai0.5|spread|s1104,spread,94,20,16,1,50,50,1104,61,45,61,1,0,2.8757,1.21053,2.27606,2.48148,2.8757,185,248,433,0,21560,3270,2910,414,414,19,0,18660,0,6,0.5,1,900,-8
main~main|R94|sp20|k16|tr1|ai0.5|spread|s1107,spread,94,20,16,1,50,50,1107,61,41,61,1,0,3.38462,1.27006,1.96919,2.45114,3.38462,184,250,434,0,21694,3350,3221,411,411,23,0,18089,0,6,0.5,1,900,-8
main~main|R94|sp20|k16|tr1|ai0.5|spread|s1110,spread,94,20,16,1,50,50,1110,61,39,61,1,0,3.51687,0.657669,2.10913,2.38786,3.51687,172,231,403,0,20077,3031,2991,385,385,18,0,17078,0,6,0.5,1,900,-8
main~main|R94|sp20|k16|tr1|ai0.5|spread|s1113,spread,94,20,16,1,50,50,1113,61,41,61,1,0,3.64075,1.33071,2.15595,2.25282,3.64075,202,257,459,0,22507,3513,3258,432,432,27,0,19149,0,6,0.5,1,900,-8
main~main|R94|sp20|k16|tr1|ai0.5|spread|s1116,spread,94,20,16,1,50,50,1116,61,41,61,1,0,3.10169,1.14657,1.9932,2.4256,3.10169,177,251,428,0,21657,3036,3151,403,403,25,0,17993,0,6,0.5,1,900,-8
main~main|R94|sp20|k16|tr1|ai0.5|spread|s1119,spread,94,20,16,1,50,50,1119,61,41,61,1,0,3.25013,1.08198,2.34606,2.6256,3.25013,200,270,470,0,23450,3436,3303,445,445,25,0,19961,0,6,0.5,1,900,-8
main~main|R120|sp20|k4|tr1|ai0.5|spread|s1002,spread,120,20,4,1,50,50,1002,99,53,99,1,0,2.89247,0.215288,1.37126,2.06352,2.89247,217,133,350,0,13230,4364,1677,337,337,13,0,26985,0,6,0.5,1,900,-8
main~main|R120|sp20|k4|tr1|ai0.5|spread|s1005,spread,120,20,4,1,50,50,1005,99,50,99,1,0,2.79784,0.233778,1.47617,1.48743,2.79784,197,126,323,0,12405,3924,1518,306,306,17,0,24546,0,6,0.5,1,900,-8
main~main|R120|sp20|k4|tr1|ai0.5|spread|s1008,spread,120,20,4,1,50,50,1008,99,51,99,1,0,2.95567,0.215702,1.39045,1.75421,2.95567,188,116,304,0,11520,3789,1580,295,295,9,0,23541,0,6,0.5,1,900,-8
main~main|R120|sp20|k4|tr1|ai0.5|spread|s1011,spread,120,20,4,1,50,50,1011,99,50,99,1,0,2.38416,0.224351,1.32721,1.5728,2.38416,177,130,307,0,12405,3599,1654,292,292,14,0,23363,0,6,0.5,1,900,-8
main~main|R120|sp20|k4|tr1|ai0.5|spread|s1014,spread,120,20,4,1,50,50,1014,99,53,99,1,0,3.19491,1.02167,1.49176,2.06993,3.19491,203,111,314,0,11370,4266,1607,310,310,4,0,24507,0,6,0.5,1,900,-8
main~main|R120|sp20|k4|tr1|ai0.5|spread|s1017,spread,120,20,4,1,50,50,1017,99,52,99,1,0,3.23426,0.217434,1.39959,1.58725,3.23426,199,125,324,0,12360,4048,1781,314,314,9,0,24943,0,6,0.5,1,900,-8
main~main|R120|sp20|k4|tr1|ai0.5|spread|s1020,spread,120,20,4,1,50,50,1020,99,49,99,1,0,2.80974,0.217978,1.97574,2.43196,2.80974,198,144,342,0,13770,3951,1741,329,328,10,0,26527,0,6,0.5,1,900,-8
main~main|R120|sp20|k4|tr1|ai0.5|spread|s1023,spread,120,20,4,1,50,50,1023,99,48,99,1,0,2.84861,0.124988,1.38282,1.76496,2.84861,199,130,329,0,12735,4100,1791,320,320,9,0,25469,0,6,0.5,1,900,-8
main~main|R120|sp20|k4|tr1|ai0.5|spread|s1026,spread,120,20,4,1,50,50,1026,99,50,99,1,0,2.99722,0.420056,1.65859,2.24127,2.99722,211,149,360,0,14340,4363,1802,344,344,16,0,27547,0,6,0.5,1,900,-8
main~main|R120|sp20|k4|tr1|ai0.5|spread|s1029,spread,120,20,4,1,50,50,1029,99,55,99,1,0,3.15632,0.217276,1.47732,1.69195,3.15632,199,121,320,0,12060,4118,1609,309,309,11,0,24555,0,6,0.5,1,900,-8
main~main|R120|sp20|k4|tr1|ai0.5|spread|s1032,spread,120,20,4,1,50,50,1032,99,52,99,1,0,2.58182,0.141221,1.28781,2.22824,2.58182,203,131,334,0,12870,4152,1708,325,325,9,0,25990,0,6,0.5,1,900,-8
main~main|R120|sp20|k4|tr1|ai0.5|spread|s1035,spread,120,20,4,1,50,50,1035,99,53,99,1,0,2.43783,0.242309,1.56281,2.31074,2.43783,195,107,302,0,10950,4219,1639,297,296,5,0,23209,0,6,0.5,1,900,-8
main~main|R120|sp20|k4|tr1|ai0.5|spread|s1038,spread,120,20,4,1,50,50,1038,99,53,99,1,0,2.56959,0.210016,1.32647,1.50697,2.56959,187,136,323,0,13005,3742,1798,309,309,14,0,24742,0,6,0.5,1,900,-8
main~main|R120|sp20|k4|tr1|ai0.5|spread|s1041,spread,120,20,4,1,50,50,1041,99,50,99,1,0,2.8841,0.25123,1.43573,2.27415,2.8841,216,153,369,0,14715,4459,1820,351,351,18,0,28119,0,6,0.5,1,900,-8
main~main|R120|sp20|k4|tr1|ai0.5|spread|s1044,spread,120,20,4,1,50,50,1044,99,52,99,1,0,2.4946,0.273173,1.55076,1.61041,2.4946,191,105,296,0,10740,3901,1418,286,286,10,0,22709,0,6,0.5,1,900,-8
main~main|R120|sp20|k4|tr1|ai0.5|spread|s1047,spread,120,20,4,1,50,50,1047,99,49,99,1,0,2.78732,0.222187,1.62972,2.45,2.78732,223,144,367,0,14145,4463,1911,356,356,11,0,28514,0,6,0.5,1,900,-8
main~main|R120|sp20|k4|tr1|ai0.5|spread|s1050,spread,120,20,4,1,50,50,1050,99,52,99,1,0,2.81423,0.181804,1.5919,1.7681,2.81423,202,119,321,0,11955,4125,1739,315,315,6,0,25006,0,6,0.5,1,900,-8
main~main|R120|sp20|k4|tr1|ai0.5|spread|s1053,spread,120,20,4,1,50,50,1053,99,53,99,1,0,2.48864,0.123228,1.71228,2.06332,2.48864,177,107,284,0,10680,3797,1516,282,282,1,0,22323,0,6,0.5,1,900,-8
main~main|R120|sp20|k4|tr1|ai0.5|spread|s1056,spread,120,20,4,1,50,50,1056,99,47,99,1,0,2.40307,0.206269,1.45637,1.49525,2.40307,183,118,301,0,11595,3599,1597,286,286,15,0,22832,0,6,0.5,1,900,-8
main~main|R120|sp20|k4|tr1|ai0.5|spread|s1059,spread,120,20,4,1,50,50,1059,99,52,99,1,0,2.32936,0.23005,1.39077,2.15574,2.32936,184,114,298,0,11310,3764,1461,289,289,9,0,23097,0,6,0.5,1,900,-8
main~main|R120|sp20|k4|tr1|ai0.5|spread|s1062,spread,120,20,4,1,50,50,1062,99,51,99,1,0,2.73147,0.289805,1.32077,2.45023,2.73147,197,138,335,0,13305,4050,1689,320,320,15,0,25621,0,6,0.5,1,900,-8
main~main|R120|sp20|k4|tr1|ai0.5|spread|s1065,spread,120,20,4,1,50,50,1065,99,53,99,1,0,2.79074,0.211711,1.35634,1.71272,2.79074,191,131,322,0,12690,3759,1723,312,312,10,0,25094,0,6,0.5,1,900,-8
main~main|R120|sp20|k4|tr1|ai0.5|spread|s1068,spread,120,20,4,1,50,50,1068,99,46,99,1,0,2.58797,1.03515,1.49265,2.29335,2.58797,218,129,347,0,12945,4677,1836,336,336,11,0,26415,0,6,0.5,1,900,-8
main~main|R120|sp20|k4|tr1|ai0.5|spread|s1071,spread,120,20,4,1,50,50,1071,99,53,99,1,0,2.63107,0.109584,1.38593,2.13862,2.63107,205,146,351,0,14025,4135,1899,334,333,13,0,26660,0,6,0.5,1,900,-8
main~main|R120|sp20|k4|tr1|ai0.5|spread|s1074,spread,120,20,4,1,50,50,1074,99,51,99,1,0,2.39284,0.092437,1.38676,1.60165,2.39284,173,124,297,0,11895,3516,1674,286,286,11,0,22838,0,6,0.5,1,900,-8
main~main|R120|sp20|k4|tr1|ai0.5|spread|s1077,spread,120,20,4,1,50,50,1077,99,47,99,1,0,3.75683,0.243836,1.29792,2.24307,3.75683,207,126,333,0,12555,4268,1742,324,324,9,0,25742,0,6,0.5,1,900,-8
main~main|R120|sp20|k4|tr1|ai0.5|spread|s1080,spread,120,20,4,1,50,50,1080,99,49,99,1,0,2.57465,0.217089,1.38199,1.70092,2.57465,175,130,305,0,12375,3530,1649,289,289,16,0,23143,0,6,0.5,1,900,-8
main~main|R120|sp20|k4|tr1|ai0.5|spread|s1083,spread,120,20,4,1,50,50,1083,99,49,99,1,0,2.17623,0.223511,1.39951,1.91987,2.17623,185,103,288,0,10500,3803,1453,286,286,2,0,22772,0,6,0.5,1,900,-8
main~main|R120|sp20|k4|tr1|ai0.5|spread|s1086,spread,120,20,4,1,50,50,1086,99,52,99,1,0,2.75714,0.130266,1.3442,1.34971,2.75714,189,125,314,0,12210,3871,1611,302,302,12,0,24114,0,6,0.5,1,900,-8
main~main|R120|sp20|k4|tr1|ai0.5|spread|s1089,spread,120,20,4,1,50,50,1089,99,51,99,1,0,2.67134,0.23555,1.33053,1.35336,2.67134,196,120,316,0,11940,4181,1575,304,304,12,0,24036,0,6,0.5,1,900,-8
main~main|R120|sp20|k4|tr1|ai0.5|spread|s1092,spread,120,20,4,1,50,50,1092,99,50,99,1,0,2.41325,0.309051,1.42391,1.79476,2.41325,207,109,316,0,11280,4323,1574,312,312,4,0,24679,0,6,0.5,1,900,-8
main~main|R120|sp20|k4|tr1|ai0.5|spread|s1095,spread,120,20,4,1,50,50,1095,99,51,99,1,0,2.48112,0.301261,1.59424,2.24976,2.48112,199,107,306,0,11010,4128,1461,299,298,6,0,23689,0,6,0.5,1,900,-8
main~main|R120|sp20|k4|tr1|ai0.5|spread|s1098,spread,120,20,4,1,50,50,1098,99,43,99,1,0,2.52085,0.427114,1.39819,2.31755,2.52085,216,131,347,0,13065,4310,1616,329,329,18,0,26316,0,6,0.5,1,900,-8
main~main|R120|sp20|k4|tr1|ai0.5|spread|s1101,spread,120,20,4,1,50,50,1101,99,48,99,1,0,2.60292,0.249914,1.39521,1.46851,2.60292,178,123,301,0,11895,3580,1607,288,288,13,0,23037,0,6,0.5,1,900,-8
main~main|R120|sp20|k4|tr1|ai0.5|spread|s1104,spread,120,20,4,1,50,50,1104,99,54,99,1,0,2.92267,0.117146,1.36783,1.54682,2.92267,176,121,297,0,11715,3427,1675,282,282,15,0,22534,0,6,0.5,1,900,-8
main~main|R120|sp20|k4|tr1|ai0.5|spread|s1107,spread,120,20,4,1,50,50,1107,99,49,99,1,0,2.88012,0.220802,1.40983,1.90141,2.88012,181,129,310,0,12390,3655,1576,298,298,12,0,23973,0,6,0.5,1,900,-8
main~main|R120|sp20|k4|tr1|ai0.5|spread|s1110,spread,120,20,4,1,50,50,1110,99,49,99,1,0,3.22408,0.135508,1.51574,2.20824,3.22408,190,121,311,0,11925,3919,1685,302,302,9,0,23992,0,6,0.5,1,900,-8
main~main|R120|sp20|k4|tr1|ai0.5|spread|s1113,spread,120,20,4,1,50,50,1113,99,54,99,1,0,2.62672,0.2173,1.27591,2.37701,2.62672,191,122,313,0,12015,3795,1710,306,306,7,0,24483,0,6,0.5,1,900,-8
main~main|R120|sp20|k4|tr1|ai0.5|spread|s1116,spread,120,20,4,1,50,50,1116,99,48,99,1,0,2.59832,0.215318,1.35112,1.61077,2.59832,187,132,319,0,12705,3642,1737,307,307,12,0,24707,0,6,0.5,1,900,-8
main~main|R120|sp20|k4|tr1|ai0.5|spread|s1119,spread,120,20,4,1,50,50,1119,99,50,99,1,0,1.43935,0.125909,1.23448,1.39895,1.43935,147,86,233,0,8655,3135,1307,227,227,6,0,17804,0,6,0.5,1,900,-8
main~main|R120|sp20|k8|tr1|ai0.5|spread|s1002,spread,120,20,8,1,50,50,1002,99,55,99,1,0,2.94118,1.21907,2.2591,2.55247,2.94118,268,239,507,0,21945,5333,3037,487,487,20,0,39356,0,6,0.5,1,900,-8
main~main|R120|sp20|k8|tr1|ai0.5|spread|s1005,spread,120,20,8,1,50,50,1005,99,52,99,1,0,3.34816,1.12366,2.14291,2.22448,3.34816,261,217,478,0,20190,5289,2712,458,458,20,0,36883,0,6,0.5,1,900,-8
main~main|R120|sp20|k8|tr1|ai0.5|spread|s1008,spread,120,20,8,1,50,50,1008,99,55,99,1,0,2.97246,1.17616,1.87955,2.43697,2.97246,247,219,466,0,20130,4822,2982,444,444,22,0,35708,0,6,0.5,1,900,-8
main~main|R120|sp20|k8|tr1|ai0.5|spread|s1011,spread,120,20,8,1,50,50,1011,99,53,99,1,0,2.54008,1.04813,1.74988,2.08999,2.54008,231,205,436,0,18840,4490,2768,420,420,16,0,33902,0,6,0.5,1,900,-8
main~main|R120|sp20|k8|tr1|ai0.5|spread|s1014,spread,120,20,8,1,50,50,1014,99,55,99,1,0,3.3732,1.05783,1.77312,2.47121,3.3732,261,240,501,0,21915,5185,3072,465,465,36,0,37313,0,6,0.5,1,900,-8
main~main|R120|sp20|k8|tr1|ai0.5|spread|s1017,spread,120,20,8,1,50,50,1017,99,55,99,1,0,3.02541,0.490263,2.34557,2.37559,3.02541,258,241,499,0,21945,5126,3111,476,476,23,0,38411,0,6,0.5,1,900,-8
main~main|R120|sp20|k8|tr1|ai0.5|spread|s1020,spread,120,20,8,1,50,50,1020,99,52,99,1,0,2.74463,1.03968,2.19692,2.42295,2.74463,254,193,447,0,18285,5377,2597,430,429,16,0,34133,0,6,0.5,1,900,-8
main~main|R120|sp20|k8|tr1|ai0.5|spread|s1023,spread,120,20,8,1,50,50,1023,99,52,99,1,0,3.08883,1.04817,2.05965,2.67397,3.08883,246,243,489,0,21915,4666,3156,455,455,34,0,36768,0,6,0.5,1,900,-8
main~main|R120|sp20|k8|tr1|ai0.5|spread|s1026,spread,120,20,8,1,50,50,1026,99,53,99,1,0,4.43938,1.06991,2.30448,2.65302,4.43938,291,231,522,0,21690,5879,3484,502,502,20,0,39833,0,6,0.5,1,900,-8
main~main|R120|sp20|k8|tr1|ai0.5|spread|s1029,spread,120,20,8,1,50,50,1029,99,57,99,1,0,4.14145,0.434349,2.34641,2.69456,4.14145,261,251,512,0,22740,5247,3153,490,490,22,0,39620,0,6,0.5,1,900,-8
main~main|R120|sp20|k8|tr1|ai0.5|spread|s1032,spread,120,20,8,1,50,50,1032,99,53,99,1,0,4.11664,1.23666,2.55315,2.82376,4.11664,313,278,591,0,25545,6267,3379,559,559,32,0,45136,0,6,0.5,1,900,-8
main~main|R120|sp20|k8|tr1|ai0.5|spread|s1035,spread,120,20,8,1,50,50,1035,99,53,99,1,0,2.91616,1.08304,2.10861,2.42632,2.91616,252,225,477,0,20655,5095,3106,464,464,13,0,37271,0,6,0.5,1,900,-8
main~main|R120|sp20|k8|tr1|ai0.5|spread|s1038,spread,120,20,8,1,50,50,1038,99,55,99,1,0,3.38485,1.07418,2.17383,2.33761,3.38485,260,199,459,0,18825,5098,2889,446,446,13,0,35721,0,6,0.5,1,900,-8
main~main|R120|sp20|k8|tr1|ai0.5|spread|s1041,spread,120,20,8,1,50,50,1041,99,53,99,1,0,2.75815,1.05501,2.26317,2.47546,2.75815,262,203,465,0,19155,5233,2865,453,453,12,0,36296,0,6,0.5,1,900,-8
main~main|R120|sp20|k8|tr1|ai0.5|spread|s1044,spread,120,20,8,1,50,50,1044,99,53,99,1,0,3.41807,1.17352,1.85154,2.45112,3.41807,260,232,492,0,21300,5124,3182,475,475,17,0,38244,0,6,0.5,1,900,-8
main~main|R120|sp20|k8|tr1|ai0.5|spread|s1047,spread,120,20,8,1,50,50,1047,99,55,99,1,0,2.80833,1.09339,2.40943,2.52657,2.80833,259,205,464,0,19260,5271,2900,447,447,17,0,35635,0,6,0.5,1,900,-8
main~main|R120|sp20|k8|tr1|ai0.5|spread|s1050,spread,120,20,8,1,50,50,1050,99,54,99,1,0,2.83652,1.04188,2.2329,2.27923,2.83652,259,203,462,0,19110,5306,2909,449,449,13,0,35787,0,6,0.5,1,900,-8
main~main|R120|sp20|k8|tr1|ai0.5|spread|s1053,spread,120,20,8,1,50,50,1053,99,55,99,1,0,3.2998,1.04375,1.73874,2.44263,3.2998,260,231,491,0,21225,5073,3215,464,464,27,0,37184,0,6,0.5,1,900,-8
main~main|R120|sp20|k8|tr1|ai0.5|spread|s1056,spread,120,20,8,1,50,50,1056,99,55,99,1,0,3.29151,0.522912,1.82616,2.43874,3.29151,257,235,492,0,21480,5082,3095,475,475,17,0,38373,0,6,0.5,1,900,-8
main~main|R120|sp20|k8|tr1|ai0.5|spread|s1059,spread,120,20,8,1,50,50,1059,99,54,99,1,0,2.79224,0.423053,1.92686,2.56279,2.79224,246,226,472,0,20640,4916,3026,451,451,21,0,36256,0,6,0.5,1,900,-8
main~main|R120|sp20|k8|tr1|ai0.5|spread|s1062,spread,120,20,8,1,50,50,1062,99,55,99,1,0,3.6195,1.07843,1.75608,2.27852,3.6195,265,212,477,0,19875,5340,2835,458,458,19,0,36709,0,6,0.5,1,900,-8
main~main|R120|sp20|k8|tr1|ai0.5|spread|s1065,spread,120,20,8,1,50,50,1065,99,56,99,1,0,3.89034,1.04967,2.44696,2.59257,3.89034,308,247,555,0,23145,6229,3384,539,539,16,0,43209,0,6,0.5,1,900,-8
main~main|R120|sp20|k8|tr1|ai0.5|spread|s1068,spread,120,20,8,1,50,50,1068,99,51,99,1,0,2.90249,0.812648,1.90289,2.59002,2.90249,254,209,463,0,19485,5137,2732,443,443,20,0,35545,0,6,0.5,1,900,-8
main~main|R120|sp20|k8|tr1|ai0.5|spread|s1071,spread,120,20,8,1,50,50,1071,99,55,99,1,0,3.28186,0.425356,1.91642,2.46319,3.28186,245,225,470,0,20550,4907,3091,441,441,29,0,35220,0,6,0.5,1,900,-8
main~main|R120|sp20|k8|tr1|ai0.5|spread|s1074,spread,120,20,8,1,50,50,1074,99,54,99,1,0,2.96838,0.424059,2.31616,2.32345,2.96838,266,222,488,0,20640,5448,3075,472,472,16,0,37733,0,6,0.5,1,900,-8
main~main|R120|sp20|k8|tr1|ai0.5|spread|s1077,spread,120,20,8,1,50,50,1077,99,52,99,1,0,3.29847,0.604845,1.54984,2.42628,3.29847,250,236,486,0,21450,4867,2971,466,466,20,0,37830,0,6,0.5,1,900,-8
main~main|R120|sp20|k8|tr1|ai0.5|spread|s1080,spread,120,20,8,1,50,50,1080,99,51,99,1,0,4.1491,1.04819,1.78513,2.62936,4.1491,279,249,528,0,22860,5429,3036,501,501,27,0,40633,0,6,0.5,1,900,-8
main~main|R120|sp20|k8|tr1|ai0.5|spread|s1083,spread,120,20,8,1,50,50,1083,99,55,99,1,0,3.18918,0.447693,1.49666,2.77911,3.18918,238,185,423,0,17445,5010,2630,411,411,12,0,32638,0,6,0.5,1,900,-8
main~main|R120|sp20|k8|tr1|ai0.5|spread|s1086,spread,120,20,8,1,50,50,1086,99,53,99,1,0,3.97255,1.12056,2.48601,2.65802,3.97255,289,232,521,0,21735,6006,3129,503,503,18,0,40159,0,6,0.5,1,900,-8
main~main|R120|sp20|k8|tr1|ai0.5|spread|s1089,spread,120,20,8,1,50,50,1089,99,55,99,1,0,3.16026,0.424232,1.98323,2.55405,3.16026,251,236,487,0,21465,4809,3004,465,465,22,0,37757,0,6,0.5,1,900,-8
main~main|R120|sp20|k8|tr1|ai0.5|spread|s1092,spread,120,20,8,1,50,50,1092,99,55,99,1,0,3.24065,1.03923,1.77633,2.43383,3.24065,253,234,487,0,21345,5077,2995,466,464,18,0,37565,0,6,0.5,1,900,-8
main~main|R120|sp20|k8|tr1|ai0.5|spread|s1095,spread,120,20,8,1,50,50,1095,99,53,99,1,0,3.17641,1.0665,2.15295,2.40939,3.17641,250,227,477,0,20775,5177,3160,466,466,11,0,37331,0,6,0.5,1,900,-8
main~main|R120|sp20|k8|tr1|ai0.5|spread|s1098,spread,120,20,8,1,50,50,1098,99,50,99,1,0,3.31705,0.464042,1.61108,2.59306,3.31705,253,190,443,0,18045,5156,2768,430,430,13,0,34216,0,6,0.5,1,900,-8
main~main|R120|sp20|k8|tr1|ai0.5|spread|s1101,spread,120,20,8,1,50,50,1101,99,55,99,1,0,4.07747,1.03323,2.35778,2.99409,4.07747,295,243,538,0,22650,5896,3083,515,515,23,0,41491,0,6,0.5,1,900,-8
main~main|R120|sp20|k8|tr1|ai0.5|spread|s1104,spread,120,20,8,1,50,50,1104,99,55,99,1,0,3.28244,1.05789,2.21375,2.58029,3.28244,262,254,516,0,22980,5240,3259,490,490,26,0,39521,0,6,0.5,1,900,-8
main~main|R120|sp20|k8|tr1|ai0.5|spread|s1107,spread,120,20,8,1,50,50,1107,99,52,99,1,0,3.85406,1.24713,1.86006,2.945,3.85406,283,244,527,0,22545,5438,3050,498,498,29,0,40316,0,6,0.5,1,900,-8
main~main|R120|sp20|k8|tr1|ai0.5|spread|s1110,spread,120,20,8,1,50,50,1110,99,51,99,1,0,3.0905,1.05619,2.34114,2.42505,3.0905,244,198,442,0,18510,4944,3077,434,434,8,0,34511,0,6,0.5,1,900,-8
main~main|R120|sp20|k8|tr1|ai0.5|spread|s1113,spread,120,20,8,1,50,50,1113,99,55,99,1,0,2.94805,1.08882,1.56589,2.38431,2.94805,249,208,457,0,19335,4925,2586,439,439,18,0,35511,0,6,0.5,1,900,-8
main~main|R120|sp20|k8|tr1|ai0.5|spread|s1116,spread,120,20,8,1,50,50,1116,99,53,99,1,0,3.14182,0.627178,2.05351,2.38755,3.14182,248,230,478,0,20970,4903,2950,454,454,23,0,36639,0,6,0.5,1,900,-8
main~main|R120|sp20|k8|tr1|ai0.5|spread|s1119,spread,120,20,8,1,50,50,1119,99,51,99,1,0,3.12439,0.490577,1.8519,2.3898,3.12439,250,220,470,0,20250,4848,3029,446,446,24,0,35831,0,6,0.5,1,900,-8
main~main|R120|sp20|k16|tr1|ai0.5|spread|s1002,spread,120,20,16,1,50,50,1002,99,55,99,1,0,3.57705,1.31951,2.55719,2.95986,3.57705,332,395,727,0,34937,6222,5484,706,706,21,0,57482,0,6,0.5,1,900,-8
main~main|R120|sp20|k16|tr1|ai0.5|spread|s1005,spread,120,20,16,1,50,50,1005,99,53,99,1,0,4.29579,1.24487,2.52988,3.08662,4.29579,339,405,744,0,35799,6371,5791,706,706,38,0,57026,0,6,0.5,1,900,-8
main~main|R120|sp20|k16|tr1|ai0.5|spread|s1008,spread,120,20,16,1,50,50,1008,99,55,99,1,0,5.05877,1.25553,2.55758,3.23113,5.05877,358,405,763,0,36103,6824,5711,739,739,24,0,59887,0,6,0.5,1,900,-8
main~main|R120|sp20|k16|tr1|ai0.5|spread|s1011,spread,120,20,16,1,50,50,1011,99,55,99,1,0,4.03503,1.44701,2.79317,3.07649,4.03503,336,391,727,0,34701,6469,5156,700,700,27,0,56975,0,6,0.5,1,900,-8
main~main|R120|sp20|k16|tr1|ai0.5|spread|s1014,spread,120,20,16,1,50,50,1014,99,55,99,1,0,4.13727,1.32066,2.78594,2.91545,4.13727,334,409,743,0,36019,6382,5527,707,707,36,0,57377,0,6,0.5,1,900,-8
main~main|R120|sp20|k16|tr1|ai0.5|spread|s1017,spread,120,20,16,1,50,50,1017,99,55,99,1,0,3.14684,1.25684,2.81014,3.0183,3.14684,314,367,681,0,32549,6379,4998,657,657,24,0,53009,0,6,0.5,1,900,-8
main~main|R120|sp20|k16|tr1|ai0.5|spread|s1020,spread,120,20,16,1,50,50,1020,99,53,99,1,0,4.13057,1.39986,2.80052,3.13983,4.13057,349,404,753,0,35884,6822,5549,722,722,31,0,58385,0,6,0.5,1,900,-8
main~main|R120|sp20|k16|tr1|ai0.5|spread|s1023,spread,120,20,16,1,50,50,1023,99,53,99,1,0,3.82543,1.4452,2.92426,3.06661,3.82543,356,448,804,0,39296,6802,6003,773,773,31,0,62949,0,6,0.5,1,900,-8
main~main|R120|sp20|k16|tr1|ai0.5|spread|s1026,spread,120,20,16,1,50,50,1026,99,53,99,1,0,3.10809,1.30903,2.60224,2.89411,3.10809,326,388,714,0,34316,6403,5617,686,685,26,0,55182,0,6,0.5,1,900,-8
main~main|R120|sp20|k16|tr1|ai0.5|spread|s1029,spread,120,20,16,1,50,50,1029,99,57,99,1,0,3.5623,1.25991,2.62403,2.75489,3.5623,316,392,708,0,34456,6185,5682,679,679,29,0,54675,0,6,0.5,1,900,-8
main~main|R120|sp20|k16|tr1|ai0.5|spread|s1032,spread,120,20,16,1,50,50,1032,99,53,99,1,0,4.45986,1.46602,2.68373,3.06977,4.45986,343,409,752,0,36163,6596,5507,727,727,25,0,59143,0,6,0.5,1,900,-8
main~main|R120|sp20|k16|tr1|ai0.5|spread|s1035,spread,120,20,16,1,50,50,1035,99,53,99,1,0,3.92138,1.52145,2.96877,3.39596,3.92138,388,425,813,0,38083,7709,5829,787,787,26,0,63588,0,6,0.5,1,900,-8
main~main|R120|sp20|k16|tr1|ai0.5|spread|s1038,spread,120,20,16,1,50,50,1038,99,55,99,1,0,4.58369,1.20746,2.28299,2.53988,4.58369,332,383,715,0,34037,6432,5291,686,686,29,0,55505,0,6,0.5,1,900,-8
main~main|R120|sp20|k16|tr1|ai0.5|spread|s1041,spread,120,20,16,1,50,50,1041,99,53,99,1,0,4.34105,1.47962,2.44108,3.04517,4.34105,347,435,782,0,38177,6545,5446,741,741,41,0,60627,0,6,0.5,1,900,-8
main~main|R120|sp20|k16|tr1|ai0.5|spread|s1044,spread,120,20,16,1,50,50,1044,99,53,99,1,0,3.63219,1.41725,2.83802,3.47503,3.63219,337,415,752,0,36517,6411,5831,722,722,30,0,58514,0,6,0.5,1,900,-8
main~main|R120|sp20|k16|tr1|ai0.5|spread|s1047,spread,120,20,16,1,50,50,1047,99,55,99,1,0,3.78522,1.33454,3.06044,3.25281,3.78522,345,394,739,0,35070,6783,5550,716,716,23,0,57835,0,6,0.5,1,900,-8
main~main|R120|sp20|k16|tr1|ai0.5|spread|s1050,spread,120,20,16,1,50,50,1050,99,55,99,1,0,3.92005,1.21474,2.53842,2.99723,3.92005,324,405,729,0,35559,6165,5357,701,701,28,0,57176,0,6,0.5,1,900,-8
main~main|R120|sp20|k16|tr1|ai0.5|spread|s1053,spread,120,20,16,1,50,50,1053,99,55,99,1,0,3.51372,1.42649,2.64521,2.98281,3.51372,338,378,716,0,33758,6699,5496,691,691,25,0,55523,0,6,0.5,1,900,-8
main~main|R120|sp20|k16|tr1|ai0.5|spread|s1056,spread,120,20,16,1,50,50,1056,99,55,99,1,0,3.58515,1.4489,2.71625,3.02447,3.58515,329,395,724,0,34889,6423,5300,696,696,28,0,56485,0,6,0.5,1,900,-8
main~main|R120|sp20|k16|tr1|ai0.5|spread|s1059,spread,120,20,16,1,50,50,1059,99,55,99,1,0,3.43731,1.25087,2.4518,2.65077,3.43731,309,381,690,0,33519,5910,5142,665,665,25,0,54118,0,6,0.5,1,900,-8
main~main|R120|sp20|k16|tr1|ai0.5|spread|s1062,spread,120,20,16,1,50,50,1062,99,55,99,1,0,4.41288,1.30363,2.42632,3.06672,4.41288,336,422,758,0,37026,6406,5506,710,710,48,0,57668,0,6,0.5,1,900,-8
main~main|R120|sp20|k16|tr1|ai0.5|spread|s1065,spread,120,20,16,1,50,50,1065,99,57,99,1,0,3.81407,1.36619,2.45768,3.20398,3.81407,329,460,789,0,39764,6331,5920,744,744,45,0,60661,0,6,0.5,1,900,-8
main~main|R120|sp20|k16|tr1|ai0.5|spread|s1068,spread,120,20,16,1,50,50,1068,99,51,99,1,0,3.89112,1.26795,2.78416,3.11946,3.89112,334,353,687,0,31819,6643,5313,671,671,16,0,53802,0,6,0.5,1,900,-8
main~main|R120|sp20|k16|tr1|ai0.5|spread|s1071,spread,120,20,16,1,50,50,1071,99,55,99,1,0,4.47394,1.3076,2.67387,2.94113,4.47394,348,385,733,0,34443,6602,5431,707,707,26,0,57253,0,6,0.5,1,900,-8
main~main|R120|sp20|k16|tr1|ai0.5|spread|s1074,spread,120,20,16,1,50,50,1074,99,55,99,1,0,3.79994,1.44186,2.69344,3.26873,3.79994,354,421,775,0,37239,6600,5468,737,736,36,0,60130,0,6,0.5,1,900,-8
main~main|R120|sp20|k16|tr1|ai0.5|spread|s1077,spread,120,20,16,1,50,50,1077,99,53,99,1,0,3.88073,1.27109,2.89521,3.39713,3.88073,366,438,804,0,38706,6956,5934,759,759,45,0,61492,0,6,0.5,1,900,-8
main~main|R120|sp20|k16|tr1|ai0.5|spread|s1080,spread,120,20,16,1,50,50,1080,99,51,99,1,0,3.81629,1.26038,2.45997,3.22912,3.81629,335,431,766,0,37685,6513,5925,734,734,32,0,59494,0,6,0.5,1,900,-8
main~main|R120|sp20|k16|tr1|ai0.5|spread|s1083,spread,120,20,16,1,50,50,1083,99,55,99,1,0,4.61496,1.29555,3.01591,3.14516,4.61496,349,429,778,0,37759,6647,6132,748,748,30,0,60525,0,6,0.5,1,900,-8
main~main|R120|sp20|k16|tr1|ai0.5|spread|s1086,spread,120,20,16,1,50,50,1086,99,53,99,1,0,3.70746,1.31827,2.59056,2.92423,3.70746,325,375,700,0,33325,6371,5496,673,673,27,0,54087,0,6,0.5,1,900,-8
main~main|R120|sp20|k16|tr1|ai0.5|spread|s1089,spread,120,20,16,1,50,50,1089,99,55,99,1,0,4.39695,1.2219,2.78395,2.79449,4.39695,345,383,728,0,34245,6812,5683,707,707,21,0,56791,0,6,0.5,1,900,-8
main~main|R120|sp20|k16|tr1|ai0.5|spread|s1092,spread,120,20,16,1,50,50,1092,99,55,99,1,0,4.35116,1.25764,2.76773,3.14103,4.35116,347,422,769,0,37202,6457,5507,726,726,43,0,59184,0,6,0.5,1,900,-8
main~main|R120|sp20|k16|tr1|ai0.5|spread|s1095,spread,120,20,16,1,50,50,1095,99,53,99,1,0,3.13996,1.40716,2.82528,3.08569,3.13996,322,411,733,0,35977,6347,5723,701,701,32,0,56628,0,6,0.5,1,900,-8
main~main|R120|sp20|k16|tr1|ai0.5|spread|s1098,spread,120,20,16,1,50,50,1098,99,51,99,1,0,3.94038,1.44343,2.78571,3.05475,3.94038,352,419,771,0,37057,6717,5911,725,725,46,0,58422,0,6,0.5,1,900,-8
main~main|R120|sp20|k16|tr1|ai0.5|spread|s1101,spread,120,20,16,1,50,50,1101,99,55,99,1,0,4.11592,1.22169,2.73507,3.03004,4.11592,328,383,711,0,33973,6218,5361,675,675,36,0,54571,0,6,0.5,1,900,-8
main~main|R120|sp20|k16|tr1|ai0.5|spread|s1104,spread,120,20,16,1,50,50,1104,99,55,99,1,0,3.99924,1.49008,2.7669,3.15949,3.99924,349,419,768,0,37009,6662,5601,736,735,25,0,59835,0,6,0.5,1,900,-8
main~main|R120|sp20|k16|tr1|ai0.5|spread|s1107,spread,120,20,16,1,50,50,1107,99,53,99,1,0,3.97765,1.61787,2.7602,3.29606,3.97765,342,394,736,0,35022,6830,5668,716,716,20,0,57670,0,6,0.5,1,900,-8
main~main|R120|sp20|k16|tr1|ai0.5|spread|s1110,spread,120,20,16,1,50,50,1110,99,51,99,1,0,3.6643,1.51382,2.8459,3.04359,3.6643,340,371,711,0,33265,6575,5253,687,687,24,0,55498,0,6,0.5,1,900,-8
main~main|R120|sp20|k16|tr1|ai0.5|spread|s1113,spread,120,20,16,1,50,50,1113,99,55,99,1,0,3.86496,1.29516,2.50637,3.16339,3.86496,330,389,719,0,34455,6246,5258,687,687,32,0,55822,0,6,0.5,1,900,-8
main~main|R120|sp20|k16|tr1|ai0.5|spread|s1116,spread,120,20,16,1,50,50,1116,99,53,99,1,0,4.91762,1.45133,2.45778,2.66216,4.91762,344,386,730,0,34454,6632,5255,698,698,32,0,56517,0,6,0.5,1,900,-8
main~main|R120|sp20|k16|tr1|ai0.5|spread|s1119,spread,120,20,16,1,50,50,1119,99,51,99,1,0,3.68092,1.31377,2.57635,2.86207,3.68092,328,362,690,0,32398,6282,5192,657,657,33,0,52912,0,6,0.5,1,900,-8
main~main|R150|sp20|k4|tr1|ai0.5|spread|s1002,spread,150,20,4,1,50,50,1002,147,65,147,1,0,3.03819,1.06578,2.31292,2.55821,2.71799,371,182,553,0,19215,8163,2595,539,539,14,0,67936,0,6,0.5,1,900,-8
main~main|R150|sp20|k4|tr1|ai0.5|spread|s1005,spread,150,20,4,1,50,50,1005,147,64,147,1,0,3.484,1.05434,2.13265,2.46742,2.7698,358,194,552,0,19920,7886,2988,540,540,12,0,67966,0,6,0.5,1,900,-8
main~main|R150|sp20|k4|tr1|ai0.5|spread|s1008,spread,150,20,4,1,50,50,1008,147,61,147,1,0,2.93089,1.05355,2.07846,2.40384,2.84547,332,189,521,0,19155,7396,2894,507,507,14,0,63732,0,6,0.5,1,900,-8
main~main|R150|sp20|k4|tr1|ai0.5|spread|s1011,spread,150,20,4,1,50,50,1011,147,62,147,1,0,2.63881,0.098485,1.65173,2.27107,2.63293,296,152,448,0,15840,6612,2345,438,438,10,0,54991,0,6,0.5,1,900,-8
main~main|R150|sp20|k4|tr1|ai0.5|spread|s1014,spread,150,20,4,1,50,50,1014,147,67,147,1,0,3.10909,1.0358,2.25187,2.38423,2.80861,366,188,554,0,19590,8129,2646,539,539,15,0,67919,0,6,0.5,1,900,-8
main~main|R150|sp20|k4|tr1|ai0.5|spread|s1017,spread,150,20,4,1,50,50,1017,147,64,147,1,0,3.54356,0.225781,2.20284,2.37844,2.84875,327,179,506,0,18330,7258,2585,491,491,15,0,61843,0,6,0.5,1,900,-8
main~main|R150|sp20|k4|tr1|ai0.5|spread|s1020,spread,150,20,4,1,50,50,1020,147,58,147,1,0,2.56063,1.09846,2.34388,2.36213,2.55995,357,196,553,0,20055,8027,2648,539,538,13,0,67989,0,6,0.5,1,900,-8
main~main|R150|sp20|k4|tr1|ai0.5|spread|s1023,spread,150,20,4,1,50,50,1023,147,62,147,1,0,2.82292,0.418907,2.4698,2.53352,2.81959,331,184,515,0,18765,7240,2679,504,504,11,0,63665,0,6,0.5,1,900,-8
main~main|R150|sp20|k4|tr1|ai0.5|spread|s1026,spread,150,20,4,1,50,50,1026,147,62,147,1,0,3.58337,0.237555,2.32125,2.63137,3.00299,337,191,528,0,19380,7245,2564,512,512,16,0,64943,0,6,0.5,1,900,-8
main~main|R150|sp20|k4|tr1|ai0.5|spread|s1029,spread,150,20,4,1,50,50,1029,147,65,147,1,0,3.19779,0.249556,2.1303,2.25664,2.56798,318,172,490,0,17670,6848,2411,475,475,15,0,60091,0,6,0.5,1,900,-8
main~main|R150|sp20|k4|tr1|ai0.5|spread|s1032,spread,150,20,4,1,50,50,1032,147,66,147,1,0,2.99318,0.206949,2.2764,2.29598,2.67419,320,166,486,0,17250,7059,2515,471,470,13,0,59151,0,6,0.5,1,900,-8
main~main|R150|sp20|k4|tr1|ai0.5|spread|s1035,spread,150,20,4,1,50,50,1035,147,65,147,1,0,3.06928,0.22716,2.15148,2.15997,2.86415,336,196,532,0,19740,7394,2732,518,518,14,0,65502,0,6,0.5,1,900,-8
main~main|R150|sp20|k4|tr1|ai0.5|spread|s1038,spread,150,20,4,1,50,50,1038,147,63,147,1,0,2.75694,0.227311,2.10798,2.24405,2.43493,313,174,487,0,17745,6896,2613,472,472,15,0,59403,0,6,0.5,1,900,-8
main~main|R150|sp20|k4|tr1|ai0.5|spread|s1041,spread,150,20,4,1,50,50,1041,147,63,147,1,0,3.53241,0.233061,2.27686,2.42856,2.89761,342,200,542,0,20130,7422,2678,524,524,18,0,66404,0,6,0.5,1,900,-8
main~main|R150|sp20|k4|tr1|ai0.5|spread|s1044,spread,150,20,4,1,50,50,1044,147,64,147,1,0,3.71481,1.05169,2.30941,2.41251,2.72974,352,210,562,0,21030,7786,2916,549,549,13,0,69452,0,6,0.5,1,900,-8
main~main|R150|sp20|k4|tr1|ai0.5|spread|s1047,spread,150,20,4,1,50,50,1047,147,63,147,1,0,3.78365,0.214603,2.318,2.44138,3.38314,317,157,474,0,16530,7005,2386,467,467,7,0,58791,0,6,0.5,1,900,-8
main~main|R150|sp20|k4|tr1|ai0.5|spread|s1050,spread,150,20,4,1,50,50,1050,147,65,147,1,0,2.66852,0.222758,1.54126,2.23568,2.63203,293,180,473,0,17895,6282,2492,456,456,17,0,57802,0,6,0.5,1,900,-8
main~main|R150|sp20|k4|tr1|ai0.5|spread|s1053,spread,150,20,4,1,50,50,1053,147,66,147,1,0,3.02054,0.227321,2.19126,2.4475,2.81859,347,188,535,0,19305,7605,2715,521,521,14,0,65746,0,6,0.5,1,900,-8
main~main|R150|sp20|k4|tr1|ai0.5|spread|s1056,spread,150,20,4,1,50,50,1056,147,57,147,1,0,3.02095,0.264894,2.1424,2.34304,2.67371,335,175,510,0,18150,7296,2568,497,497,13,0,62698,0,6,0.5,1,900,-8
main~main|R150|sp20|k4|tr1|ai0.5|spread|s1059,spread,150,20,4,1,50,50,1059,147,60,147,1,0,2.96942,0.275167,2.19031,2.34771,2.5951,323,165,488,0,17220,7121,2594,477,477,11,0,59927,0,6,0.5,1,900,-8
main~main|R150|sp20|k4|tr1|ai0.5|spread|s1062,spread,150,20,4,1,50,50,1062,147,59,147,1,0,3.93294,1.11971,2.2458,2.27427,3.78961,389,219,608,0,22260,8601,2981,582,582,26,0,73390,0,6,0.5,1,900,-8
main~main|R150|sp20|k4|tr1|ai0.5|spread|s1065,spread,150,20,4,1,50,50,1065,147,63,147,1,0,2.73547,0.23746,2.10694,2.12128,2.6292,309,150,459,0,15885,6973,2195,449,448,8,0,56356,0,6,0.5,1,900,-8
main~main|R150|sp20|k4|tr1|ai0.5|spread|s1068,spread,150,20,4,1,50,50,1068,147,59,147,1,0,3.63037,1.03771,2.12135,2.4752,3.0586,376,179,555,0,19065,8294,2742,539,539,15,0,67658,0,6,0.5,1,900,-8
main~main|R150|sp20|k4|tr1|ai0.5|spread|s1071,spread,150,20,4,1,50,50,1071,147,63,147,1,0,2.90522,0.266012,2.32213,2.53247,2.80849,337,206,543,0,20505,7399,2946,521,521,21,0,65721,0,6,0.5,1,900,-8
main~main|R150|sp20|k4|tr1|ai0.5|spread|s1074,spread,150,20,4,1,50,50,1074,147,64,147,1,0,2.64822,0.249439,2.24099,2.61268,2.64822,315,195,510,0,19350,7037,2702,495,495,15,0,62531,0,6,0.5,1,900,-8
main~main|R150|sp20|k4|tr1|ai0.5|spread|s1077,spread,150,20,4,1,50,50,1077,147,59,147,1,0,3.22475,1.04425,2.22786,2.40385,3.01957,348,186,534,0,19170,7857,2718,526,526,8,0,66221,0,6,0.5,1,900,-8
main~main|R150|sp20|k4|tr1|ai0.5|spread|s1080,spread,150,20,4,1,50,50,1080,147,63,147,1,0,2.7302,0.221601,1.57823,2.30485,2.7302,310,174,484,0,17700,6886,2604,471,471,13,0,59276,0,6,0.5,1,900,-8
main~main|R150|sp20|k4|tr1|ai0.5|spread|s1083,spread,150,20,4,1,50,50,1083,147,61,147,1,0,2.64039,1.12122,2.15593,2.34676,2.55396,382,174,556,0,18780,8564,2356,540,540,15,0,67920,0,6,0.5,1,900,-8
main~main|R150|sp20|k4|tr1|ai0.5|spread|s1086,spread,150,20,4,1,50,50,1086,147,64,147,1,0,2.90142,1.05775,2.31931,2.48645,2.58427,347,194,541,0,19755,7524,2587,525,525,16,0,66539,0,6,0.5,1,900,-8
main~main|R150|sp20|k4|tr1|ai0.5|spread|s1089,spread,150,20,4,1,50,50,1089,147,64,147,1,0,2.95223,0.241962,2.21837,2.3821,2.44824,314,182,496,0,18360,6990,2531,483,483,13,0,60997,0,6,0.5,1,900,-8
main~main|R150|sp20|k4|tr1|ai0.5|spread|s1092,spread,150,20,4,1,50,50,1092,147,60,147,1,0,2.88438,0.255186,1.48465,2.43689,2.77046,308,190,498,0,18870,6642,2583,482,482,16,0,61147,0,6,0.5,1,900,-8
main~main|R150|sp20|k4|tr1|ai0.5|spread|s1095,spread,150,20,4,1,50,50,1095,147,63,147,1,0,3.00257,0.301909,2.27754,2.41625,2.84933,330,169,499,0,17625,7406,2656,488,488,11,0,61186,0,6,0.5,1,900,-8
main~main|R150|sp20|k4|tr1|ai0.5|spread|s1098,spread,150,20,4,1,50,50,1098,147,54,147,1,0,3.48073,1.05597,2.3426,2.57441,3.39914,359,229,588,0,22560,7958,3334,570,569,18,0,71893,0,6,0.5,1,900,-8
main~main|R150|sp20|k4|tr1|ai0.5|spread|s1101,spread,150,20,4,1,50,50,1101,147,60,147,1,0,2.93441,0.406566,1.61053,2.47644,2.90319,327,187,514,0,18930,7082,2704,504,504,10,0,63798,0,6,0.5,1,900,-8
main~main|R150|sp20|k4|tr1|ai0.5|spread|s1104,spread,150,20,4,1,50,50,1104,147,64,147,1,0,3.38923,0.418226,1.65913,2.09638,2.99249,330,191,521,0,19275,7146,2518,499,499,22,0,63190,0,6,0.5,1,900,-8
main~main|R150|sp20|k4|tr1|ai0.5|spread|s1107,spread,150,20,4,1,50,50,1107,147,61,147,1,0,4.07804,0.222238,2.37763,2.43464,2.54147,338,192,530,0,19470,7350,2725,515,515,15,0,65115,0,6,0.5,1,900,-8
main~main|R150|sp20|k4|tr1|ai0.5|spread|s1110,spread,150,20,4,1,50,50,1110,147,61,147,1,0,3.72947,1.05311,2.34563,2.38156,2.53425,333,176,509,0,18195,7424,2586,499,498,10,0,62819,0,6,0.5,1,900,-8
main~main|R150|sp20|k4|tr1|ai0.5|spread|s1113,spread,150,20,4,1,50,50,1113,147,68,147,1,0,2.47339,0.214752,1.46488,2.11542,2.30447,268,160,428,0,16020,5715,2211,415,415,13,0,52664,0,6,0.5,1,900,-8
main~main|R150|sp20|k4|tr1|ai0.5|spread|s1116,spread,150,20,4,1,50,50,1116,147,62,147,1,0,2.42017,0.229292,2.06211,2.3387,2.42017,307,207,514,0,20130,6710,2683,496,496,18,0,63023,0,6,0.5,1,900,-8
main~main|R150|sp20|k4|tr1|ai0.5|spread|s1119,spread,150,20,4,1,50,50,1119,147,64,147,1,0,3.43997,0.213476,1.42102,2.20099,2.9161,310,156,466,0,16350,7020,2185,452,452,14,0,56787,0,6,0.5,1,900,-8
main~main|R150|sp20|k8|tr1|ai0.5|spread|s1002,spread,150,20,8,1,50,50,1002,147,66,147,1,0,3.3447,1.05376,2.5457,2.76503,2.82972,404,342,746,0,31710,8771,4955,710,710,36,0,89934,0,6,0.5,1,900,-8
main~main|R150|sp20|k8|tr1|ai0.5|spread|s1005,spread,150,20,8,1,50,50,1005,147,66,147,1,0,3.75207,1.06733,2.52216,3.03519,3.74381,446,338,784,0,32040,9669,5072,757,757,27,0,95781,0,6,0.5,1,900,-8
main~main|R150|sp20|k8|tr1|ai0.5|spread|s1008,spread,150,20,8,1,50,50,1008,147,65,147,1,0,3.17412,1.08793,2.35184,2.59811,3.05157,381,261,642,0,25290,8303,4221,627,627,15,0,79018,0,6,0.5,1,900,-8
main~main|R150|sp20|k8|tr1|ai0.5|spread|s1011,spread,150,20,8,1,50,50,1011,147,65,147,1,0,2.97627,1.16969,2.54292,2.73887,2.96616,387,288,675,0,27405,8427,4294,658,658,17,0,83347,0,6,0.5,1,900,-8
main~main|R150|sp20|k8|tr1|ai0.5|spread|s1014,spread,150,20,8,1,50,50,1014,147,69,147,1,0,3.87944,0.684367,2.51833,2.76887,3.85514,425,342,767,0,32025,9063,4720,736,736,31,0,93673,0,6,0.5,1,900,-8
main~main|R150|sp20|k8|tr1|ai0.5|spread|s1017,spread,150,20,8,1,50,50,1017,147,69,147,1,0,3.68244,1.17902,2.61956,2.69084,3.67323,421,329,750,0,30990,9218,4914,733,733,17,0,92886,0,6,0.5,1,900,-8
main~main|R150|sp20|k8|tr1|ai0.5|spread|s1020,spread,150,20,8,1,50,50,1020,147,64,147,1,0,3.73652,1.2993,2.56718,2.62691,3.14379,412,278,690,0,27030,9061,4170,667,667,22,0,84151,0,6,0.5,1,900,-8
main~main|R150|sp20|k8|tr1|ai0.5|spread|s1023,spread,150,20,8,1,50,50,1023,147,66,147,1,0,4.08429,1.22445,2.52526,2.63053,3.52385,426,329,755,0,31065,9457,4827,737,737,18,0,93318,0,6,0.5,1,900,-8
main~main|R150|sp20|k8|tr1|ai0.5|spread|s1026,spread,150,20,8,1,50,50,1026,147,65,147,1,0,4.22921,1.22331,2.48269,2.59495,3.87196,425,320,745,0,30375,9199,4688,704,704,40,0,88897,0,6,0.5,1,900,-8
main~main|R150|sp20|k8|tr1|ai0.5|spread|s1029,spread,150,20,8,1,50,50,1029,147,67,147,1,0,3.68463,1.11945,2.45038,2.92977,3.26922,422,333,755,0,31305,9229,4925,732,732,23,0,92718,0,6,0.5,1,900,-8
main~main|R150|sp20|k8|tr1|ai0.5|spread|s1032,spread,150,20,8,1,50,50,1032,147,67,147,1,0,4.3359,1.28984,2.57304,2.76315,3.66095,488,366,854,0,34770,10691,5258,830,830,24,0,105231,0,6,0.5,1,900,-8
main~main|R150|sp20|k8|tr1|ai0.5|spread|s1035,spread,150,20,8,1,50,50,1035,147,65,147,1,0,3.48611,1.06567,2.51308,2.68445,3.45314,402,322,724,0,30180,8949,4627,696,695,26,0,88016,0,6,0.5,1,900,-8
main~main|R150|sp20|k8|tr1|ai0.5|spread|s1038,spread,150,20,8,1,50,50,1038,147,65,147,1,0,4.1306,1.02381,2.44887,2.69499,3.38307,411,324,735,0,30465,8844,4571,715,715,20,0,90975,0,6,0.5,1,900,-8
main~main|R150|sp20|k8|tr1|ai0.5|spread|s1041,spread,150,20,8,1,50,50,1041,147,67,147,1,0,3.91666,1.14663,2.43967,2.70229,3.50696,439,335,774,0,31710,9717,4543,743,743,31,0,94218,0,6,0.5,1,900,-8
main~main|R150|sp20|k8|tr1|ai0.5|spread|s1044,spread,150,20,8,1,50,50,1044,147,67,147,1,0,4.08738,1.15639,2.51958,2.7898,3.3912,448,356,804,0,33420,9497,4828,769,769,35,0,97949,0,6,0.5,1,900,-8
main~main|R150|sp20|k8|tr1|ai0.5|spread|s1047,spread,150,20,8,1,50,50,1047,147,69,147,1,0,3.62542,1.07865,2.47767,2.71055,3.32655,413,353,766,0,32670,8676,4716,733,733,33,0,93626,0,6,0.5,1,900,-8
main~main|R150|sp20|k8|tr1|ai0.5|spread|s1050,spread,150,20,8,1,50,50,1050,147,68,147,1,0,4.19039,1.22215,2.6011,2.95971,3.7212,432,380,812,0,34980,9259,5036,784,784,28,0,100169,0,6,0.5,1,900,-8
main~main|R150|sp20|k8|tr1|ai0.5|spread|s1053,spread,150,20,8,1,50,50,1053,147,69,147,1,0,3.78599,1.0966,2.65802,2.88805,3.2742,430,356,786,0,33150,9309,4970,764,764,22,0,97265,0,6,0.5,1,900,-8
main~main|R150|sp20|k8|tr1|ai0.5|spread|s1056,spread,150,20,8,1,50,50,1056,147,65,147,1,0,3.36059,1.20695,2.42622,2.68755,3.17546,411,327,738,0,30690,8872,4677,714,714,24,0,90695,0,6,0.5,1,900,-8
main~main|R150|sp20|k8|tr1|ai0.5|spread|s1059,spread,150,20,8,1,50,50,1059,147,64,147,1,0,3.88411,1.11868,2.31907,2.73941,3.17044,422,327,749,0,30855,9176,4720,722,722,27,0,91516,0,6,0.5,1,900,-8
main~main|R150|sp20|k8|tr1|ai0.5|spread|s1062,spread,150,20,8,1,50,50,1062,147,65,147,1,0,3.50607,1.10568,2.64486,2.88732,3.19611,450,326,776,0,31200,9631,5013,758,758,18,0,96024,0,6,0.5,1,900,-8
main~main|R150|sp20|k8|tr1|ai0.5|spread|s1065,spread,150,20,8,1,50,50,1065,147,66,147,1,0,3.6865,1.1046,2.41984,2.61527,3.17677,415,309,724,0,29400,8891,4596,699,699,25,0,88567,0,6,0.5,1,900,-8
main~main|R150|sp20|k8|tr1|ai0.5|spread|s1068,spread,150,20,8,1,50,50,1068,147,65,147,1,0,3.27762,1.22555,2.24464,2.57235,3.23464,412,301,713,0,28755,8901,4592,689,689,24,0,87101,0,6,0.5,1,900,-8
main~main|R150|sp20|k8|tr1|ai0.5|spread|s1071,spread,150,20,8,1,50,50,1071,147,65,147,1,0,4.316,1.25923,2.45559,2.70768,3.95766,459,359,818,0,33810,10150,5083,794,794,24,0,100691,0,6,0.5,1,900,-8
main~main|R150|sp20|k8|tr1|ai0.5|spread|s1074,spread,150,20,8,1,50,50,1074,147,68,147,1,0,4.29872,1.26828,2.56294,2.7649,4.03505,449,328,777,0,31335,9821,4766,757,757,20,0,95935,0,6,0.5,1,900,-8
main~main|R150|sp20|k8|tr1|ai0.5|spread|s1077,spread,150,20,8,1,50,50,1077,147,64,147,1,0,3.95731,1.16318,2.3535,2.48592,3.9527,434,264,698,0,26310,9351,4084,681,681,16,0,85991,0,6,0.5,1,900,-8
main~main|R150|sp20|k8|tr1|ai0.5|spread|s1080,spread,150,20,8,1,50,50,1080,147,65,147,1,0,4.27348,1.16201,2.55681,2.75908,2.88393,438,384,822,0,35370,9452,5144,784,784,38,0,99868,0,6,0.5,1,900,-8
main~main|R150|sp20|k8|tr1|ai0.5|spread|s1083,spread,150,20,8,1,50,50,1083,147,67,147,1,0,3.98465,1.24026,2.73812,2.75083,3.6414,449,327,776,0,31260,9717,4679,743,743,33,0,94082,0,6,0.5,1,900,-8
main~main|R150|sp20|k8|tr1|ai0.5|spread|s1086,spread,150,20,8,1,50,50,1086,147,65,147,1,0,3.8486,1.24641,2.72732,2.82024,3.61695,442,320,762,0,30630,9454,4388,741,741,21,0,94344,0,6,0.5,1,900,-8
main~main|R150|sp20|k8|tr1|ai0.5|spread|s1089,spread,150,20,8,1,50,50,1089,147,69,147,1,0,3.9384,1.14989,2.58496,2.91452,3.2575,445,366,811,0,34125,9669,4870,775,775,36,0,98611,0,6,0.5,1,900,-8
main~main|R150|sp20|k8|tr1|ai0.5|spread|s1092,spread,150,20,8,1,50,50,1092,147,64,147,1,0,3.10762,1.07438,2.54426,2.60238,3.02213,406,299,705,0,28515,8755,4429,687,687,18,0,87118,0,6,0.5,1,900,-8
main~main|R150|sp20|k8|tr1|ai0.5|spread|s1095,spread,150,20,8,1,50,50,1095,147,65,147,1,0,3.94256,1.17846,2.27435,2.71817,3.54309,421,274,695,0,26865,9261,4521,684,684,11,0,86082,0,6,0.5,1,900,-8
main~main|R150|sp20|k8|tr1|ai0.5|spread|s1098,spread,150,20,8,1,50,50,1098,147,62,147,1,0,3.4666,1.08596,2.61368,2.71233,3.4666,438,297,735,0,28845,9796,4342,708,708,27,0,89230,0,6,0.5,1,900,-8
main~main|R150|sp20|k8|tr1|ai0.5|spread|s1101,spread,150,20,8,1,50,50,1101,147,69,147,1,0,3.37891,1.08573,2.42965,2.60252,3.37891,421,315,736,0,29940,8890,4465,713,713,23,0,90743,0,6,0.5,1,900,-8
main~main|R150|sp20|k8|tr1|ai0.5|spread|s1104,spread,150,20,8,1,50,50,1104,147,65,147,1,0,3.81004,1.20952,2.53758,2.73081,3.6312,457,377,834,0,35130,9666,5240,804,804,30,0,102478,0,6,0.5,1,900,-8
main~main|R150|sp20|k8|tr1|ai0.5|spread|s1107,spread,150,20,8,1,50,50,1107,147,64,147,1,0,4.45832,1.2325,2.43436,2.61909,3.37766,451,322,773,0,30915,9830,4868,748,748,25,0,94510,0,6,0.5,1,900,-8
main~main|R150|sp20|k8|tr1|ai0.5|spread|s1110,spread,150,20,8,1,50,50,1110,147,63,147,1,0,3.43922,1.16209,2.44783,2.76322,3.43922,418,320,738,0,30270,8828,4912,722,722,16,0,91672,0,6,0.5,1,900,-8
main~main|R150|sp20|k8|tr1|ai0.5|spread|s1113,spread,150,20,8,1,50,50,1113,147,69,147,1,0,3.64362,1.1477,2.44635,2.53369,3.64362,421,320,741,0,30315,8920,4365,722,722,19,0,92127,0,6,0.5,1,900,-8
main~main|R150|sp20|k8|tr1|ai0.5|spread|s1116,spread,150,20,8,1,50,50,1116,147,67,147,1,0,3.49249,1.21163,2.44428,2.74496,3.28882,422,321,743,0,30405,9000,4473,707,706,29,0,89724,0,6,0.5,1,900,-8
main~main|R150|sp20|k8|tr1|ai0.5|spread|s1119,spread,150,20,8,1,50,50,1119,147,65,147,1,0,3.9543,1.1029,2.45691,2.60462,3.17271,411,326,737,0,30615,8907,4655,716,716,21,0,90974,0,6,0.5,1,900,-8
main~main|R150|sp20|k16|tr1|ai0.5|spread|s1002,spread,150,20,16,1,50,50,1002,147,67,147,1,0,4.68407,1.41729,3.17962,3.41577,4.02274,548,539,1087,0,49193,11757,8200,1054,1054,33,0,133927,0,6,0.5,1,900,-8
main~main|R150|sp20|k16|tr1|ai0.5|spread|s1005,spread,150,20,16,1,50,50,1005,147,67,147,1,0,4.44685,1.63262,3.01851,3.39664,4.38192,550,545,1095,0,49675,11615,8301,1057,1057,38,0,134406,0,6,0.5,1,900,-8
main~main|R150|sp20|k16|tr1|ai0.5|spread|s1008,spread,150,20,16,1,50,50,1008,147,65,147,1,0,4.82634,1.42615,2.81548,3.20902,3.86542,527,545,1072,0,49307,11072,8469,1037,1037,34,0,131861,0,6,0.5,1,900,-8
main~main|R150|sp20|k16|tr1|ai0.5|spread|s1011,spread,150,20,16,1,50,50,1011,147,67,147,1,0,4.16884,1.41086,3.16168,3.49279,4.16884,522,546,1068,0,49302,10886,8418,1036,1036,32,0,131952,0,6,0.5,1,900,-8
main~main|R150|sp20|k16|tr1|ai0.5|spread|s1014,spread,150,20,16,1,50,50,1014,147,69,147,1,0,4.48333,1.47207,2.95209,3.2412,4.41277,538,551,1089,0,49933,11397,8298,1051,1051,38,0,133751,0,6,0.5,1,900,-8
main~main|R150|sp20|k16|tr1|ai0.5|spread|s1017,spread,150,20,16,1,50,50,1017,147,69,147,1,0,5.22688,1.66525,3.21093,3.36798,3.70772,564,581,1145,0,52599,11605,8591,1102,1102,43,0,140696,0,6,0.5,1,900,-8
main~main|R150|sp20|k16|tr1|ai0.5|spread|s1020,spread,150,20,16,1,50,50,1020,147,65,147,1,0,4.35055,1.43522,2.93506,3.19622,4.04151,546,611,1157,0,54561,11293,8859,1117,1117,40,0,142930,0,6,0.5,1,900,-8
main~main|R150|sp20|k16|tr1|ai0.5|spread|s1023,spread,150,20,16,1,50,50,1023,147,67,147,1,0,4.30364,1.52297,3.00156,3.18276,3.70207,533,546,1079,0,49478,11582,8614,1045,1045,31,0,132374,0,6,0.5,1,900,-8
main~main|R150|sp20|k16|tr1|ai0.5|spread|s1026,spread,150,20,16,1,50,50,1026,147,65,147,1,0,5.06347,1.46786,3.03885,3.13165,4.01786,541,578,1119,0,52006,11556,8999,1093,1093,26,0,139023,0,6,0.5,1,900,-8
main~main|R150|sp20|k16|tr1|ai0.5|spread|s1029,spread,150,20,16,1,50,50,1029,147,67,147,1,0,4.7497,1.44882,2.91658,3.26994,3.93561,521,569,1090,0,51011,10735,8746,1055,1054,31,0,134524,0,6,0.5,1,900,-8
main~main|R150|sp20|k16|tr1|ai0.5|spread|s1032,spread,150,20,16,1,50,50,1032,147,67,147,1,0,4.17381,1.47535,2.96884,3.34971,4.17167,522,614,1136,0,54402,10892,8847,1092,1092,44,0,139693,0,6,0.5,1,900,-8
main~main|R150|sp20|k16|tr1|ai0.5|spread|s1035,spread,150,20,16,1,50,50,1035,147,65,147,1,0,4.31477,1.59868,2.88003,3.58523,4.30714,565,638,1203,0,56890,11967,8973,1156,1156,47,0,147836,0,6,0.5,1,900,-8
main~main|R150|sp20|k16|tr1|ai0.5|spread|s1038,spread,150,20,16,1,50,50,1038,147,65,147,1,0,4.3159,1.57354,3.20318,3.527,4.03043,558,617,1175,0,55203,11654,9010,1129,1129,46,0,144170,0,6,0.5,1,900,-8
main~main|R150|sp20|k16|tr1|ai0.5|spread|s1041,spread,150,20,16,1,50,50,1041,147,67,147,1,0,5.05107,1.72199,3.00308,3.52072,3.78035,577,612,1189,0,55132,11907,8772,1138,1136,50,0,145443,0,6,0.5,1,900,-8
main~main|R150|sp20|k16|tr1|ai0.5|spread|s1044,spread,150,20,16,1,50,50,1044,147,67,147,1,0,4.8285,1.58618,2.9911,3.62969,4.63151,562,613,1175,0,54967,11771,8735,1133,1133,42,0,144912,0,6,0.5,1,900,-8
main~main|R150|sp20|k16|tr1|ai0.5|spread|s1047,spread,150,20,16,1,50,50,1047,147,69,147,1,0,5.22829,1.47438,2.98485,3.2057,4.43924,534,538,1072,0,48894,11210,8011,1031,1031,41,0,131305,0,6,0.5,1,900,-8
main~main|R150|sp20|k16|tr1|ai0.5|spread|s1050,spread,150,20,16,1,50,50,1050,147,69,147,1,0,4.23167,1.61181,3.38259,3.74921,4.23167,562,594,1156,0,53542,11942,8632,1111,1111,44,0,141632,0,6,0.5,1,900,-8
main~main|R150|sp20|k16|tr1|ai0.5|spread|s1053,spread,150,20,16,1,50,50,1053,147,69,147,1,0,4.41683,1.56414,3.01586,3.54414,4.15341,532,543,1075,0,49237,11436,8045,1041,1041,34,0,132505,0,6,0.5,1,900,-8
main~main|R150|sp20|k16|tr1|ai0.5|spread|s1056,spread,150,20,16,1,50,50,1056,147,65,147,1,0,3.90988,1.56644,2.88235,3.08203,3.60708,536,579,1115,0,52001,11115,8160,1065,1065,50,0,136215,0,6,0.5,1,900,-8
main~main|R150|sp20|k16|tr1|ai0.5|spread|s1059,spread,150,20,16,1,50,50,1059,147,65,147,1,0,4.47104,1.56997,3.29668,3.70996,4.09581,562,556,1118,0,50692,11701,8656,1075,1075,43,0,136593,0,6,0.5,1,900,-8
main~main|R150|sp20|k16|tr1|ai0.5|spread|s1062,spread,150,20,16,1,50,50,1062,147,65,147,1,0,4.30734,1.53748,2.73618,3.13795,3.75661,548,630,1178,0,56018,11470,9035,1116,1116,62,0,142431,0,6,0.5,1,900,-8
main~main|R150|sp20|k16|tr1|ai0.5|spread|s1065,spread,150,20,16,1,50,50,1065,147,67,147,1,0,4.28171,1.63842,2.94755,3.377,4.07941,566,612,1178,0,54956,11902,8854,1141,1141,37,0,145830,0,6,0.5,1,900,-8
main~main|R150|sp20|k16|tr1|ai0.5|spread|s1068,spread,150,20,16,1,50,50,1068,147,65,147,1,0,4.5055,1.55255,3.22126,3.77639,3.95851,570,579,1149,0,52545,11648,8706,1100,1100,48,0,140246,0,6,0.5,1,900,-8
main~main|R150|sp20|k16|tr1|ai0.5|spread|s1071,spread,150,20,16,1,50,50,1071,147,65,147,1,0,4.18386,1.44954,3.02044,3.32315,4.11856,531,546,1077,0,49446,11162,8324,1044,1044,33,0,132938,0,6,0.5,1,900,-8
main~main|R150|sp20|k16|tr1|ai0.5|spread|s1074,spread,150,20,16,1,50,50,1074,147,69,147,1,0,4.9247,1.58622,3.21194,3.52734,4.05494,559,565,1124,0,51319,11609,8420,1081,1081,43,0,137797,0,6,0.5,1,900,-8
main~main|R150|sp20|k16|tr1|ai0.5|spread|s1077,spread,150,20,16,1,50,50,1077,147,65,147,1,0,4.27398,1.53219,3.02603,3.39471,3.87347,539,571,1110,0,51449,11322,8646,1077,1077,33,0,137274,0,6,0.5,1,900,-8
main~main|R150|sp20|k16|tr1|ai0.5|spread|s1080,spread,150,20,16,1,50,50,1080,147,65,147,1,0,4.16778,1.44653,2.89972,3.35838,4.05541,547,571,1118,0,51577,11280,8188,1075,1074,40,0,137455,0,6,0.5,1,900,-8
main~main|R150|sp20|k16|tr1|ai0.5|spread|s1083,spread,150,20,16,1,50,50,1083,147,67,147,1,0,4.01373,1.53644,3.05691,3.41546,4.01373,536,603,1139,0,53801,11237,8873,1092,1092,47,0,139322,0,6,0.5,1,900,-8
main~main|R150|sp20|k16|tr1|ai0.5|spread|s1086,spread,150,20,16,1,50,50,1086,147,65,147,1,0,4.27541,1.43568,3.39057,3.49616,4.27541,552,572,1124,0,51732,11513,8667,1086,1086,38,0,138376,0,6,0.5,1,900,-8
main~main|R150|sp20|k16|tr1|ai0.5|spread|s1089,spread,150,20,16,1,50,50,1089,147,69,147,1,0,4.08167,1.33032,2.92127,3.30839,3.80762,510,555,1065,0,49785,10635,8195,1029,1029,36,0,131404,0,6,0.5,1,900,-8
main~main|R150|sp20|k16|tr1|ai0.5|spread|s1092,spread,150,20,16,1,50,50,1092,147,65,147,1,0,4.6172,1.52228,3.14307,3.33408,4.60296,573,689,1262,0,60843,11661,9912,1193,1193,69,0,152605,0,6,0.5,1,900,-8
main~main|R150|sp20|k16|tr1|ai0.5|spread|s1095,spread,150,20,16,1,50,50,1095,147,65,147,1,0,4.47871,1.62211,3.17807,3.59595,4.47533,555,597,1152,0,53655,11542,8748,1114,1113,38,0,142319,0,6,0.5,1,900,-8
main~main|R150|sp20|k16|tr1|ai0.5|spread|s1098,spread,150,20,16,1,50,50,1098,147,63,147,1,0,4.3302,1.52857,2.95706,3.22583,4.20358,555,567,1122,0,51405,11282,7897,1076,1076,46,0,137917,0,6,0.5,1,900,-8
main~main|R150|sp20|k16|tr1|ai0.5|spread|s1101,spread,150,20,16,1,50,50,1101,147,69,147,1,0,4.88587,1.54284,3.12839,3.45206,3.92971,559,607,1166,0,54469,11835,8677,1122,1122,44,0,143300,0,6,0.5,1,900,-8
main~main|R150|sp20|k16|tr1|ai0.5|spread|s1104,spread,150,20,16,1,50,50,1104,147,65,147,1,0,4.1804,1.48493,3.10825,3.52657,3.96772,539,551,1090,0,49949,11189,8711,1053,1053,37,0,133838,0,6,0.5,1,900,-8
main~main|R150|sp20|k16|tr1|ai0.5|spread|s1107,spread,150,20,16,1,50,50,1107,147,65,147,1,0,3.67319,1.44485,2.97797,3.0289,3.6643,491,496,987,0,45056,10411,7588,967,967,20,0,123183,0,6,0.5,1,900,-8
main~main|R150|sp20|k16|tr1|ai0.5|spread|s1110,spread,150,20,16,1,50,50,1110,147,63,147,1,0,4.7395,1.62656,3.16348,3.33322,4.1649,547,576,1123,0,51952,11215,8477,1077,1077,44,0,137550,0,6,0.5,1,900,-8
main~main|R150|sp20|k16|tr1|ai0.5|spread|s1113,spread,150,20,16,1,50,50,1113,147,69,147,1,0,4.59682,1.31579,2.96383,3.10417,3.29341,505,539,1044,0,48505,10613,8254,1011,1011,33,0,128739,0,6,0.5,1,900,-8
main~main|R150|sp20|k16|tr1|ai0.5|spread|s1116,spread,150,20,16,1,50,50,1116,147,67,147,1,0,4.02606,1.4537,3.16505,3.36736,3.89421,541,579,1120,0,52081,11209,8867,1084,1084,36,0,138188,0,6,0.5,1,900,-8
main~main|R150|sp20|k16|tr1|ai0.5|spread|s1119,spread,150,20,16,1,50,50,1119,147,65,147,1,0,4.08393,1.50162,2.98294,3.46396,3.81866,511,528,1039,0,47776,11080,8325,1014,1014,25,0,128639,0,6,0.5,1,900,-8
main~main|R200|sp20|k4|tr1|ai0.5|spread|s1002,spread,200,20,4,1,50,50,1002,257,89,257,1,0,4.51137,1.07827,2.4805,3.41767,3.51833,710,333,1043,0,35625,17196,5129,1022,1022,21,0,239307,0,6,0.5,1,900,-8
main~main|R200|sp20|k4|tr1|ai0.5|spread|s1005,spread,200,20,4,1,50,50,1005,257,85,257,1,0,4.53166,1.20352,2.60837,3.30123,3.49024,709,282,991,0,31785,16969,4268,974,974,17,0,228107,0,6,0.5,1,900,-8
main~main|R200|sp20|k4|tr1|ai0.5|spread|s1008,spread,200,20,4,1,50,50,1008,257,80,257,1,0,5.53499,1.09077,2.72412,3.58144,4.22462,701,293,994,0,32490,16817,4828,978,978,16,0,228723,0,6,0.5,1,900,-8
main~main|R200|sp20|k4|tr1|ai0.5|spread|s1011,spread,200,20,4,1,50,50,1011,257,85,257,1,0,4.30363,1.06422,2.67037,3.38754,3.42227,696,308,1004,0,33540,16510,4825,981,981,19,0,229801,0,6,0.5,1,900,-8
main~main|R200|sp20|k4|tr1|ai0.5|spread|s1014,spread,200,20,4,1,50,50,1014,257,88,257,1,0,5.00822,1.14693,3.21268,3.3645,3.59097,717,341,1058,0,36330,17434,5275,1026,1026,32,0,239947,0,6,0.5,1,900,-8
main~main|R200|sp20|k4|tr1|ai0.5|spread|s1017,spread,200,20,4,1,50,50,1017,257,86,257,1,0,4.14141,1.18342,3.14492,3.35246,3.58385,693,316,1009,0,34095,16763,4739,983,983,26,0,230146,0,6,0.5,1,900,-8
main~main|R200|sp20|k4|tr1|ai0.5|spread|s1020,spread,200,20,4,1,50,50,1020,257,78,257,1,0,3.92174,1.09192,2.47012,3.32869,3.48908,659,324,983,0,34185,15903,5358,965,965,18,0,225779,0,6,0.5,1,900,-8
main~main|R200|sp20|k4|tr1|ai0.5|spread|s1023,spread,200,20,4,1,50,50,1023,257,87,257,1,0,4.41451,1.15082,3.20773,3.45619,3.51307,671,293,964,0,32040,16423,4529,947,947,17,0,221480,0,6,0.5,1,900,-8
main~main|R200|sp20|k4|tr1|ai0.5|spread|s1026,spread,200,20,4,1,50,50,1026,257,90,257,1,0,4.40117,1.07851,2.60809,3.28269,3.51926,663,276,939,0,30645,16098,4121,912,912,27,0,213253,0,6,0.5,1,900,-8
main~main|R200|sp20|k4|tr1|ai0.5|spread|s1029,spread,200,20,4,1,50,50,1029,257,81,257,1,0,4.64131,1.08402,2.44621,3.20797,3.48616,622,266,888,0,29280,15029,4346,873,873,15,0,204113,0,6,0.5,1,900,-8
main~main|R200|sp20|k4|tr1|ai0.5|spread|s1032,spread,200,20,4,1,50,50,1032,257,84,257,1,0,3.89708,1.11838,2.53518,3.35257,3.69007,654,314,968,0,33360,15853,4806,950,950,18,0,222541,0,6,0.5,1,900,-8
main~main|R200|sp20|k4|tr1|ai0.5|spread|s1035,spread,200,20,4,1,50,50,1035,257,85,257,1,0,4.24807,1.09364,2.39844,3.20699,3.88695,627,284,911,0,30705,15126,4533,889,888,19,0,207894,0,6,0.5,1,900,-8
main~main|R200|sp20|k4|tr1|ai0.5|spread|s1038,spread,200,20,4,1,50,50,1038,257,82,257,1,0,5.0038,1.17187,2.66222,3.32727,3.80279,700,307,1007,0,33525,17002,5061,988,988,19,0,230865,0,6,0.5,1,900,-8
main~main|R200|sp20|k4|tr1|ai0.5|spread|s1041,spread,200,20,4,1,50,50,1041,257,82,257,1,0,4.47932,1.12275,2.51083,3.2907,3.76963,642,324,966,0,33930,15227,4791,943,943,23,0,221390,0,6,0.5,1,900,-8
main~main|R200|sp20|k4|tr1|ai0.5|spread|s1044,spread,200,20,4,1,50,50,1044,257,86,257,1,0,4.29955,1.1248,2.57298,3.31816,3.84539,682,313,995,0,33705,16448,4770,964,964,30,0,225566,0,6,0.5,1,900,-8
main~main|R200|sp20|k4|tr1|ai0.5|spread|s1047,spread,200,20,4,1,50,50,1047,257,85,257,1,0,3.89977,1.11903,2.82769,3.25601,3.88972,663,305,968,0,32820,15872,4659,946,946,22,0,221645,0,6,0.5,1,900,-8
main~main|R200|sp20|k4|tr1|ai0.5|spread|s1050,spread,200,20,4,1,50,50,1050,257,87,257,1,0,4.82912,1.0422,2.50036,3.38362,4.09122,683,316,999,0,33945,16444,4984,975,975,24,0,228172,0,6,0.5,1,900,-8
main~main|R200|sp20|k4|tr1|ai0.5|spread|s1053,spread,200,20,4,1,50,50,1053,257,87,257,1,0,4.5229,1.06805,2.42571,3.47901,3.92543,699,321,1020,0,34560,16751,5006,993,993,27,0,232451,0,6,0.5,1,900,-8
main~main|R200|sp20|k4|tr1|ai0.5|spread|s1056,spread,200,20,4,1,50,50,1056,257,76,257,1,0,5.47369,1.08726,3.34426,3.49131,4.13021,671,308,979,0,33165,16046,4738,961,961,18,0,225232,0,6,0.5,1,900,-8
main~main|R200|sp20|k4|tr1|ai0.5|spread|s1059,spread,200,20,4,1,50,50,1059,257,84,257,1,0,3.63144,1.07517,2.61768,3.27044,3.55898,631,260,891,0,28965,15304,4351,872,871,19,0,203542,0,6,0.5,1,900,-8
main~main|R200|sp20|k4|tr1|ai0.5|spread|s1062,spread,200,20,4,1,50,50,1062,257,79,257,1,0,4.6594,1.22496,3.22893,3.4529,4.37261,724,338,1062,0,36210,17488,4945,1028,1028,34,0,240735,0,6,0.5,1,900,-8
main~main|R200|sp20|k4|tr1|ai0.5|spread|s1065,spread,200,20,4,1,50,50,1065,257,82,257,1,0,3.94298,1.14585,3.33679,3.38203,3.82346,682,288,970,0,31830,16703,4581,948,948,22,0,221404,0,6,0.5,1,900,-8
main~main|R200|sp20|k4|tr1|ai0.5|spread|s1068,spread,200,20,4,1,50,50,1068,257,81,257,1,0,3.92057,1.14763,2.44364,3.2933,3.68623,647,323,970,0,33930,15652,5031,952,952,18,0,223029,0,6,0.5,1,900,-8
main~main|R200|sp20|k4|tr1|ai0.5|spread|s1071,spread,200,20,4,1,50,50,1071,257,81,257,1,0,4.4297,1.08814,2.5968,3.32954,3.99129,637,299,936,0,31980,15551,4634,910,910,26,0,212775,0,6,0.5,1,900,-8
main~main|R200|sp20|k4|tr1|ai0.5|spread|s1074,spread,200,20,4,1,50,50,1074,257,85,257,1,0,5.03993,1.08981,2.55481,3.43689,4.37273,662,304,966,0,32730,15915,4451,943,943,23,0,221042,0,6,0.5,1,900,-8
main~main|R200|sp20|k4|tr1|ai0.5|spread|s1077,spread,200,20,4,1,50,50,1077,257,77,257,1,0,5.04814,1.21845,3.14792,3.38526,5.03047,791,307,1098,0,34890,19298,4867,1080,1080,18,0,252315,0,6,0.5,1,900,-8
main~main|R200|sp20|k4|tr1|ai0.5|spread|s1080,spread,200,20,4,1,50,50,1080,257,85,257,1,0,4.63176,1.1589,3.15941,3.25985,3.56175,714,324,1038,0,35010,17053,4847,1015,1015,23,0,237940,0,6,0.5,1,900,-8
main~main|R200|sp20|k4|tr1|ai0.5|spread|s1083,spread,200,20,4,1,50,50,1083,257,83,257,1,0,4.80718,1.12311,3.25688,3.35127,4.61703,713,289,1002,0,32370,17437,4675,993,993,9,0,232096,0,6,0.5,1,900,-8
main~main|R200|sp20|k4|tr1|ai0.5|spread|s1086,spread,200,20,4,1,50,50,1086,257,87,257,1,0,3.81406,1.22501,2.52592,3.3668,3.78737,714,344,1058,0,36510,17153,5023,1025,1025,33,0,240224,0,6,0.5,1,900,-8
main~main|R200|sp20|k4|tr1|ai0.5|spread|s1089,spread,200,20,4,1,50,50,1089,257,84,257,1,0,4.73795,1.11015,2.47666,3.2517,3.60881,654,316,970,0,33510,15724,4656,944,943,25,0,221248,0,6,0.5,1,900,-8
