order,q,r,frontier
0,0,0,0
1,-1,1,0
2,1,-1,0
3,-1,0,0
4,1,0,0
5,0,-1,0
6,0,1,0
7,-2,2,0
8,2,-2,0
9,-2,1,0
10,2,-1,0
11,-1,2,0
12,1,-2,0
13,-3,2,0
14,3,-2,0
15,-2,3,0
16,2,-3,0
17,-3,3,0
18,3,-3,0
19,-1,-1,0
20,1,1,0
21,-2,0,0
22,2,0,0
23,0,-2,0
24,0,2,0
25,-3,1,0
26,3,-1,0
27,-1,3,0
28,1,-3,0
29,-4,3,0
30,4,-3,0
31,-3,4,0
32,3,-4,0
33,-4,4,0
34,4,-4,0
35,-4,2,0
36,4,-2,0
37,-2,4,0
38,2,-4,0
39,-5,4,0
40,5,-4,0
41,-2,-1,0
42,2,1,0
43,-4,5,0
44,4,-5,0
45,-1,-2,0
46,1,2,0
47,-3,0,0
48,3,0,0
49,-5,5,0
50,5,-5,0
51,0,-3,0
52,0,3,0
53,-5,3,0
54,5,-3,0
55,-3,5,0
56,3,-5,0
57,-4,1,0
58,4,-1,0
59,-1,4,0
