qA,rA,qB,rB,gwA,gwB,metres,bridge
-7,6,-7,7,1037,1086,33.79,0
-7,6,-6,5,4016,6234,27.01,0
-7,6,-6,6,5702,6884,42.22,0
-7,7,-7,8,3578,4680,35.70,0
-7,7,-6,6,2272,2454,34.19,0
-7,7,-6,7,1307,3438,39.65,0
-7,8,-6,7,4680,5906,30.37,0
-7,8,-6,8,2784,1357,22.07,0
-6,2,-6,3,2726,3410,47.63,0
-6,2,-5,1,4231,2361,38.76,0
-6,2,-5,2,1606,1438,37.25,0
-6,3,-6,4,268,1663,49.55,0
-6,3,-5,2,2225,5716,25.22,0
-6,3,-5,3,406,2278,33.28,0
-6,4,-6,5,1865,5418,38.25,0
-6,4,-5,3,2940,4732,41.24,0
-6,4,-5,4,2491,3420,32.15,0
-6,5,-6,6,2645,546,45.14,0
-6,5,-5,4,951,1457,44.55,0
-6,5,-5,5,1892,6925,29.53,0
-6,6,-6,7,1737,6800,36.03,0
-6,6,-5,5,3399,2777,47.07,0
-6,6,-5,6,1943,452,32.69,0
-6,7,-6,8,2446,1046,32.62,0
-6,7,-5,6,4394,4098,38.01,0
-6,7,-5,7,6349,2107,27.34,0
-6,8,-5,7,4458,6128,49.42,0
-6,8,-5,8,2227,4847,30.29,0
-5,-2,-5,-1,3942,241,38.54,0
-5,-2,-4,-3,3552,5668,42.53,0
-5,-2,-4,-2,7078,3561,34.35,0
-5,-1,-5,0,2430,3268,41.52,0
-5,-1,-4,-2,6398,2510,48.51,0
-5,-1,-4,-1,3246,4490,23.71,0
-5,0,-5,1,304,825,49.80,0
-5,0,-4,-1,3797,4740,41.56,0
-5,0,-4,0,5358,6450,27.53,0
-5,1,-5,2,2240,6494,42.43,0
-5,1,-4,0,2578,6829,16.95,0
-5,1,-4,1,2845,1624,48.66,0
-5,2,-5,3,5716,6589,46.74,0
-5,2,-4,1,4300,6036,27.48,0
-5,2,-4,2,1864,5626,43.53,0
-5,3,-5,4,1162,6790,23.52,0
-5,3,-4,2,1853,5243,18.01,0
-5,3,-4,3,6688,5390,25.46,0
-5,4,-5,5,2576,4909,35.61,0
-5,4,-4,3,6499,5390,49.90,0
-5,4,-4,4,4471,6138,30.14,0
-5,5,-5,6,3140,4348,21.30,0
-5,5,-4,4,4909,3969,47.23,0
-5,5,-4,5,6215,5372,42.62,0
-5,6,-5,7,2712,2113,28.72,0
-5,6,-4,5,1852,460,16.81,0
-5,6,-4,6,498,2770,35.02,0
-5,7,-5,8,2239,162,47.03,0
-5,7,-4,6,6376,5570,42.44,0
-5,7,-4,7,4023,1766,17.94,0
-5,8,-5,9,5616,3456,41.10,0
-5,8,-4,7,2832,932,37.14,0
-5,8,-4,8,2832,493,26.85,0
-5,9,-4,8,1664,6961,48.04,0
-4,-3,-4,-2,3626,1453,41.91,0
-4,-3,-3,-3,5725,2486,28.21,0
-4,-2,-4,-1,1272,6097,24.33,0
-4,-2,-3,-3,3275,6374,42.67,0
-4,-2,-3,-2,5945,5025,32.31,0
-4,-1,-4,0,3151,1095,35.81,0
-4,-1,-3,-2,2572,6770,34.37,0
-4,-1,-3,-1,3232,3516,39.66,0
-4,0,-4,1,6393,3633,21.39,0
-4,0,-3,-1,3960,6331,32.99,0
-4,0,-3,0,2833,1777,42.82,0
-4,1,-4,2,4944,1569,36.22,0
-4,1,-3,0,2145,232,38.42,0
-4,1,-3,1,5216,1909,46.48,0
-4,2,-4,3,1604,725,32.88,0
-4,2,-3,1,6351,3336,45.23,0
-4,2,-3,2,3595,877,27.50,0
-4,3,-4,4,723,5344,26.48,0
-4,3,-3,2,5540,4502,20.16,0
-4,3,-3,3,4795,334,23.64,0
-4,4,-4,5,4633,3949,35.00,0
-4,4,-3,3,2763,998,30.21,0
-4,4,-3,4,945,289,25.79,0
-4,5,-4,6,5247,5578,33.99,0
-4,5,-3,4,473,72,49.17,0
-4,5,-3,5,182,4966,22.42,0
-4,6,-4,7,213,4455,39.13,0
-4,6,-3,5,1384,3114,29.19,0
-4,6,-3,6,6826,4214,25.04,0
-4,7,-4,8,6359,2313,14.78,0
-4,7,-3,6,5002,792,30.54,0
-4,7,-3,7,2722,3461,21.59,0
-4,8,-3,7,354,580,43.76,0
-3,-3,-3,-2,112,446,39.17,0
-3,-3,-2,-3,4313,5955,32.34,0
-3,-2,-3,-1,3425,4508,23.36,0
-3,-2,-2,-3,5348,3039,34.33,0
-3,-2,-2,-2,1672,4292,32.15,0
-3,-1,-3,0,143,169,37.26,0
-3,-1,-2,-2,6396,6224,26.58,0
-3,-1,-2,-1,6054,3776,46.96,0
-3,0,-3,1,1374,5792,13.49,0
-3,0,-2,-1,1565,3198,39.59,0
-3,0,-2,0,3371,1288,31.02,0
-3,1,-3,2,5999,2155,33.63,0
-3,1,-2,0,5498,4777,35.80,0
-3,1,-2,1,2577,5778,49.68,0
-3,2,-3,3,831,6392,49.96,0
-3,2,-2,1,2875,5778,42.40,0
-3,2,-2,2,136,5759,32.38,0
-3,3,-3,4,998,4677,46.39,0
-3,3,-2,2,5340,16,46.72,0
-3,3,-2,3,4494,2889,28.12,0
-3,4,-3,5,3250,2296,35.58,0
-3,4,-2,3,2286,3112,45.50,0
-3,4,-2,4,2750,1113,27.10,0
-3,5,-3,6,2731,2883,9.33,0
-3,5,-2,4,4627,4484,19.06,0
-3,5,-2,5,2731,23,45.31,0
-3,6,-3,7,3053,1946,43.18,0
-3,6,-2,5,4421,1030,43.06,0
-3,6,-2,6,2054,1085,30.71,0
-3,7,-2,6,1711,731,25.11,0
-3,7,-2,7,248,1658,42.14,0
-2,-3,-2,-2,3932,5914,18.24,0
-2,-3,-1,-4,6092,4008,22.14,0
-2,-3,-1,-3,3932,7013,23.08,0
-2,-2,-2,-1,319,2955,29.03,0
-2,-2,-1,-3,1587,878,45.97,0
-2,-2,-1,-2,856,6953,31.17,0
-2,-1,-2,0,4921,4889,36.51,0
-2,-1,-1,-2,2271,6953,15.29,0
-2,-1,-1,-1,3632,4049,22.41,0
-2,0,-2,1,1476,6136,48.11,0
-2,0,-1,-1,4910,6044,29.32,0
-2,0,-1,0,3628,1911,33.91,0
-2,1,-2,2,1774,4593,22.07,0
-2,1,-1,0,5791,6805,28.19,0
-2,1,-1,1,4197,1485,23.92,0
-2,2,-2,3,2589,3099,47.73,0
-2,2,-1,1,6541,2178,13.59,0
-2,2,-1,2,2891,2357,45.45,0
-2,3,-2,4,5433,6789,31.62,0
-2,3,-1,2,2203,4733,49.35,0
-2,3,-1,3,4530,1406,33.67,0
-2,4,-2,5,4245,3971,15.30,0
-2,4,-1,3,3294,1270,40.28,0
-2,4,-1,4,2023,1470,34.68,0
-2,5,-2,6,6687,628,33.66,0
-2,5,-1,4,1256,866,25.55,0
-2,5,-1,5,6687,1403,35.10,0
-2,6,-2,7,2295,6019,49.23,0
-2,6,-1,5,6145,5515,47.69,0
-2,6,-1,6,5152,5938,44.35,0
-2,7,-1,6,5238,2322,49.50,0
-1,-4,-1,-3,1361,2158,45.40,0
-1,-4,0,-4,4723,2085,49.15,0
-1,-3,-1,-2,4686,6806,45.87,0
-1,-3,0,-4,5883,3323,27.78,0
-1,-3,0,-3,202,5244,46.80,0
-1,-2,-1,-1,1695,3828,47.62,0
-1,-2,0,-3,5369,1826,26.39,0
-1,-2,0,-2,2509,5561,27.98,0
-1,-1,-1,0,3278,5424,22.47,0
-1,-1,0,-2,3064,6611,32.15,0
-1,-1,0,-1,479,3930,23.40,0
-1,0,-1,1,1101,5019,31.94,0
-1,0,0,-1,4912,6064,22.83,0
-1,0,0,0,557,1207,24.47,0
-1,1,-1,2,2178,5230,45.95,0
-1,1,0,0,4984,3663,18.96,0
-1,1,0,1,5454,6765,21.53,0
-1,2,-1,3,3654,3669,30.78,0
-1,2,0,1,3216,4860,47.51,0
-1,2,0,2,6029,348,49.13,0
-1,3,-1,4,4710,3401,28.28,0
-1,3,0,2,3669,5447,22.78,0
-1,3,0,3,3372,1952,33.02,0
-1,4,-1,5,6867,2762,30.17,0
-1,4,0,3,6495,6412,41.40,0
-1,4,0,4,2793,1236,49.81,0
-1,5,-1,6,4576,6927,43.32,0
-1,5,0,4,4442,6160,44.61,0
-1,5,0,5,3780,5053,27.43,0
-1,6,0,5,2303,4544,23.41,0
-1,6,0,6,1509,4635,11.93,0
0,-4,0,-3,5913,2967,48.21,0
0,-4,1,-5,3388,6129,12.98,0
0,-4,1,-4,3658,985,35.37,0
0,-3,0,-2,476,6281,49.52,0
0,-3,1,-4,1179,3767,41.64,0
0,-3,1,-3,686,420,34.26,0
0,-2,0,-1,6015,935,30.09,0
0,-2,1,-3,6748,4640,49.00,0
0,-2,1,-2,6015,1940,40.05,0
0,-1,0,0,4414,3965,24.76,0
0,-1,1,-2,5908,157,24.96,0
0,-1,1,-1,2851,1632,44.56,0
0,0,0,1,6288,6956,36.06,0
0,0,1,-1,5048,6651,23.59,0
0,0,1,0,850,4473,40.45,0
0,1,0,2,4860,435,36.95,0
0,1,1,0,472,4473,25.48,0
0,1,1,1,2071,4085,30.43,0
0,2,0,3,4340,6432,38.48,0
0,2,1,1,5882,669,38.18,0
0,2,1,2,4423,5996,35.60,0
0,3,0,4,1789,6302,46.31,0
0,3,1,2,6003,3724,28.00,0
0,3,1,3,544,6964,39.38,0
0,4,0,5,4267,538,22.42,0
0,4,1,3,670,2743,34.10,0
0,4,1,4,3893,3038,29.02,0
0,5,0,6,2803,976,43.84,0
0,5,1,4,2792,3317,36.04,0
0,5,1,5,2803,3034,42.59,0
0,6,1,5,3491,489,34.83,0
1,-5,1,-4,3258,7055,30.26,0
1,-5,2,-5,1088,2168,28.52,0
1,-4,1,-3,6573,5215,37.91,0
1,-4,2,-5,3395,1589,38.30,0
1,-4,2,-4,4751,2968,41.64,0
1,-3,1,-2,1713,1421,30.71,0
1,-3,2,-4,5612,315,31.80,0
1,-3,2,-3,5641,6620,37.90,0
1,-2,1,-1,1132,3271,34.80,0
1,-2,2,-3,3357,2969,30.60,0
1,-2,2,-2,1132,3223,27.28,0
1,-1,1,0,6651,5942,39.49,0
1,-1,2,-2,296,873,18.31,0
1,-1,2,-1,3543,6260,28.68,0
1,0,1,1,2298,1833,42.51,0
1,0,2,-1,5748,30,31.78,0
1,0,2,0,5559,1643,36.48,0
1,1,1,2,6065,5395,39.36,0
1,1,2,0,3172,3316,5.39,0
1,1,2,1,6065,5368,38.66,0
1,2,1,3,1926,6964,39.29,0
1,2,2,1,4302,3373,48.02,0
1,2,2,2,1656,3308,38.09,0
1,3,1,4,2224,4195,34.34,0
1,3,2,2,5776,5743,41.49,0
1,3,2,3,4535,2687,8.77,0
1,4,1,5,5659,3584,24.69,0
1,4,2,3,5403,5670,26.43,0
1,4,2,4,7026,7021,35.32,0
1,5,2,4,4560,846,38.58,0
1,5,2,5,4560,5768,45.62,0
2,-5,2,-4,3327,2342,21.06,0
2,-5,3,-6,3397,10,33.49,0
2,-5,3,-5,3327,4965,17.23,0
2,-4,2,-3,4816,3084,47.34,0
2,-4,3,-5,2965,2265,21.76,0
2,-4,3,-4,4375,1694,26.00,0
2,-3,2,-2,3830,3118,18.30,0
2,-3,3,-4,5387,5279,41.61,0
2,-3,3,-3,5381,193,44.94,0
2,-2,2,-1,511,1052,35.10,0
2,-2,3,-3,3118,868,26.03,0
2,-2,3,-2,1760,2451,41.63,0
2,-1,2,0,5858,6453,23.80,0
2,-1,3,-2,6591,6802,45.11,0
2,-1,3,-1,459,3697,27.65,0
2,0,2,1,1692,1400,42.52,0
2,0,3,-1,5497,4004,22.73,0
2,0,3,0,1206,2516,39.74,0
2,1,2,2,1807,3808,33.97,0
2,1,3,0,3058,3937,46.52,0
2,1,3,1,3128,769,47.51,0
2,2,2,3,4778,1364,37.17,0
2,2,3,1,3542,3727,29.46,0
2,3,2,4,3827,531,27.16,0
2,4,2,5,6976,3906,32.37,0
3,-6,3,-5,1802,2312,30.55,0
3,-5,3,-4,5049,6071,33.29,0
3,-4,3,-3,5775,6580,31.76,0
3,-3,3,-2,2407,1223,28.72,0
3,-3,4,-3,6231,1044,39.79,0
3,-2,3,-1,6802,623,36.59,0
3,-2,4,-3,780,3750,34.70,0
3,-1,3,0,4027,3720,42.24,0
3,0,3,1,3937,1616,27.30,0
