a,b,metres,gateway
303,944,54.93,0
339,345,66.62,0
515,1086,57.03,0
426,847,59.44,0
743,929,60.02,0
515,743,75.82,0
704,852,56.90,0
776,852,102.25,0
629,1071,55.39,0
210,974,56.42,0
274,966,61.96,0
752,949,59.11,0
934,949,70.79,0
226,406,76.42,0
491,1008,58.53,0
541,1008,78.99,0
148,399,96.41,0
401,761,51.98,0
401,951,84.63,0
468,1128,57.44,0
35,116,57.59,0
546,884,68.95,0
109,624,80.14,0
27,308,50.75,0
894,1046,52.41,0
27,377,61.52,0
308,894,63.10,0
324,1007,64.86,0
54,503,69.75,0
394,923,50.17,0
304,393,51.95,0
396,745,55.85,0
384,1079,51.46,0
876,1026,61.79,0
825,1026,62.39,0
1026,1079,80.20,0
560,1083,56.84,0
1083,1131,88.92,0
47,837,76.18,0
5,47,115.16,0
717,1100,50.64,0
717,916,56.28,0
667,889,52.51,0
477,904,50.33,0
478,904,59.00,0
417,803,65.39,0
791,972,61.36,0
791,1040,64.05,0
787,1040,64.85,0
179,636,50.42,0
71,179,62.94,0
207,820,67.47,0
563,767,69.83,0
15,439,79.83,0
589,1087,52.23,0
90,302,59.99,0
302,589,69.79,0
602,864,54.32,0
602,1023,55.36,0
668,864,63.96,0
42,864,68.05,0
545,753,57.54,0
600,680,70.10,0
654,663,54.72,0
444,524,62.34,0
504,1063,67.37,0
450,1022,118.25,0
989,1116,50.96,0
573,941,58.13,0
941,989,59.54,0
247,264,52.34,0
783,1107,56.60,0
422,562,55.84,0
562,642,58.00,0
505,757,57.25,0
36,180,58.63,0
199,581,53.97,0
343,380,56.23,0
199,645,57.36,0
151,558,74.38,0
558,999,75.99,0
499,984,54.95,0
129,984,60.67,0
508,772,53.74,0
143,508,83.07,0
115,772,90.61,0
232,1091,72.36,0
169,1091,77.65,0
273,871,52.47,0
58,831,53.20,0
765,877,64.30,0
660,877,76.59,0
290,998,53.56,0
113,983,58.03,0
309,811,65.40,0
291,921,53.70,0
50,1060,55.21,0
625,1108,65.62,0
364,522,83.99,0
364,625,85.20,0
224,969,55.84,0
535,969,74.19,0
535,792,93.84,0
434,530,61.88,0
1029,1061,52.37,0
836,1055,66.93,0
747,1080,57.62,0
8,582,98.01,0
99,950,67.27,0
402,950,86.66,0
168,382,50.90,0
653,1059,58.93,0
250,382,65.65,0
16,587,50.78,0
2,592,53.80,0
205,733,56.59,0
342,764,64.16,0
301,733,69.00,0
664,1130,61.90,0
1021,1130,63.98,0
1031,1113,55.03,0
11,1057,56.11,0
527,552,66.08,0
405,578,52.64,0
23,108,63.74,0
350,908,51.27,0
176,893,60.42,0
145,523,60.63,0
407,1012,65.20,0
145,1012,71.87,0
145,1127,84.92,0
729,763,53.89,0
590,1045,62.21,0
590,755,77.11,0
542,869,58.61,0
307,622,50.10,0
39,425,53.33,0
64,337,54.51,0
337,425,56.12,0
67,832,52.86,0
378,812,54.74,0
195,832,57.80,0
618,829,65.77,0
638,674,53.13,0
175,395,59.07,0
395,795,80.36,0
25,909,53.57,0
62,1067,64.86,0
360,1075,67.17,0
340,1013,76.17,0
171,574,51.23,0
171,672,53.86,0
170,171,66.41,0
26,173,53.98,0
476,686,69.77,0
441,497,50.66,0
497,935,74.32,0
281,517,60.70,0
4,387,54.24,0
472,1006,65.61,0
34,255,53.99,0
715,986,60.86,0
544,715,76.12,0
644,715,79.21,0
146,292,59.38,0
328,516,61.25,0
93,1090,50.29,0
724,946,51.54,0
410,617,54.41,0
617,640,69.49,0
121,277,51.59,0
121,607,51.93,0
420,975,54.70,0
130,630,75.87,0
157,1032,51.05,0
842,1132,58.72,0
502,842,67.53,0
734,805,62.34,0
310,805,64.94,0
296,344,65.29,0
86,862,58.20,0
862,924,58.83,0
797,979,52.04,0
181,955,56.33,0
181,194,60.37,0
194,693,72.07,0
648,1002,51.46,0
52,727,69.29,0
429,1011,56.84,0
1081,1112,75.44,0
105,838,78.27,0
591,838,81.72,0
591,995,117.30,0
646,901,54.17,0
217,993,71.86,0
48,158,72.00,0
138,905,56.51,0
138,751,57.37,0
138,511,60.42,0
236,332,50.56,0
236,453,50.89,0
187,1052,52.05,0
282,534,51.29,0
282,525,75.89,0
579,1036,63.31,0
549,1036,67.99,0
596,1036,79.89,0
327,449,54.81,0
449,1084,60.38,0
43,824,66.03,0
276,1084,68.74,0
265,409,62.49,0
265,341,62.71,0
409,750,70.45,0
237,341,114.10,0
922,1093,56.99,0
80,1042,62.07,0
80,922,74.03,0
846,1042,115.05,0
738,940,58.01,0
738,833,63.17,0
400,1028,74.52,0
320,1115,50.51,0
91,154,71.83,0
496,543,55.35,0
358,881,65.31,0
126,887,50.84,0
415,826,51.65,0
780,887,87.75,0
278,529,52.39,0
623,1105,55.72,0
447,925,67.26,0
678,696,62.86,0
85,678,77.80,0
390,1077,90.17,0
89,1049,51.53,0
1049,1065,53.55,0
57,96,62.46,0
106,665,57.11,0
106,691,65.42,0
1033,1044,77.12,0
919,768,95.83,1
936,716,69.83,1
929,852,83.32,1
426,109,50.01,1
1076,1046,57.55,1
796,514,57.22,1
840,912,90.45,1
406,541,64.94,1
226,560,66.51,1
810,433,54.94,1
495,452,61.39,1
697,302,95.84,1
890,977,77.89,1
77,680,56.76,1
46,524,85.55,1
46,49,52.51,1
1083,191,61.34,1
1131,700,86.49,1
5,436,76.26,1
161,433,69.63,1
413,723,78.99,1
235,606,58.98,1
861,155,134.47,1
204,575,65.46,1
439,892,62.94,1
1070,999,75.36,1
285,602,69.35,1
42,882,55.39,1
1023,454,75.90,1
600,115,66.62,1
888,115,60.41,1
1004,694,83.68,1
298,504,88.17,1
362,871,51.67,1
723,464,50.34,1
573,660,67.97,1
182,1108,53.18,1
314,757,68.37,1
994,1041,76.58,1
581,956,83.18,1
899,747,93.64,1
899,772,83.94,1
129,351,83.44,1
143,269,58.04,1
1,641,80.92,1
988,432,102.97,1
871,778,54.00,1
937,12,71.53,1
38,16,63.67,1
1060,94,79.48,1
522,108,75.34,1
522,1051,81.18,1
792,102,66.43,1
248,523,52.26,1
1061,755,52.84,1
351,643,128.72,1
1029,437,51.02,1
856,8,60.21,1
582,637,66.68,1
253,641,63.37,1
132,869,52.66,1
44,261,51.44,1
99,189,88.53,1
2,64,69.43,1
552,962,53.85,1
552,266,55.91,1
729,520,65.31,1
437,755,54.14,1
202,476,135.80,1
284,28,59.41,1
590,520,60.10,1
490,973,79.30,1
190,330,86.86,1
490,476,106.86,1
479,615,51.36,1
196,403,58.19,1
3,451,92.25,1
1101,425,58.98,1
709,387,90.41,1
67,435,69.88,1
812,674,85.09,1
67,387,96.04,1
818,644,59.30,1
818,795,84.54,1
1018,13,60.44,1
175,292,68.16,1
175,440,55.39,1
795,644,57.15,1
550,870,83.87,1
683,93,99.30,1
683,516,100.15,1
55,26,124.57,1
22,640,72.42,1
476,973,50.95,1
676,610,80.23,1
676,935,88.61,1
233,1126,67.38,1
1010,517,62.61,1
935,1032,50.24,1
4,76,113.22,1
252,34,52.11,1
986,1112,72.59,1
34,56,80.35,1
119,706,83.92,1
120,128,83.70,1
328,976,91.76,1
1119,591,55.13,1
1119,822,55.13,1
0,975,100.76,1
734,1015,68.99,1
965,824,65.09,1
272,549,59.85,1
1081,122,76.46,1
872,1042,65.38,1
564,128,63.49,1
872,188,109.95,1
661,317,84.64,1
838,1064,51.11,1
995,445,69.20,1
901,543,58.15,1
740,569,99.59,1
217,500,108.31,1
511,597,62.01,1
905,897,100.05,1
78,678,60.18,1
705,482,67.55,1
534,124,79.64,1
596,952,66.90,1
596,678,78.99,1
188,1042,58.57,1
846,512,65.95,1
185,154,62.70,1
537,887,102.02,1
447,696,112.33,1
