q,r,cx,cy,selected,order,hole,filled
-9,6,-1039.230,900.000,0,-1,0,0
-9,7,-952.628,1050.000,0,-1,0,0
-9,8,-866.025,1200.000,0,-1,0,0
-9,9,-779.423,1350.000,0,-1,0,0
-9,10,-692.820,1500.000,0,-1,0,0
-8,2,-1212.436,300.000,0,-1,0,0
-8,3,-1125.833,450.000,0,-1,0,0
-8,4,-1039.230,600.000,0,-1,0,0
-8,5,-952.628,750.000,0,-1,0,0
-8,6,-866.025,900.000,0,-1,0,0
-8,7,-779.423,1050.000,0,-1,0,0
-8,8,-692.820,1200.000,0,-1,0,0
-8,9,-606.218,1350.000,0,-1,0,0
-8,10,-519.615,1500.000,0,-1,0,0
-7,-2,-1385.641,-300.000,0,-1,0,0
-7,-1,-1299.038,-150.000,0,-1,0,0
-7,0,-1212.436,0.000,0,-1,0,0
-7,1,-1125.833,150.000,0,-1,0,0
-7,2,-1039.230,300.000,0,-1,0,0
-7,3,-952.628,450.000,0,-1,0,0
-7,4,-866.025,600.000,0,-1,0,0
-7,5,-779.423,750.000,0,-1,0,0
-7,6,-692.820,900.000,1,54,0,0
-7,7,-606.218,1050.000,1,71,0,1
-7,8,-519.615,1200.000,1,55,0,0
-7,9,-433.013,1350.000,0,-1,0,0
-7,10,-346.410,1500.000,0,-1,0,0
-7,11,-259.808,1650.000,0,-1,0,0
-6,-3,-1299.038,-450.000,0,-1,0,0
-6,-2,-1212.436,-300.000,0,-1,0,0
-6,-1,-1125.833,-150.000,0,-1,0,0
-6,0,-1039.230,0.000,0,-1,0,0
-6,1,-952.628,150.000,0,-1,0,0
-6,2,-866.025,300.000,1,108,0,1
-6,3,-779.423,450.000,1,107,0,1
-6,4,-692.820,600.000,1,86,0,1
-6,5,-606.218,750.000,1,76,0,1
-6,6,-519.615,900.000,1,34,0,0
-6,7,-433.013,1050.000,1,47,0,0
-6,8,-346.410,1200.000,1,66,0,1
-6,9,-259.808,1350.000,0,-1,0,0
-6,10,-173.205,1500.000,0,-1,0,0
-6,11,-86.603,1650.000,0,-1,0,0
-5,-4,-1212.436,-600.000,0,-1,0,0
-5,-3,-1125.833,-450.000,0,-1,0,0
-5,-2,-1039.230,-300.000,1,53,0,0
-5,-1,-952.628,-150.000,1,97,0,1
-5,0,-866.025,0.000,1,101,0,1
-5,1,-779.423,150.000,1,104,0,1
-5,2,-692.820,300.000,1,105,0,1
-5,3,-606.218,450.000,1,56,0,0
-5,4,-519.615,600.000,1,75,0,1
-5,5,-433.013,750.000,1,22,0,0
-5,6,-346.410,900.000,1,31,0,0
-5,7,-259.808,1050.000,1,33,0,0
-5,8,-173.205,1200.000,1,46,0,0
-5,9,-86.603,1350.000,1,59,0,0
-5,10,0.000,1500.000,0,-1,0,0
-5,11,86.603,1650.000,0,-1,0,0
-4,-5,-1125.833,-750.000,0,-1,0,0
-4,-4,-1039.230,-600.000,0,-1,0,0
-4,-3,-952.628,-450.000,1,35,0,0
-4,-2,-866.025,-300.000,1,69,0,1
-4,-1,-779.423,-150.000,1,93,0,1
-4,0,-692.820,0.000,1,95,0,1
-4,1,-606.218,150.000,1,96,0,1
-4,2,-519.615,300.000,1,51,0,0
-4,3,-433.013,450.000,1,72,0,1
-4,4,-346.410,600.000,1,73,0,1
-4,5,-259.808,750.000,1,21,0,0
-4,6,-173.205,900.000,1,70,0,1
-4,7,-86.603,1050.000,1,84,0,1
-4,8,0.000,1200.000,1,92,0,1
-4,9,86.603,1350.000,0,-1,0,0
-4,10,173.205,1500.000,0,-1,0,0
-3,-5,-952.628,-750.000,0,-1,0,0
-3,-4,-866.025,-600.000,0,-1,0,0
-3,-3,-779.423,-450.000,1,30,0,0
-3,-2,-692.820,-300.000,1,67,0,1
-3,-1,-606.218,-150.000,1,25,0,0
-3,0,-519.615,0.000,1,74,0,1
-3,1,-433.013,150.000,1,48,0,0
-3,2,-346.410,300.000,1,62,0,1
-3,3,-259.808,450.000,1,27,0,0
-3,4,-173.205,600.000,1,15,0,0
-3,5,-86.603,750.000,1,64,0,1
-3,6,0.000,900.000,1,85,0,1
-3,7,86.603,1050.000,1,98,0,1
-3,8,173.205,1200.000,0,-1,0,0
-3,9,259.808,1350.000,0,-1,0,0
-2,-5,-779.423,-750.000,0,-1,0,0
-2,-4,-692.820,-600.000,0,-1,0,0
-2,-3,-606.218,-450.000,1,29,0,0
-2,-2,-519.615,-300.000,1,14,0,0
-2,-1,-433.013,-150.000,1,13,0,0
-2,0,-346.410,0.000,1,11,0,0
-2,1,-259.808,150.000,1,2,0,0
-2,2,-173.205,300.000,1,61,0,1
-2,3,-86.603,450.000,1,12,0,0
-2,4,0.000,600.000,1,49,0,0
-2,5,86.603,750.000,1,38,0,0
-2,6,173.205,900.000,1,99,0,1
-2,7,259.808,1050.000,1,103,0,1
-2,8,346.410,1200.000,0,-1,0,0
-2,9,433.013,1350.000,0,-1,0,0
-1,-6,-692.820,-900.000,0,-1,0,0
-1,-5,-606.218,-750.000,0,-1,0,0
-1,-4,-519.615,-600.000,1,50,0,0
-1,-3,-433.013,-450.000,1,80,0,1
-1,-2,-346.410,-300.000,1,79,0,1
-1,-1,-259.808,-150.000,1,52,0,0
-1,0,-173.205,0.000,1,8,0,0
-1,1,-86.603,150.000,1,1,0,0
-1,2,0.000,300.000,1,3,0,0
-1,3,86.603,450.000,1,10,0,0
-1,4,173.205,600.000,1,24,0,0
-1,5,259.808,750.000,1,37,0,0
-1,6,346.410,900.000,1,102,0,1
-1,7,433.013,1050.000,0,-1,0,0
-1,8,519.615,1200.000,0,-1,0,0
0,-6,-519.615,-900.000,0,-1,0,0
0,-5,-433.013,-750.000,0,-1,0,0
0,-4,-346.410,-600.000,1,89,0,1
0,-3,-259.808,-450.000,1,81,0,1
0,-2,-173.205,-300.000,1,77,0,1
0,-1,-86.603,-150.000,1,63,0,1
0,0,0.000,0.000,1,0,0,0
0,1,86.603,150.000,1,4,0,0
0,2,173.205,300.000,1,6,0,0
0,3,259.808,450.000,1,18,0,0
0,4,346.410,600.000,1,19,0,0
0,5,433.013,750.000,1,44,0,0
0,6,519.615,900.000,1,106,0,1
0,7,606.218,1050.000,0,-1,0,0
0,8,692.820,1200.000,0,-1,0,0
1,-7,-433.013,-1050.000,0,-1,0,0
1,-6,-346.410,-900.000,0,-1,0,0
1,-5,-259.808,-750.000,1,90,0,1
1,-4,-173.205,-600.000,1,87,0,1
1,-3,-86.603,-450.000,1,78,0,1
1,-2,0.000,-300.000,1,36,0,0
1,-1,86.603,-150.000,1,7,0,0
1,0,173.205,0.000,1,20,0,0
1,1,259.808,150.000,1,5,0,0
1,2,346.410,300.000,1,16,0,0
1,3,433.013,450.000,1,42,0,0
1,4,519.615,600.000,1,26,0,0
1,5,606.218,750.000,1,65,0,1
1,6,692.820,900.000,0,-1,0,0
1,7,779.423,1050.000,0,-1,0,0
2,-7,-259.808,-1050.000,0,-1,0,0
2,-6,-173.205,-900.000,0,-1,0,0
2,-5,-86.603,-750.000,1,88,0,1
2,-4,0.000,-600.000,1,40,0,0
2,-3,86.603,-450.000,1,60,0,1
2,-2,173.205,-300.000,1,9,0,0
2,-1,259.808,-150.000,1,39,0,0
2,0,346.410,0.000,1,32,0,0
2,1,433.013,150.000,1,28,0,0
2,2,519.615,300.000,1,82,0,1
2,3,606.218,450.000,1,83,0,1
2,4,692.820,600.000,1,41,0,0
2,5,779.423,750.000,1,45,0,0
2,6,866.025,900.000,0,-1,0,0
2,7,952.628,1050.000,0,-1,0,0
3,-8,-173.205,-1200.000,0,-1,0,0
3,-7,-86.603,-1050.000,0,-1,0,0
3,-6,0.000,-900.000,1,57,0,0
3,-5,86.603,-750.000,1,43,0,0
3,-4,173.205,-600.000,1,23,0,0
3,-3,259.808,-450.000,1,17,0,0
3,-2,346.410,-300.000,1,68,0,1
3,-1,433.013,-150.000,1,91,0,1
3,0,519.615,0.000,1,94,0,1
3,1,606.218,150.000,1,100,0,1
3,2,692.820,300.000,0,-1,0,0
3,3,779.423,450.000,0,-1,0,0
3,4,866.025,600.000,0,-1,0,0
3,5,952.628,750.000,0,-1,0,0
3,6,1039.230,900.000,0,-1,0,0
4,-8,0.000,-1200.000,0,-1,0,0
4,-7,86.603,-1050.000,0,-1,0,0
4,-6,173.205,-900.000,0,-1,0,0
4,-5,259.808,-750.000,0,-1,0,0
4,-4,346.410,-600.000,0,-1,0,0
4,-3,433.013,-450.000,1,58,0,0
4,-2,519.615,-300.000,0,-1,0,0
4,-1,606.218,-150.000,0,-1,0,0
4,0,692.820,0.000,0,-1,0,0
4,1,779.423,150.000,0,-1,0,0
4,2,866.025,300.000,0,-1,0,0
4,3,952.628,450.000,0,-1,0,0
4,4,1039.230,600.000,0,-1,0,0
4,5,1125.833,750.000,0,-1,0,0
5,-8,173.205,-1200.000,0,-1,0,0
5,-7,259.808,-1050.000,0,-1,0,0
5,-6,346.410,-900.000,0,-1,0,0
5,-5,433.013,-750.000,0,-1,0,0
5,-4,519.615,-600.000,0,-1,0,0
5,-3,606.218,-450.000,0,-1,0,0
5,-2,692.820,-300.000,0,-1,0,0
5,-1,779.423,-150.000,0,-1,0,0
5,0,866.025,0.000,0,-1,0,0
5,1,952.628,150.000,0,-1,0,0
6,-5,606.218,-750.000,0,-1,0,0
6,-4,692.820,-600.000,0,-1,0,0
6,-3,779.423,-450.000,0,-1,0,0
