loM,hiM,nodes,rxMean,runMean,pDone50,pDone100,pDone200,pDone500,pDone1000,pDone2000
0,100,419,5180.8,823.7,1.0000,1.0000,1.0000,1.0000,0.9999,0.6836
100,200,350,5072.3,605.6,1.0000,1.0000,1.0000,1.0000,0.9994,0.5505
200,300,273,4486.4,331.1,1.0000,1.0000,1.0000,1.0000,0.9801,0.1606
300,400,275,3925.3,176.0,1.0000,1.0000,1.0000,1.0000,0.8551,0.0038
400,500,237,3399.2,99.8,1.0000,1.0000,1.0000,0.9983,0.4691,0.0000
500,600,204,2792.0,59.7,1.0000,1.0000,1.0000,0.9670,0.1358,0.0000
600,700,143,2206.9,37.8,1.0000,1.0000,1.0000,0.6825,0.0103,0.0000
700,800,155,1595.7,23.7,1.0000,1.0000,0.9988,0.0927,0.0000,0.0000
800,900,122,1192.6,15.5,1.0000,1.0000,0.9474,0.0002,0.0000,0.0000
900,1000,97,877.7,10.6,1.0000,0.9978,0.5203,0.0000,0.0000,0.0000
1000,1100,33,607.8,7.4,0.9992,0.8947,0.0338,0.0000,0.0000,0.0000
1100,1200,4,365.3,5.1,0.9875,0.1958,0.0000,0.0000,0.0000,0.0000
