leg,seg,x,y,thDeg
0,0,-846.995,97.873,74.0625
0,0,-846.441,99.795,73.7761
0,0,-845.878,101.713,73.4896
0,0,-845.305,103.629,73.2032
0,0,-844.722,105.542,72.9167
0,0,-844.130,107.452,72.6303
0,0,-843.528,109.359,72.3438
0,0,-842.917,111.263,72.0574
0,1,-842.298,113.165,71.9798
0,1,-841.680,115.067,71.9798
0,1,-841.061,116.969,71.9798
0,2,-840.447,118.872,72.2609
0,2,-839.842,120.778,72.5474
0,2,-839.247,122.687,72.8338
0,2,-838.662,124.599,73.1203
0,2,-838.086,126.515,73.4067
0,2,-837.520,128.433,73.6932
0,2,-836.963,130.353,73.9796
0,2,-836.416,132.277,74.2661
0,2,-835.879,134.203,74.5525
0,2,-835.351,136.132,74.8390
0,2,-834.833,138.063,75.1254
0,2,-834.324,139.997,75.4119
0,2,-833.825,141.934,75.6983
0,2,-833.336,143.873,75.9848
0,2,-832.857,145.814,76.2712
0,2,-832.387,147.758,76.5577
0,2,-831.927,149.704,76.8441
0,2,-831.477,151.653,77.1306
0,2,-831.036,153.604,77.4170
0,2,-830.605,155.556,77.7035
0,2,-830.184,157.511,77.9899
0,2,-829.773,159.468,78.2764
0,2,-829.372,161.427,78.5628
0,2,-828.980,163.389,78.8493
0,2,-828.598,165.352,79.1357
0,2,-828.226,167.316,79.4222
0,2,-827.864,169.283,79.7086
0,2,-827.511,171.252,79.9951
0,2,-827.169,173.222,80.2815
0,2,-826.836,175.194,80.5680
0,2,-826.514,177.167,80.8544
0,2,-826.201,179.143,81.1409
0,2,-825.898,181.119,81.4273
0,2,-825.604,183.097,81.7138
0,2,-825.321,185.077,82.0002
0,2,-825.048,187.058,82.2867
0,2,-824.784,189.040,82.5731
0,2,-824.531,191.024,82.8596
0,2,-824.287,193.009,83.1460
0,2,-824.054,194.995,83.4325
0,2,-823.830,196.982,83.7189
0,2,-823.616,198.971,84.0054
0,2,-823.412,200.960,84.2918
0,2,-823.218,202.950,84.5783
0,2,-823.034,204.942,84.8647
0,2,-822.860,206.934,85.1512
0,2,-822.696,208.927,85.4376
0,2,-822.542,210.921,85.7241
0,2,-822.398,212.915,86.0105
0,2,-822.264,214.911,86.2970
0,2,-822.140,216.907,86.5834
0,2,-822.025,218.903,86.8698
0,2,-821.921,220.900,87.1563
0,2,-821.827,222.898,87.4427
0,2,-821.743,224.896,87.7292
0,2,-821.668,226.894,88.0156
0,2,-821.604,228.893,88.3021
0,2,-821.550,230.892,88.5885
0,2,-821.506,232.891,88.8750
0,2,-821.471,234.891,89.1614
0,2,-821.447,236.890,89.4479
0,2,-821.433,238.890,89.7343
0,2,-821.429,240.890,90.0208
0,2,-821.434,242.890,90.3072
0,2,-821.450,244.889,90.5937
0,2,-821.476,246.889,90.8801
0,2,-821.512,248.889,91.1666
0,2,-821.557,250.888,91.4530
0,2,-821.613,252.887,91.7395
0,2,-821.679,254.886,92.0259
0,2,-821.754,256.884,92.3124
0,2,-821.840,258.882,92.5988
0,2,-821.936,260.879,92.8853
0,2,-822.041,262.876,93.1717
0,2,-822.157,264.873,93.4582
0,2,-822.283,266.869,93.7446
0,2,-822.418,268.864,94.0311
0,2,-822.564,270.858,94.3175
0,2,-822.719,272.852,94.6040
0,2,-822.885,274.845,94.8904
0,2,-823.060,276.837,95.1769
0,2,-823.246,278.828,95.4633
0,2,-823.441,280.818,95.7498
0,2,-823.646,282.808,96.0362
0,2,-823.862,284.796,96.3227
0,2,-824.087,286.783,96.6091
0,2,-824.322,288.769,96.8956
0,2,-824.567,290.754,97.1820
0,2,-824.822,292.737,97.4685
0,2,-825.087,294.719,97.7549
0,2,-825.362,296.700,98.0414
0,2,-825.646,298.679,98.3278
0,2,-825.941,300.657,98.6143
0,2,-826.245,302.634,98.9007
0,2,-826.560,304.609,99.1872
0,2,-826.884,306.582,99.4736
0,2,-827.218,308.554,99.7601
0,2,-827.562,310.524,100.0465
0,2,-827.916,312.492,100.3330
0,2,-828.279,314.459,100.6194
0,2,-828.653,316.423,100.9059
0,2,-829.036,318.386,101.1923
0,2,-829.429,320.347,101.4788
0,2,-829.832,322.305,101.7652
0,2,-830.245,324.262,102.0517
0,2,-830.667,326.217,102.3381
0,2,-831.099,328.169,102.6245
0,2,-831.541,330.120,102.9110
0,2,-831.993,332.068,103.1974
0,2,-832.454,334.014,103.4839
0,2,-832.926,335.957,103.7703
0,2,-833.406,337.898,104.0568
0,2,-833.897,339.837,104.3432
0,2,-834.397,341.773,104.6297
0,2,-834.907,343.707,104.9161
0,2,-835.427,345.638,105.2026
0,2,-835.956,347.566,105.4890
0,2,-836.495,349.492,105.7755
0,2,-837.043,351.415,106.0619
0,2,-837.601,353.336,106.3484
0,2,-838.169,355.253,106.6348
0,2,-838.746,357.168,106.9213
0,2,-839.333,359.080,107.2077
0,2,-839.930,360.988,107.4942
0,2,-840.536,362.894,107.7806
0,2,-841.151,364.797,108.0671
0,2,-841.776,366.697,108.3535
0,2,-842.410,368.593,108.6400
0,2,-843.054,370.486,108.9264
0,2,-843.708,372.376,109.2129
0,2,-844.370,374.263,109.4993
0,2,-845.043,376.147,109.7858
0,2,-845.724,378.027,110.0722
0,2,-846.415,379.903,110.3587
0,2,-847.116,381.776,110.6451
0,2,-847.826,383.646,110.9316
0,2,-848.545,385.512,111.2180
0,2,-849.273,387.374,111.5045
0,2,-850.011,389.233,111.7909
0,2,-850.758,391.088,112.0774
0,2,-851.514,392.939,112.3638
0,2,-852.280,394.787,112.6503
0,2,-853.054,396.630,112.9367
0,2,-853.838,398.470,113.2232
0,2,-854.631,400.306,113.5096
0,2,-855.434,402.138,113.7961
0,2,-856.245,403.966,114.0825
0,2,-857.066,405.789,114.3690
0,2,-857.895,407.609,114.6554
0,2,-858.734,409.424,114.9419
0,2,-859.582,411.235,115.2283
0,2,-860.439,413.042,115.5148
0,2,-861.305,414.845,115.8012
0,2,-862.180,416.643,116.0877
0,2,-863.064,418.437,116.3741
0,2,-863.956,420.226,116.6606
0,2,-864.858,422.011,116.9470
0,2,-865.769,423.792,117.2335
0,2,-866.688,425.567,117.5199
0,2,-867.617,427.339,117.8063
0,2,-868.554,429.105,118.0928
0,2,-869.500,430.867,118.3792
0,2,-870.455,432.624,118.6657
0,2,-871.419,434.376,118.9521
0,2,-872.391,436.124,119.2386
0,2,-873.372,437.866,119.5250
0,2,-874.362,439.604,119.8115
0,2,-875.361,441.337,120.0979
0,2,-876.368,443.064,120.3844
0,2,-877.384,444.787,120.6708
0,2,-878.408,446.504,120.9573
0,2,-879.441,448.217,121.2437
0,2,-880.483,449.924,121.5302
0,2,-881.533,451.626,121.8166
0,2,-882.591,453.322,122.1031
0,2,-883.658,455.014,122.3895
0,2,-884.734,456.700,122.6760
0,2,-885.818,458.380,122.9624
0,2,-886.910,460.056,123.2489
0,2,-888.010,461.725,123.5353
0,2,-889.119,463.389,123.8218
0,2,-890.237,465.048,124.1082
0,2,-891.362,466.701,124.3947
0,2,-892.496,468.348,124.6811
0,2,-893.638,469.990,124.9676
0,2,-894.788,471.626,125.2540
0,2,-895.947,473.256,125.5405
0,2,-897.113,474.880,125.8269
0,2,-898.288,476.499,126.1134
0,2,-899.470,478.111,126.3998
0,2,-900.661,479.718,126.6863
0,2,-901.860,481.319,126.9727
0,2,-903.067,482.913,127.2592
0,2,-904.281,484.502,127.5456
0,2,-905.504,486.084,127.8321
0,2,-906.734,487.661,128.1185
0,2,-907.973,489.231,128.4050
0,2,-909.219,490.795,128.6914
0,2,-910.473,492.353,128.9779
0,2,-911.735,493.904,129.2643
0,2,-913.004,495.449,129.5508
0,2,-914.282,496.988,129.8372
0,2,-915.566,498.521,130.1237
0,2,-916.859,500.047,130.4101
0,2,-918.159,501.566,130.6966
0,2,-919.467,503.079,130.9830
0,2,-920.782,504.585,131.2695
0,2,-922.105,506.085,131.5559
0,2,-923.435,507.578,131.8424
0,2,-924.773,509.065,132.1288
0,2,-926.118,510.544,132.4153
0,2,-927.471,512.017,132.7017
0,2,-928.831,513.484,132.9882
0,2,-930.198,514.943,133.2746
0,2,-931.572,516.396,133.5610
0,2,-932.954,517.841,133.8475
0,2,-934.343,519.280,134.1339
0,2,-935.739,520.712,134.4204
0,2,-937.142,522.137,134.7068
0,2,-938.553,523.554,134.9933
0,2,-939.970,524.965,135.2797
0,2,-941.395,526.369,135.5662
0,2,-942.826,527.765,135.8526
0,2,-944.265,529.154,136.1391
0,2,-945.710,530.536,136.4255
0,2,-947.162,531.911,136.7120
0,2,-948.621,533.279,136.9984
0,2,-950.087,534.639,137.2849
0,2,-951.560,535.992,137.5713
0,2,-953.039,537.337,137.8578
0,2,-954.526,538.676,138.1442
0,2,-956.018,540.006,138.4307
0,2,-957.518,541.329,138.7171
0,2,-959.024,542.645,139.0036
0,2,-960.536,543.953,139.2900
0,2,-962.056,545.254,139.5765
0,2,-963.581,546.547,139.8629
0,2,-965.113,547.832,140.1494
0,2,-966.652,549.109,140.4358
0,2,-968.197,550.379,140.7223
0,2,-969.748,551.642,141.0087
0,2,-971.305,552.896,141.2952
0,2,-972.869,554.142,141.5816
0,2,-974.439,555.381,141.8681
0,2,-976.015,556.612,142.1545
0,2,-977.597,557.835,142.4410
0,2,-979.186,559.050,142.7274
0,2,-980.780,560.257,143.0139
0,2,-982.380,561.456,143.3003
0,2,-983.987,562.647,143.5868
0,2,-985.599,563.831,143.8732
0,2,-987.217,565.006,144.1597
0,2,-988.841,566.172,144.4461
0,2,-990.471,567.331,144.7326
0,2,-992.107,568.482,145.0190
0,2,-993.748,569.624,145.3055
0,2,-995.395,570.758,145.5919
0,2,-997.048,571.884,145.8784
0,2,-998.706,573.002,146.1648
0,2,-1000.370,574.111,146.4513
0,2,-1002.040,575.212,146.7377
0,2,-1003.714,576.305,147.0242
0,2,-1005.395,577.389,147.3106
0,2,-1007.081,578.465,147.5971
0,2,-1008.772,579.532,147.8835
0,2,-1010.468,580.591,148.1700
0,2,-1012.170,581.642,148.4564
0,2,-1013.877,582.684,148.7428
0,2,-1015.589,583.717,149.0293
0,2,-1017.306,584.742,149.3157
0,2,-1019.028,585.758,149.6022
0,2,-1020.756,586.766,149.8886
0,2,-1022.488,587.765,150.1751
0,2,-1024.226,588.755,150.4615
0,2,-1025.968,589.736,150.7480
0,2,-1027.715,590.709,151.0344
0,2,-1029.467,591.673,151.3209
0,2,-1031.224,592.629,151.6073
0,2,-1032.986,593.575,151.8938
0,2,-1034.752,594.513,152.1802
0,2,-1036.523,595.442,152.4667
0,2,-1038.299,596.362,152.7531
0,2,-1040.079,597.273,153.0396
0,2,-1041.863,598.175,153.3260
0,2,-1043.653,599.068,153.6125
0,2,-1045.446,599.953,153.8989
0,2,-1047.244,600.828,154.1854
0,2,-1049.047,601.694,154.4718
0,2,-1050.853,602.552,154.7583
0,2,-1052.664,603.400,155.0447
0,2,-1054.480,604.239,155.3312
0,2,-1056.299,605.069,155.6176
0,2,-1058.122,605.890,155.9041
0,2,-1059.950,606.702,156.1905
0,2,-1061.782,607.505,156.4770
0,2,-1063.617,608.298,156.7634
0,2,-1065.457,609.083,157.0499
0,2,-1067.300,609.858,157.3363
0,2,-1069.147,610.624,157.6228
0,2,-1070.999,611.380,157.9092
0,2,-1072.853,612.128,158.1957
0,2,-1074.712,612.866,158.4821
0,2,-1076.574,613.595,158.7686
0,2,-1078.440,614.314,159.0550
0,2,-1080.309,615.025,159.3415
0,2,-1082.182,615.725,159.6279
0,2,-1084.059,616.417,159.9144
0,2,-1085.939,617.099,160.2008
0,2,-1087.822,617.772,160.4873
0,2,-1089.709,618.435,160.7737
0,2,-1091.599,619.089,161.0602
0,2,-1093.492,619.733,161.3466
0,2,-1095.388,620.368,161.6331
0,2,-1097.287,620.993,161.9195
0,2,-1099.190,621.609,162.2060
0,2,-1101.096,622.216,162.4924
0,2,-1103.004,622.812,162.7789
0,2,-1104.916,623.400,163.0653
0,2,-1106.831,623.977,163.3518
0,2,-1108.748,624.546,163.6382
0,2,-1110.668,625.104,163.9246
0,2,-1112.591,625.653,164.2111
0,2,-1114.517,626.192,164.4975
0,2,-1116.445,626.722,164.7840
0,2,-1118.376,627.242,165.0704
0,2,-1120.310,627.753,165.3569
0,2,-1122.246,628.253,165.6433
0,2,-1124.184,628.744,165.9298
0,2,-1126.125,629.226,166.2162
0,2,-1128.069,629.697,166.5027
0,2,-1130.014,630.159,166.7891
0,2,-1131.962,630.611,167.0756
0,2,-1133.913,631.054,167.3620
0,2,-1135.865,631.486,167.6485
0,2,-1137.820,631.909,167.9349
0,2,-1139.776,632.322,168.2214
0,2,-1141.735,632.726,168.5078
0,2,-1143.696,633.119,168.7943
0,2,-1145.658,633.503,169.0807
0,2,-1147.623,633.877,169.3672
0,2,-1149.589,634.241,169.6536
0,2,-1151.557,634.595,169.9401
0,2,-1153.527,634.939,170.2265
0,2,-1155.499,635.274,170.5130
0,2,-1157.472,635.599,170.7994
0,2,-1159.447,635.913,171.0859
0,2,-1161.423,636.218,171.3723
0,2,-1163.401,636.513,171.6588
0,2,-1165.381,636.799,171.9452
0,2,-1167.361,637.074,172.2317
0,2,-1169.344,637.339,172.5181
0,2,-1171.327,637.595,172.8046
0,2,-1173.312,637.840,173.0910
0,2,-1175.298,638.076,173.3775
0,2,-1177.285,638.301,173.6639
0,2,-1179.273,638.517,173.9504
0,2,-1181.262,638.723,174.2368
0,2,-1183.252,638.919,174.5233
0,2,-1185.243,639.105,174.8097
0,2,-1187.235,639.281,175.0962
0,2,-1189.228,639.447,175.3826
0,2,-1191.222,639.603,175.6691
0,2,-1193.216,639.749,175.9555
0,2,-1195.211,639.885,176.2420
0,2,-1197.207,640.011,176.5284
0,2,-1199.204,640.127,176.8149
0,2,-1201.201,640.233,177.1013
0,2,-1203.198,640.329,177.3878
0,2,-1205.196,640.415,177.6742
0,2,-1207.194,640.491,177.9607
0,2,-1209.193,640.558,178.2471
0,2,-1211.192,640.614,178.5336
0,2,-1213.191,640.660,178.8200
0,2,-1215.191,640.696,179.1065
0,2,-1217.190,640.722,179.3929
0,2,-1219.190,640.739,179.6793
0,2,-1221.190,640.745,179.9658
0,2,-1223.190,640.741,180.2522
0,2,-1225.189,640.727,180.5387
0,2,-1227.189,640.703,180.8251
0,2,-1229.189,640.670,181.1116
0,2,-1231.188,640.626,181.3980
0,2,-1233.187,640.572,181.6845
0,2,-1235.186,640.508,181.9709
0,2,-1237.184,640.434,182.2574
0,2,-1239.182,640.351,182.5438
0,2,-1241.180,640.257,182.8303
0,2,-1243.177,640.153,183.1167
0,2,-1245.173,640.039,183.4032
0,2,-1247.169,639.916,183.6896
0,2,-1249.165,639.782,183.9761
0,2,-1251.159,639.638,184.2625
0,2,-1253.153,639.485,184.5490
0,2,-1255.146,639.321,184.8354
0,2,-1257.138,639.148,185.1219
0,2,-1259.130,638.964,185.4083
0,2,-1261.120,638.771,185.6948
0,2,-1263.110,638.567,185.9812
0,2,-1265.098,638.354,186.2677
0,2,-1267.085,638.131,186.5541
0,2,-1269.071,637.897,186.8406
0,2,-1271.056,637.654,187.1270
0,2,-1273.040,637.401,187.4135
0,2,-1275.023,637.138,187.6999
0,2,-1277.004,636.865,187.9864
0,2,-1278.983,636.582,188.2728
0,2,-1280.962,636.290,188.5593
0,2,-1282.938,635.987,188.8457
0,2,-1284.914,635.675,189.1322
0,2,-1286.887,635.352,189.4186
0,2,-1288.859,635.020,189.7051
0,2,-1290.830,634.678,189.9915
0,2,-1292.798,634.326,190.2780
0,2,-1294.765,633.965,190.5644
0,2,-1296.730,633.593,190.8509
0,2,-1298.693,633.212,191.1373
0,2,-1300.654,632.820,191.4238
0,2,-1302.613,632.419,191.7102
0,2,-1304.570,632.009,191.9967
0,2,-1306.526,631.588,192.2831
0,2,-1308.478,631.158,192.5696
0,2,-1310.429,630.718,192.8560
0,2,-1312.378,630.268,193.1425
0,2,-1314.324,629.808,193.4289
0,2,-1316.268,629.339,193.7154
0,2,-1318.210,628.860,194.0018
0,2,-1320.149,628.371,194.2883
0,2,-1322.085,627.873,194.5747
0,2,-1324.020,627.365,194.8611
0,2,-1325.951,626.847,195.1476
0,2,-1327.880,626.320,195.4340
0,2,-1329.807,625.783,195.7205
0,2,-1331.730,625.236,196.0069
0,2,-1333.651,624.680,196.2934
0,2,-1335.569,624.114,196.5798
0,2,-1337.484,623.539,196.8663
0,2,-1339.397,622.954,197.1527
0,2,-1341.306,622.359,197.4392
0,2,-1343.212,621.755,197.7256
0,2,-1345.116,621.141,198.0121
0,2,-1347.016,620.518,198.2985
0,2,-1348.913,619.886,198.5850
0,2,-1350.807,619.243,198.8714
0,2,-1352.698,618.592,199.1579
0,2,-1354.585,617.931,199.4443
0,2,-1356.469,617.261,199.7308
0,2,-1358.350,616.581,200.0172
0,2,-1360.227,615.891,200.3037
0,2,-1362.101,615.193,200.5901
0,2,-1363.971,614.485,200.8766
0,2,-1365.838,613.768,201.1630
0,2,-1367.701,613.041,201.4495
0,2,-1369.560,612.305,201.7359
0,2,-1371.416,611.560,202.0224
0,2,-1373.268,610.805,202.3088
0,2,-1375.116,610.042,202.5953
0,2,-1376.961,609.269,202.8817
0,2,-1378.801,608.486,203.1682
0,2,-1380.638,607.695,203.4546
0,2,-1382.470,606.894,203.7411
0,2,-1384.299,606.085,204.0275
0,2,-1386.123,605.266,204.3140
0,2,-1387.944,604.438,204.6004
0,2,-1389.760,603.601,204.8869
0,2,-1391.572,602.755,205.1733
0,2,-1393.379,601.900,205.4598
0,2,-1395.183,601.036,205.7462
0,2,-1396.982,600.162,206.0327
0,2,-1398.777,599.280,206.3191
0,2,-1400.567,598.389,206.6056
0,2,-1402.353,597.489,206.8920
0,2,-1404.134,596.580,207.1785
0,2,-1405.911,595.662,207.4649
0,2,-1407.683,594.735,207.7514
0,2,-1409.450,593.800,208.0378
0,2,-1411.213,592.855,208.3243
0,2,-1412.971,591.902,208.6107
0,2,-1414.724,590.940,208.8972
0,2,-1416.473,589.969,209.1836
0,2,-1418.216,588.990,209.4701
0,2,-1419.955,588.002,209.7565
0,2,-1421.688,587.005,210.0430
0,2,-1423.417,585.999,210.3294
0,2,-1425.140,584.985,210.6158
0,2,-1426.859,583.963,210.9023
0,2,-1428.572,582.931,211.1887
0,2,-1430.280,581.891,211.4752
0,2,-1431.983,580.843,211.7616
0,2,-1433.681,579.786,212.0481
0,2,-1435.373,578.721,212.3345
0,2,-1437.060,577.647,212.6210
0,2,-1438.742,576.565,212.9074
0,2,-1440.418,575.474,213.1939
0,2,-1442.089,574.375,213.4803
0,2,-1443.754,573.268,213.7668
0,2,-1445.414,572.152,214.0532
0,2,-1447.068,571.028,214.3397
0,2,-1448.716,569.896,214.6261
0,2,-1450.359,568.755,214.9126
0,2,-1451.996,567.607,215.1990
0,2,-1453.627,566.450,215.4855
0,2,-1455.253,565.285,215.7719
0,2,-1456.872,564.112,216.0584
0,2,-1458.486,562.931,216.3448
0,2,-1460.094,561.742,216.6313
0,2,-1461.696,560.544,216.9177
0,2,-1463.291,559.339,217.2042
0,2,-1464.881,558.126,217.4906
0,2,-1466.465,556.905,217.7771
0,2,-1468.043,555.676,218.0635
0,2,-1469.614,554.439,218.3500
0,2,-1471.179,553.194,218.6364
0,2,-1472.738,551.942,218.9229
0,2,-1474.291,550.681,219.2093
0,2,-1475.837,549.413,219.4958
0,2,-1477.377,548.138,219.7822
0,2,-1478.911,546.854,220.0687
0,2,-1480.438,545.563,220.3551
0,2,-1481.959,544.264,220.6416
0,2,-1483.473,542.958,220.9280
0,2,-1484.980,541.644,221.2145
0,2,-1486.481,540.323,221.5009
0,2,-1487.976,538.994,221.7874
0,2,-1489.464,537.658,222.0738
0,2,-1490.945,536.314,222.3603
0,2,-1492.419,534.963,222.6467
0,2,-1493.886,533.604,222.9332
0,2,-1495.347,532.239,223.2196
0,2,-1496.801,530.865,223.5061
0,2,-1498.248,529.485,223.7925
0,2,-1499.688,528.098,224.0790
0,2,-1501.121,526.703,224.3654
0,2,-1502.547,525.301,224.6519
0,2,-1503.967,523.892,224.9383
0,2,-1505.379,522.476,225.2248
0,2,-1506.784,521.053,225.5112
0,2,-1508.181,519.623,225.7976
0,2,-1509.572,518.186,226.0841
0,2,-1510.956,516.741,226.3705
0,2,-1512.332,515.291,226.6570
0,2,-1513.701,513.833,226.9434
0,2,-1515.062,512.368,227.2299
0,2,-1516.417,510.897,227.5163
0,2,-1517.764,509.419,227.8028
0,2,-1519.103,507.934,228.0892
0,2,-1520.435,506.442,228.3757
0,2,-1521.760,504.944,228.6621
0,2,-1523.077,503.439,228.9486
0,2,-1524.386,501.928,229.2350
0,2,-1525.688,500.410,229.5215
0,2,-1526.983,498.886,229.8079
0,2,-1528.270,497.355,230.0944
0,2,-1529.549,495.817,230.3808
0,2,-1530.820,494.274,230.6673
0,2,-1532.084,492.724,230.9537
0,2,-1533.339,491.168,231.2402
0,2,-1534.588,489.605,231.5266
0,2,-1535.828,488.036,231.8131
0,2,-1537.060,486.461,232.0995
0,2,-1538.285,484.880,232.3860
0,2,-1539.501,483.293,232.6724
0,2,-1540.710,481.700,232.9589
0,2,-1541.911,480.101,233.2453
0,2,-1543.103,478.496,233.5318
0,2,-1544.288,476.884,233.8182
0,2,-1545.464,475.267,234.1047
0,2,-1546.633,473.644,234.3911
0,2,-1547.793,472.016,234.6776
0,2,-1548.945,470.381,234.9640
0,2,-1550.089,468.741,235.2505
0,2,-1551.225,467.095,235.5369
0,2,-1552.353,465.443,235.8234
0,2,-1553.472,463.786,236.1098
0,2,-1554.583,462.123,236.3963
0,2,-1555.685,460.455,236.6827
0,2,-1556.780,458.781,236.9692
0,2,-1557.865,457.102,237.2556
0,2,-1558.943,455.417,237.5421
0,2,-1560.012,453.727,237.8285
0,2,-1561.072,452.031,238.1150
0,2,-1562.125,450.331,238.4014
0,2,-1563.168,448.625,238.6879
0,2,-1564.203,446.914,238.9743
0,2,-1565.230,445.198,239.2608
0,2,-1566.247,443.476,239.5472
0,2,-1567.257,441.750,239.8337
0,2,-1568.257,440.018,240.1201
0,2,-1569.249,438.282,240.4066
0,2,-1570.232,436.540,240.6930
0,2,-1571.207,434.794,240.9795
0,2,-1572.173,433.043,241.2659
0,2,-1573.130,431.287,241.5523
0,2,-1574.078,429.526,241.8388
0,2,-1575.017,427.761,242.1252
0,2,-1575.948,425.991,242.4117
0,2,-1576.870,424.216,242.6981
0,2,-1577.782,422.437,242.9846
0,2,-1578.686,420.653,243.2710
0,2,-1579.581,418.865,243.5575
0,2,-1580.467,417.072,243.8439
0,2,-1581.344,415.275,244.1304
0,2,-1582.212,413.473,244.4168
0,2,-1583.071,411.667,244.7033
0,2,-1583.921,409.857,244.9897
0,2,-1584.762,408.043,245.2762
0,2,-1585.594,406.224,245.5626
0,2,-1586.417,404.401,245.8491
0,2,-1587.231,402.575,246.1355
0,2,-1588.035,400.744,246.4220
0,2,-1588.830,398.909,246.7084
0,2,-1589.617,397.070,246.9949
0,2,-1590.394,395.227,247.2813
0,2,-1591.161,393.381,247.5678
0,2,-1591.920,391.531,247.8542
0,2,-1592.669,389.676,248.1407
0,2,-1593.409,387.819,248.4271
0,2,-1594.140,385.957,248.7136
0,2,-1594.861,384.092,249.0000
0,2,-1595.573,382.223,249.2865
0,2,-1596.275,380.351,249.5729
0,2,-1596.969,378.475,249.8594
0,2,-1597.653,376.596,250.1458
0,2,-1598.327,374.713,250.4323
0,2,-1598.992,372.827,250.7187
0,2,-1599.648,370.938,251.0052
0,2,-1600.294,369.045,251.2916
0,2,-1600.931,367.150,251.5781
0,2,-1601.558,365.251,251.8645
0,2,-1602.176,363.349,252.1510
0,2,-1602.784,361.444,252.4374
0,2,-1603.382,359.536,252.7239
0,2,-1603.972,357.625,253.0103
0,2,-1604.551,355.711,253.2968
0,2,-1605.121,353.794,253.5832
0,2,-1605.681,351.874,253.8697
0,2,-1606.232,349.952,254.1561
0,2,-1606.773,348.027,254.4426
0,2,-1607.305,346.099,254.7290
0,2,-1607.827,344.168,255.0155
0,2,-1608.339,342.235,255.3019
0,2,-1608.842,340.300,255.5884
0,2,-1609.335,338.361,255.8748
0,2,-1609.818,336.421,256.1613
0,2,-1610.291,334.478,256.4477
0,2,-1610.755,332.533,256.7341
0,2,-1611.209,330.585,257.0206
0,2,-1611.653,328.635,257.3070
0,2,-1612.088,326.683,257.5935
0,2,-1612.513,324.729,257.8799
0,2,-1612.928,322.773,258.1664
0,2,-1613.333,320.815,258.4528
0,2,-1613.728,318.854,258.7393
0,2,-1614.114,316.892,259.0257
0,2,-1614.490,314.928,259.3122
0,2,-1614.855,312.962,259.5986
0,2,-1615.212,310.994,259.8851
0,2,-1615.558,309.024,260.1715
0,2,-1615.894,307.053,260.4580
0,2,-1616.221,305.080,260.7444
0,2,-1616.538,303.106,261.0309
0,2,-1616.844,301.130,261.3173
0,2,-1617.141,299.152,261.6038
0,2,-1617.428,297.173,261.8902
0,2,-1617.706,295.192,262.1767
0,2,-1617.973,293.210,262.4631
0,2,-1618.230,291.227,262.7496
0,2,-1618.478,289.243,263.0360
0,2,-1618.715,287.257,263.3225
0,2,-1618.943,285.270,263.6089
0,2,-1619.160,283.283,263.8954
0,2,-1619.368,281.294,264.1818
0,2,-1619.566,279.304,264.4683
0,2,-1619.754,277.313,264.7547
0,2,-1619.931,275.321,265.0412
0,2,-1620.099,273.328,265.3276
0,2,-1620.257,271.334,265.6141
0,2,-1620.405,269.340,265.9005
0,2,-1620.543,267.345,266.1870
0,2,-1620.671,265.349,266.4734
0,2,-1620.789,263.353,266.7599
0,2,-1620.897,261.356,267.0463
0,2,-1620.995,259.359,267.3328
0,2,-1621.083,257.361,267.6192
0,2,-1621.161,255.363,267.9057
0,2,-1621.229,253.364,268.1921
0,2,-1621.288,251.365,268.4786
0,2,-1621.336,249.366,268.7650
0,2,-1621.374,247.367,269.0515
0,2,-1621.402,245.367,269.3379
0,2,-1621.420,243.367,269.6244
0,2,-1621.428,241.367,269.9108
0,2,-1621.426,239.368,270.1973
0,2,-1621.414,237.368,270.4837
0,2,-1621.392,235.368,270.7702
0,2,-1621.361,233.369,271.0566
0,2,-1621.319,231.369,271.3431
0,2,-1621.267,229.370,271.6295
0,2,-1621.205,227.371,271.9160
0,2,-1621.133,225.373,272.2024
0,2,-1621.051,223.375,272.4888
0,2,-1620.959,221.377,272.7753
0,2,-1620.858,219.380,273.0617
0,2,-1620.746,217.383,273.3482
0,2,-1620.624,215.387,273.6346
0,2,-1620.492,213.392,273.9211
0,2,-1620.351,211.397,274.2075
0,2,-1620.199,209.403,274.4940
0,2,-1620.037,207.410,274.7804
0,2,-1619.866,205.417,275.0669
0,2,-1619.684,203.426,275.3533
0,2,-1619.492,201.435,275.6398
0,2,-1619.291,199.446,275.9262
0,2,-1619.079,197.457,276.2127
0,2,-1618.858,195.470,276.4991
0,2,-1618.627,193.483,276.7856
0,2,-1618.385,191.498,277.0720
0,2,-1618.134,189.514,277.3585
0,2,-1617.873,187.531,277.6449
0,2,-1617.602,185.550,277.9314
0,2,-1617.321,183.570,278.2178
0,2,-1617.031,181.591,278.5043
0,2,-1616.730,179.614,278.7907
0,2,-1616.419,177.639,279.0772
0,2,-1616.099,175.665,279.3636
0,2,-1615.769,173.693,279.6501
0,2,-1615.428,171.722,279.9365
0,2,-1615.078,169.753,280.2230
0,2,-1614.719,167.786,280.5094
0,2,-1614.349,165.821,280.7959
0,2,-1613.969,163.857,281.0823
0,2,-1613.580,161.896,281.3688
0,2,-1613.181,159.936,281.6552
0,2,-1612.772,157.979,281.9417
0,2,-1612.353,156.023,282.2281
0,2,-1611.925,154.070,282.5146
0,2,-1611.487,152.118,282.8010
0,2,-1611.039,150.170,283.0875
0,2,-1610.581,148.223,283.3739
0,2,-1610.114,146.278,283.6604
0,2,-1609.637,144.336,283.9468
0,2,-1609.150,142.397,284.2333
0,2,-1608.653,140.460,284.5197
0,2,-1608.147,138.525,284.8062
0,2,-1607.631,136.593,285.0926
0,2,-1607.106,134.663,285.3791
0,2,-1606.570,132.736,285.6655
0,2,-1606.026,130.812,285.9520
0,2,-1605.471,128.891,286.2384
0,2,-1604.907,126.972,286.5249
0,2,-1604.334,125.057,286.8113
0,2,-1603.750,123.144,287.0978
0,2,-1603.158,121.234,287.3842
0,2,-1602.555,119.327,287.6706
0,2,-1601.944,117.423,287.9571
0,2,-1601.322,115.522,288.2435
0,2,-1600.692,113.624,288.5300
0,2,-1600.051,111.730,288.8164
0,2,-1599.402,109.839,289.1029
0,2,-1598.742,107.951,289.3893
0,2,-1598.074,106.066,289.6758
0,2,-1597.396,104.184,289.9622
0,2,-1596.708,102.307,290.2487
0,2,-1596.012,100.432,290.5351
0,2,-1595.305,98.561,290.8216
0,2,-1594.590,96.694,291.1080
0,2,-1593.865,94.830,291.3945
0,2,-1593.131,92.970,291.6809
0,2,-1592.387,91.113,291.9674
0,2,-1591.635,89.261,292.2538
0,2,-1590.873,87.412,292.5403
0,2,-1590.102,85.567,292.8267
0,2,-1589.321,83.725,293.1132
0,2,-1588.531,81.888,293.3996
0,2,-1587.733,80.055,293.6861
0,2,-1586.925,78.225,293.9725
0,2,-1586.108,76.400,294.2590
0,2,-1585.281,74.579,294.5454
0,2,-1584.446,72.762,294.8319
0,2,-1583.602,70.949,295.1183
0,2,-1582.748,69.141,295.4048
0,2,-1581.886,67.336,295.6912
0,2,-1581.015,65.536,295.9777
0,2,-1580.134,63.741,296.2641
0,2,-1579.245,61.950,296.5506
0,2,-1578.346,60.163,296.8370
0,2,-1577.439,58.381,297.1235
0,2,-1576.523,56.603,297.4099
0,2,-1575.598,54.830,297.6964
0,2,-1574.664,53.062,297.9828
0,2,-1573.721,51.298,298.2693
0,2,-1572.770,49.540,298.5557
0,2,-1571.809,47.785,298.8422
0,2,-1570.840,46.036,299.1286
0,2,-1569.863,44.292,299.4151
0,2,-1568.876,42.552,299.7015
0,2,-1567.881,40.818,299.9880
0,2,-1566.877,39.088,300.2744
0,2,-1565.864,37.363,300.5609
0,2,-1564.843,35.644,300.8473
0,2,-1563.814,33.930,301.1338
0,2,-1562.775,32.221,301.4202
0,2,-1561.729,30.517,301.7067
0,2,-1560.673,28.818,301.9931
0,2,-1559.610,27.125,302.2796
0,2,-1558.537,25.436,302.5660
0,2,-1557.457,23.754,302.8524
0,2,-1556.368,22.077,303.1389
0,2,-1555.270,20.405,303.4253
0,2,-1554.165,18.739,303.7118
0,2,-1553.050,17.078,303.9982
0,2,-1551.928,15.423,304.2847
0,2,-1550.798,13.773,304.5711
0,2,-1549.659,12.129,304.8576
0,2,-1548.512,10.491,305.1440
0,2,-1547.356,8.859,305.4305
0,2,-1546.193,7.232,305.7169
0,2,-1545.021,5.612,306.0034
0,2,-1543.842,3.997,306.2898
0,2,-1542.654,2.388,306.5763
0,2,-1541.459,0.785,306.8627
0,2,-1540.255,-0.812,307.1492
0,2,-1539.043,-2.403,307.4356
0,2,-1537.824,-3.988,307.7221
0,2,-1536.596,-5.567,308.0085
0,2,-1535.361,-7.139,308.2950
0,2,-1534.118,-8.706,308.5814
0,2,-1532.867,-10.266,308.8679
0,2,-1531.608,-11.820,309.1543
0,2,-1530.341,-13.367,309.4408
0,2,-1529.067,-14.909,309.7272
0,2,-1527.785,-16.443,310.0137
0,2,-1526.495,-17.972,310.3001
0,2,-1525.198,-19.494,310.5866
0,2,-1523.893,-21.009,310.8730
0,2,-1522.581,-22.518,311.1595
0,2,-1521.261,-24.020,311.4459
0,2,-1519.933,-25.516,311.7324
0,2,-1518.599,-27.005,312.0188
0,2,-1517.256,-28.487,312.3053
0,2,-1515.907,-29.963,312.5917
0,2,-1514.550,-31.432,312.8782
0,2,-1513.185,-32.894,313.1646
0,2,-1511.813,-34.349,313.4511
0,2,-1510.434,-35.797,313.7375
0,2,-1509.048,-37.239,314.0240
0,2,-1507.655,-38.673,314.3104
0,2,-1506.254,-40.101,314.5969
0,2,-1504.847,-41.521,314.8833
0,2,-1503.432,-42.935,315.1698
0,2,-1502.010,-44.341,315.4562
0,2,-1500.582,-45.740,315.7427
0,2,-1499.146,-47.132,316.0291
0,2,-1497.703,-48.517,316.3156
0,2,-1496.253,-49.895,316.6020
0,2,-1494.797,-51.265,316.8885
0,2,-1493.334,-52.628,317.1749
0,2,-1491.864,-53.984,317.4614
0,2,-1490.387,-55.332,317.7478
0,2,-1488.903,-56.673,318.0343
0,2,-1487.413,-58.007,318.3207
0,2,-1485.916,-59.333,318.6071
0,2,-1484.412,-60.651,318.8936
0,2,-1482.902,-61.962,319.1800
0,2,-1481.386,-63.266,319.4665
0,2,-1479.863,-64.561,319.7529
0,2,-1478.333,-65.850,320.0394
0,2,-1476.797,-67.130,320.3258
0,2,-1475.254,-68.403,320.6123
0,2,-1473.706,-69.668,320.8987
0,2,-1472.151,-70.926,321.1852
0,2,-1470.589,-72.175,321.4716
0,2,-1469.022,-73.417,321.7581
0,2,-1467.448,-74.651,322.0445
0,2,-1465.868,-75.877,322.3310
0,2,-1464.282,-77.095,322.6174
0,2,-1462.690,-78.305,322.9039
0,2,-1461.092,-79.507,323.1903
0,2,-1459.488,-80.702,323.4768
0,2,-1457.878,-81.888,323.7632
0,2,-1456.262,-83.066,324.0497
0,2,-1454.640,-84.236,324.3361
0,2,-1453.013,-85.398,324.6226
0,2,-1451.379,-86.551,324.9090
0,2,-1449.740,-87.697,325.1955
0,2,-1448.095,-88.834,325.4819
0,2,-1446.445,-89.963,325.7684
0,2,-1444.788,-91.084,326.0548
0,2,-1443.127,-92.197,326.3413
0,2,-1441.459,-93.301,326.6277
0,2,-1439.787,-94.397,326.9142
0,2,-1438.108,-95.484,327.2006
0,2,-1436.425,-96.563,327.4871
0,2,-1434.736,-97.634,327.7735
0,2,-1433.041,-98.696,328.0600
0,2,-1431.341,-99.750,328.3464
0,2,-1429.637,-100.795,328.6329
0,2,-1427.926,-101.832,328.9193
0,2,-1426.211,-102.860,329.2058
0,2,-1424.491,-103.879,329.4922
0,2,-1422.765,-104.890,329.7787
0,2,-1421.035,-105.892,330.0651
0,2,-1419.299,-106.886,330.3516
0,2,-1417.559,-107.871,330.6380
0,2,-1415.814,-108.847,330.9245
0,2,-1414.063,-109.815,331.2109
0,2,-1412.308,-110.773,331.4974
0,2,-1410.549,-111.723,331.7838
0,2,-1408.784,-112.664,332.0703
0,2,-1407.015,-113.596,332.3567
0,2,-1405.241,-114.520,332.6432
0,2,-1403.463,-115.434,332.9296
0,2,-1401.680,-116.340,333.2161
0,2,-1399.892,-117.237,333.5025
0,2,-1398.100,-118.124,333.7889
0,2,-1396.304,-119.003,334.0754
0,2,-1394.503,-119.873,334.3618
0,2,-1392.698,-120.734,334.6483
0,2,-1390.889,-121.586,334.9347
0,2,-1389.075,-122.428,335.2212
0,2,-1387.257,-123.262,335.5076
0,2,-1385.435,-124.086,335.7941
0,2,-1383.609,-124.902,336.0805
0,2,-1381.779,-125.708,336.3670
0,2,-1379.945,-126.505,336.6534
0,2,-1378.107,-127.293,336.9399
0,2,-1376.265,-128.072,337.2263
0,2,-1374.419,-128.841,337.5128
0,2,-1372.570,-129.601,337.7992
0,2,-1370.716,-130.352,338.0857
0,2,-1368.859,-131.094,338.3721
0,2,-1366.998,-131.827,338.6586
0,2,-1365.134,-132.550,338.9450
0,2,-1363.266,-133.263,339.2315
0,2,-1361.394,-133.968,339.5179
0,2,-1359.519,-134.663,339.8044
0,2,-1357.641,-135.349,340.0908
0,2,-1355.759,-136.025,340.3773
0,2,-1353.873,-136.692,340.6637
0,2,-1351.985,-137.349,340.9502
0,2,-1350.093,-137.997,341.2366
0,2,-1348.198,-138.636,341.5231
0,2,-1346.299,-139.265,341.8095
0,2,-1344.398,-139.884,342.0960
0,2,-1342.494,-140.494,342.3824
0,2,-1340.586,-141.095,342.6689
0,2,-1338.676,-141.686,342.9553
0,2,-1336.762,-142.267,343.2418
0,2,-1334.846,-142.839,343.5282
0,2,-1332.927,-143.401,343.8147
0,2,-1331.005,-143.954,344.1011
0,2,-1329.080,-144.497,344.3876
0,2,-1327.153,-145.030,344.6740
0,2,-1325.223,-145.554,344.9605
0,2,-1323.290,-146.068,345.2469
0,2,-1321.355,-146.573,345.5334
0,2,-1319.417,-147.067,345.8198
0,2,-1317.477,-147.552,346.1063
0,2,-1315.535,-148.028,346.3927
0,2,-1313.590,-148.493,346.6792
0,2,-1311.643,-148.949,346.9656
0,2,-1309.694,-149.395,347.2521
0,2,-1307.742,-149.832,347.5385
0,2,-1305.788,-150.258,347.8250
0,2,-1303.832,-150.675,348.1114
0,2,-1301.874,-151.082,348.3979
0,2,-1299.915,-151.480,348.6843
0,2,-1297.953,-151.867,348.9708
0,2,-1295.989,-152.245,349.2572
0,2,-1294.023,-152.613,349.5436
0,2,-1292.056,-152.971,349.8301
0,2,-1290.086,-153.319,350.1165
0,2,-1288.115,-153.657,350.4030
0,2,-1286.143,-153.986,350.6894
0,2,-1284.169,-154.304,350.9759
0,2,-1282.193,-154.613,351.2623
0,2,-1280.215,-154.912,351.5488
0,2,-1278.237,-155.201,351.8352
0,2,-1276.256,-155.480,352.1217
0,2,-1274.275,-155.749,352.4081
0,2,-1272.292,-156.008,352.6946
0,2,-1270.308,-156.258,352.9810
0,2,-1268.322,-156.497,353.2675
0,2,-1266.336,-156.726,353.5539
0,2,-1264.348,-156.946,353.8404
0,2,-1262.359,-157.156,354.1268
0,2,-1260.369,-157.355,354.4133
0,2,-1258.379,-157.545,354.6997
0,2,-1256.387,-157.725,354.9862
0,2,-1254.394,-157.894,355.2726
0,2,-1252.401,-158.054,355.5591
0,2,-1250.407,-158.204,355.8455
0,2,-1248.412,-158.344,356.1320
0,2,-1246.416,-158.474,356.4184
0,2,-1244.420,-158.594,356.7049
0,2,-1242.423,-158.704,356.9913
0,2,-1240.426,-158.804,357.2778
0,2,-1238.428,-158.894,357.5642
0,2,-1236.430,-158.974,357.8507
0,2,-1234.432,-159.044,358.1371
0,2,-1232.433,-159.104,358.4236
0,2,-1230.434,-159.154,358.7100
0,2,-1228.434,-159.194,358.9965
0,2,-1226.435,-159.224,359.2829
0,2,-1224.435,-159.244,359.5694
0,2,-1222.435,-159.254,359.8558
0,2,-1220.435,-159.254,0.1423
0,2,-1218.436,-159.244,0.4287
0,2,-1216.436,-159.224,0.7152
0,2,-1214.436,-159.194,1.0016
0,2,-1212.437,-159.154,1.2881
0,2,-1210.438,-159.104,1.5745
0,2,-1208.439,-159.044,1.8610
0,2,-1206.440,-158.974,2.1474
0,2,-1204.442,-158.894,2.4339
0,2,-1202.444,-158.804,2.7203
0,2,-1200.447,-158.705,3.0068
0,2,-1198.450,-158.595,3.2932
0,2,-1196.454,-158.475,3.5797
0,2,-1194.459,-158.345,3.8661
0,2,-1192.464,-158.205,4.1526
0,2,-1190.470,-158.055,4.4390
0,2,-1188.476,-157.896,4.7254
0,2,-1186.484,-157.726,5.0119
0,2,-1184.492,-157.546,5.2983
0,2,-1182.501,-157.356,5.5848
0,2,-1180.511,-157.157,5.8712
0,2,-1178.522,-156.947,6.1577
0,2,-1176.535,-156.728,6.4441
0,2,-1174.548,-156.498,6.7306
0,2,-1172.563,-156.259,7.0170
0,2,-1170.579,-156.010,7.3035
0,2,-1168.596,-155.751,7.5899
0,2,-1166.614,-155.482,7.8764
0,2,-1164.634,-155.203,8.1628
0,2,-1162.655,-154.914,8.4493
0,2,-1160.678,-154.615,8.7357
0,2,-1158.702,-154.306,9.0222
0,2,-1156.728,-153.988,9.3086
0,2,-1154.755,-153.659,9.5951
0,2,-1152.784,-153.321,9.8815
0,2,-1150.815,-152.973,10.1680
0,2,-1148.847,-152.615,10.4544
0,2,-1146.882,-152.247,10.7409
0,2,-1144.918,-151.870,11.0273
0,2,-1142.956,-151.482,11.3138
0,2,-1140.996,-151.085,11.6002
0,2,-1139.038,-150.678,11.8867
0,2,-1137.082,-150.261,12.1731
0,2,-1135.128,-149.835,12.4596
0,2,-1133.177,-149.398,12.7460
0,2,-1131.227,-148.952,13.0325
0,2,-1129.280,-148.496,13.3189
0,2,-1127.335,-148.031,13.6054
0,2,-1125.393,-147.556,13.8918
0,2,-1123.453,-147.071,14.1783
0,2,-1121.515,-146.576,14.4647
0,2,-1119.580,-146.071,14.7512
0,2,-1117.647,-145.557,15.0376
0,2,-1115.717,-145.034,15.3241
0,2,-1113.790,-144.500,15.6105
0,2,-1111.865,-143.958,15.8970
0,2,-1109.943,-143.405,16.1834
0,2,-1108.024,-142.843,16.4699
0,2,-1106.108,-142.271,16.7563
0,2,-1104.194,-141.690,17.0428
0,2,-1102.284,-141.099,17.3292
0,2,-1100.376,-140.498,17.6157
0,2,-1098.472,-139.888,17.9021
0,2,-1096.571,-139.269,18.1886
0,2,-1094.672,-138.640,18.4750
0,2,-1092.777,-138.002,18.7615
0,2,-1090.885,-137.354,19.0479
0,2,-1088.997,-136.696,19.3344
0,2,-1087.111,-136.029,19.6208
0,2,-1085.229,-135.353,19.9073
0,2,-1083.351,-134.668,20.1937
0,2,-1081.475,-133.973,20.4801
0,2,-1079.604,-133.268,20.7666
0,2,-1077.736,-132.554,21.0530
0,2,-1075.871,-131.831,21.3395
0,2,-1074.010,-131.099,21.6259
0,2,-1072.153,-130.357,21.9124
0,2,-1070.300,-129.606,22.1988
0,2,-1068.450,-128.846,22.4853
0,2,-1066.604,-128.077,22.7717
0,2,-1064.762,-127.298,23.0582
0,2,-1062.924,-126.510,23.3446
0,2,-1061.090,-125.713,23.6311
0,2,-1059.260,-124.907,23.9175
0,2,-1057.434,-124.092,24.2040
0,2,-1055.612,-123.267,24.4904
0,2,-1053.794,-122.434,24.7769
0,2,-1051.981,-121.591,25.0633
0,2,-1050.171,-120.740,25.3498
0,2,-1048.366,-119.879,25.6362
0,2,-1046.565,-119.009,25.9227
0,2,-1044.769,-118.130,26.2091
0,2,-1042.977,-117.243,26.4956
0,2,-1041.190,-116.346,26.7820
0,2,-1039.407,-115.441,27.0685
0,2,-1037.628,-114.526,27.3549
0,2,-1035.854,-113.603,27.6414
0,2,-1034.085,-112.671,27.9278
0,2,-1032.320,-111.729,28.2143
0,2,-1030.561,-110.780,28.5007
0,2,-1028.806,-109.821,28.7872
0,2,-1027.055,-108.854,29.0736
0,2,-1025.310,-107.877,29.3601
0,2,-1023.570,-106.893,29.6465
0,2,-1021.834,-105.899,29.9330
0,2,-1020.103,-104.897,30.2194
0,2,-1018.378,-103.886,30.5059
0,2,-1016.658,-102.867,30.7923
0,2,-1014.942,-101.839,31.0788
0,2,-1013.232,-100.802,31.3652
0,2,-1011.527,-99.757,31.6517
0,2,-1009.827,-98.703,31.9381
0,2,-1008.133,-97.641,32.2246
0,2,-1006.444,-96.570,32.5110
0,2,-1004.760,-95.491,32.7975
0,2,-1003.082,-94.404,33.0839
0,2,-1001.409,-93.308,33.3704
0,2,-999.742,-92.204,33.6568
0,2,-998.080,-91.092,33.9433
0,2,-996.424,-89.971,34.2297
0,2,-994.773,-88.842,34.5162
0,2,-993.128,-87.705,34.8026
0,2,-991.489,-86.559,35.0891
0,2,-989.856,-85.405,35.3755
0,2,-988.228,-84.244,35.6619
0,2,-986.606,-83.074,35.9484
0,2,-984.990,-81.896,36.2348
0,2,-983.380,-80.709,36.5213
0,2,-981.776,-79.515,36.8077
0,2,-980.178,-78.313,37.0942
0,2,-978.586,-77.103,37.3806
0,2,-977.000,-75.885,37.6671
0,2,-975.420,-74.659,37.9535
0,2,-973.846,-73.425,38.2400
0,2,-972.278,-72.184,38.5264
0,2,-970.717,-70.934,38.8129
0,2,-969.162,-69.677,39.0993
0,2,-967.613,-68.412,39.3858
0,2,-966.071,-67.139,39.6722
0,2,-964.535,-65.858,39.9587
0,2,-963.005,-64.570,40.2451
0,2,-961.482,-63.274,40.5316
0,2,-959.965,-61.971,40.8180
0,2,-958.455,-60.660,41.1045
0,2,-956.951,-59.341,41.3909
0,2,-955.454,-58.015,41.6774
0,2,-953.964,-56.682,41.9638
0,2,-952.480,-55.341,42.2503
0,2,-951.004,-53.993,42.5367
0,2,-949.533,-52.637,42.8232
0,2,-948.070,-51.274,43.1096
0,2,-946.614,-49.904,43.3961
0,2,-945.164,-48.526,43.6825
0,2,-943.721,-47.142,43.9690
0,2,-942.285,-45.750,44.2554
0,2,-940.856,-44.350,44.5419
0,2,-939.435,-42.944,44.8283
0,2,-938.020,-41.531,45.1148
0,2,-936.612,-40.110,45.4012
0,2,-935.212,-38.683,45.6877
0,2,-933.818,-37.249,45.9741
0,2,-932.432,-35.807,46.2606
0,2,-931.053,-34.359,46.5470
0,2,-929.681,-32.904,46.8335
0,2,-928.317,-31.442,47.1199
0,2,-926.960,-29.973,47.4064
0,2,-925.610,-28.497,47.6928
0,2,-924.268,-27.015,47.9793
0,2,-922.933,-25.526,48.2657
0,2,-921.605,-24.030,48.5522
0,2,-920.285,-22.528,48.8386
0,2,-918.973,-21.019,49.1251
0,2,-917.668,-19.504,49.4115
0,2,-916.371,-17.982,49.6980
0,2,-915.081,-16.454,49.9844
0,2,-913.799,-14.919,50.2709
0,2,-912.524,-13.378,50.5573
0,2,-911.258,-11.830,50.8438
1,0,-911.258,-11.830,50.8438
1,0,-910.000,-10.277,51.1300
1,0,-908.749,-8.718,51.4163
1,0,-907.507,-7.152,51.7026
1,0,-906.272,-5.581,51.9889
1,0,-905.045,-4.003,52.2752
1,0,-903.826,-2.419,52.5615
1,0,-902.615,-0.829,52.8478
1,0,-901.412,0.767,53.1341
1,0,-900.217,2.369,53.4204
1,0,-899.030,3.977,53.7067
1,0,-897.851,5.591,53.9930
1,0,-896.680,7.211,54.2792
1,0,-895.517,8.836,54.5655
1,0,-894.362,10.468,54.8518
1,0,-893.216,12.105,55.1381
1,0,-892.077,13.748,55.4244
1,0,-890.947,15.396,55.7107
1,0,-889.825,17.050,55.9970
1,0,-888.712,18.710,56.2833
1,0,-887.606,20.375,56.5696
1,0,-886.509,22.046,56.8559
1,0,-885.421,23.722,57.1422
1,0,-884.341,25.404,57.4285
1,0,-883.269,27.091,57.7147
1,0,-882.206,28.783,58.0010
1,0,-881.151,30.481,58.2873
1,0,-880.104,32.184,58.5736
1,0,-879.066,33.892,58.8599
1,0,-878.037,35.605,59.1462
1,0,-877.016,37.324,59.4325
1,0,-876.004,39.047,59.7188
1,0,-875.001,40.776,60.0051
1,0,-874.006,42.509,60.2914
1,0,-873.020,44.247,60.5777
1,0,-872.042,45.991,60.8640
1,0,-871.073,47.739,61.1502
1,0,-870.113,49.492,61.4365
1,0,-869.162,51.250,61.7228
1,0,-868.220,53.012,62.0091
1,0,-867.286,54.780,62.2954
1,0,-866.361,56.551,62.5817
1,0,-865.445,58.328,62.8680
1,0,-864.538,60.109,63.1543
1,0,-863.640,61.894,63.4406
1,0,-862.751,63.684,63.7269
1,0,-861.871,65.479,64.0132
1,0,-860.999,67.278,64.2994
1,0,-860.137,69.081,64.5857
1,0,-859.284,70.888,64.8720
1,0,-858.440,72.700,65.1583
1,0,-857.605,74.516,65.4446
1,0,-856.779,76.336,65.7309
1,0,-855.962,78.160,66.0172
1,0,-855.154,79.988,66.3035
1,0,-854.355,81.820,66.5898
1,0,-853.566,83.656,66.8761
1,0,-852.785,85.496,67.1624
1,0,-852.014,87.340,67.4487
1,0,-851.252,89.188,67.7349
1,0,-850.500,91.040,68.0212
1,0,-849.756,92.895,68.3075
1,0,-849.022,94.754,68.5938
1,0,-848.297,96.617,68.8801
1,0,-847.582,98.483,69.1664
1,0,-846.876,100.353,69.4527
1,0,-846.179,102.226,69.7390
1,0,-845.491,104.103,70.0253
1,0,-844.813,105.983,70.3116
1,0,-844.145,107.866,70.5979
1,1,-843.484,109.753,70.7414
1,1,-842.825,111.640,70.7414
1,1,-842.166,113.526,70.7414
1,1,-841.506,115.413,70.7414
1,1,-840.847,117.300,70.7414
1,1,-840.188,119.187,70.7414
1,2,-839.524,121.072,70.4655
1,2,-838.851,122.954,70.1792
1,2,-838.169,124.833,69.8929
1,2,-837.477,126.708,69.6066
1,2,-836.776,128.580,69.3203
1,2,-836.065,130.448,69.0340
1,2,-835.346,132.312,68.7477
1,2,-834.617,134.173,68.4614
1,2,-833.878,136.031,68.1752
1,2,-833.130,137.884,67.8889
1,2,-832.373,139.734,67.6026
1,2,-831.607,141.580,67.3163
1,2,-830.832,143.422,67.0300
1,2,-830.047,145.260,66.7437
1,2,-829.254,147.095,66.4574
1,2,-828.451,148.925,66.1711
1,2,-827.639,150.751,65.8848
1,2,-826.817,152.573,65.5985
1,2,-825.987,154.392,65.3122
1,2,-825.148,156.205,65.0260
1,2,-824.299,158.015,64.7397
1,2,-823.442,159.821,64.4534
1,2,-822.576,161.622,64.1671
1,2,-821.700,163.419,63.8808
1,2,-820.816,165.211,63.5945
1,2,-819.922,166.999,63.3082
1,2,-819.020,168.782,63.0219
1,2,-818.109,170.561,62.7356
1,2,-817.189,172.336,62.4493
1,2,-816.260,174.105,62.1630
1,2,-815.322,175.870,61.8767
1,2,-814.376,177.631,61.5905
1,2,-813.421,179.386,61.3042
1,2,-812.457,181.137,61.0179
1,2,-811.484,182.883,60.7316
1,2,-810.502,184.624,60.4453
1,2,-809.512,186.360,60.1590
1,2,-808.513,188.092,59.8727
1,2,-807.506,189.818,59.5864
1,2,-806.490,191.539,59.3001
1,2,-805.465,193.255,59.0138
1,2,-804.432,194.966,58.7275
1,2,-803.390,196.671,58.4412
1,2,-802.339,198.372,58.1550
1,2,-801.281,200.067,57.8687
1,2,-800.213,201.757,57.5824
1,2,-799.138,203.442,57.2961
1,2,-798.054,205.121,57.0098
1,2,-796.961,206.794,56.7235
1,2,-795.860,208.463,56.4372
1,2,-794.751,210.125,56.1509
1,2,-793.634,211.782,55.8646
1,2,-792.508,213.434,55.5783
1,2,-791.374,215.080,55.2920
1,2,-790.232,216.720,55.0058
1,2,-789.082,218.355,54.7195
1,2,-787.923,219.983,54.4332
1,2,-786.757,221.606,54.1469
1,2,-785.582,223.223,53.8606
1,2,-784.399,224.834,53.5743
1,2,-783.208,226.440,53.2880
1,2,-782.010,228.039,53.0017
1,2,-780.803,229.632,52.7154
1,2,-779.588,231.219,52.4291
1,2,-778.365,232.800,52.1428
1,2,-777.135,234.375,51.8565
1,2,-775.897,235.944,51.5703
1,2,-774.650,237.507,51.2840
1,2,-773.396,239.063,50.9977
1,2,-772.135,240.613,50.7114
1,2,-770.865,242.157,50.4251
1,2,-769.588,243.694,50.1388
1,2,-768.303,245.225,49.8525
1,2,-767.011,246.750,49.5662
1,2,-765.711,248.268,49.2799
1,2,-764.403,249.780,48.9936
1,2,-763.088,251.285,48.7073
1,2,-761.765,252.783,48.4210
1,2,-760.435,254.275,48.1348
1,2,-759.097,255.760,47.8485
1,2,-757.752,257.238,47.5622
1,2,-756.400,258.710,47.2759
1,2,-755.040,260.175,46.9896
1,2,-753.673,261.633,46.7033
1,2,-752.299,263.084,46.4170
1,2,-750.917,264.529,46.1307
1,2,-749.529,265.966,45.8444
1,2,-748.133,267.396,45.5581
1,2,-746.730,268.820,45.2718
1,2,-745.320,270.236,44.9855
1,2,-743.902,271.646,44.6993
1,2,-742.478,273.048,44.4130
1,2,-741.047,274.443,44.1267
1,2,-739.609,275.831,43.8404
1,2,-738.164,277.212,43.5541
1,2,-736.712,278.586,43.2678
1,2,-735.253,279.952,42.9815
1,2,-733.788,281.311,42.6952
1,2,-732.315,282.663,42.4089
1,2,-730.836,284.007,42.1226
1,2,-729.350,285.344,41.8363
1,2,-727.858,286.673,41.5501
1,2,-726.359,287.995,41.2638
1,2,-724.853,289.309,40.9775
1,2,-723.341,290.616,40.6912
1,2,-721.822,291.916,40.4049
1,2,-720.297,293.207,40.1186
1,2,-718.765,294.491,39.8323
1,2,-717.227,295.768,39.5460
1,2,-715.683,297.037,39.2597
1,2,-714.132,298.297,38.9734
1,2,-712.575,299.551,38.6871
1,2,-711.012,300.796,38.4008
1,2,-709.443,302.034,38.1146
1,2,-707.867,303.263,37.8283
1,2,-706.285,304.485,37.5420
1,2,-704.697,305.699,37.2557
1,2,-703.104,306.905,36.9694
1,2,-701.504,308.103,36.6831
1,2,-699.898,309.293,36.3968
1,2,-698.286,310.475,36.1105
1,2,-696.668,311.649,35.8242
1,2,-695.045,312.815,35.5379
1,2,-693.416,313.972,35.2516
1,2,-691.781,315.122,34.9653
1,2,-690.140,316.263,34.6791
1,2,-688.493,317.396,34.3928
1,2,-686.841,318.521,34.1065
1,2,-685.184,319.638,33.8202
1,2,-683.520,320.746,33.5339
1,2,-681.851,321.846,33.2476
1,2,-680.177,322.938,32.9613
1,2,-678.498,324.021,32.6750
1,2,-676.812,325.096,32.3887
1,2,-675.122,326.162,32.1024
1,2,-673.426,327.220,31.8161
1,2,-671.725,328.270,31.5298
1,2,-670.019,329.310,31.2436
1,2,-668.308,330.343,30.9573
1,2,-666.591,331.367,30.6710
1,2,-664.869,332.382,30.3847
1,2,-663.143,333.389,30.0984
1,2,-661.411,334.387,29.8121
1,2,-659.674,335.376,29.5258
1,2,-657.933,336.357,29.2395
1,2,-656.186,337.328,28.9532
1,2,-654.435,338.292,28.6669
1,2,-652.679,339.246,28.3806
1,2,-650.918,340.192,28.0944
1,2,-649.153,341.129,27.8081
1,2,-647.382,342.057,27.5218
1,2,-645.608,342.976,27.2355
1,2,-643.828,343.886,26.9492
1,2,-642.044,344.787,26.6629
1,2,-640.256,345.680,26.3766
1,2,-638.463,346.563,26.0903
1,2,-636.666,347.438,25.8040
1,2,-634.864,348.303,25.5177
1,2,-633.058,349.160,25.2314
1,2,-631.248,350.007,24.9451
1,2,-629.434,350.846,24.6589
1,2,-627.616,351.675,24.3726
1,2,-625.793,352.495,24.0863
1,2,-623.966,353.306,23.8000
1,2,-622.135,354.108,23.5137
1,2,-620.301,354.901,23.2274
1,2,-618.462,355.685,22.9411
1,2,-616.620,356.459,22.6548
1,2,-614.773,357.224,22.3685
1,2,-612.923,357.981,22.0822
1,2,-611.069,358.727,21.7959
1,2,-609.211,359.465,21.5096
1,2,-607.350,360.193,21.2234
1,2,-605.485,360.912,20.9371
1,2,-603.617,361.621,20.6508
1,2,-601.745,362.322,20.3645
1,2,-599.869,363.012,20.0782
1,2,-597.990,363.694,19.7919
1,2,-596.108,364.366,19.5056
1,2,-594.222,365.029,19.2193
1,2,-592.333,365.682,18.9330
1,2,-590.441,366.326,18.6467
1,2,-588.546,366.960,18.3604
1,2,-586.647,367.585,18.0742
1,2,-584.746,368.200,17.7879
1,2,-582.841,368.806,17.5016
1,2,-580.933,369.402,17.2153
1,2,-579.023,369.989,16.9290
1,2,-577.109,370.566,16.6427
1,2,-575.193,371.134,16.3564
1,2,-573.274,371.692,16.0701
1,2,-571.352,372.240,15.7838
1,2,-569.427,372.779,15.4975
1,2,-567.500,373.308,15.2112
1,2,-565.570,373.828,14.9249
1,2,-563.637,374.338,14.6387
1,2,-561.702,374.838,14.3524
1,2,-559.764,375.329,14.0661
1,2,-557.824,375.810,13.7798
1,2,-555.882,376.281,13.4935
1,2,-553.937,376.742,13.2072
1,2,-551.991,377.194,12.9209
1,2,-550.041,377.636,12.6346
1,2,-548.090,378.069,12.3483
1,2,-546.136,378.491,12.0620
1,2,-544.181,378.904,11.7757
1,2,-542.223,379.307,11.4894
1,2,-540.264,379.700,11.2032
1,2,-538.302,380.084,10.9169
1,2,-536.339,380.457,10.6306
1,2,-534.373,380.821,10.3443
1,2,-532.406,381.175,10.0580
1,2,-530.437,381.519,9.7717
1,2,-528.467,381.853,9.4854
1,2,-526.495,382.178,9.1991
1,2,-524.521,382.492,8.9128
1,2,-522.545,382.797,8.6265
1,2,-520.569,383.092,8.3402
1,2,-518.590,383.377,8.0539
1,2,-516.611,383.652,7.7677
1,2,-514.630,383.917,7.4814
1,2,-512.647,384.173,7.1951
1,2,-510.664,384.418,6.9088
1,2,-508.679,384.653,6.6225
1,2,-506.693,384.879,6.3362
1,2,-504.706,385.095,6.0499
1,2,-502.718,385.300,5.7636
1,2,-500.729,385.496,5.4773
1,2,-498.739,385.682,5.1910
1,2,-496.748,385.858,4.9047
1,2,-494.756,386.024,4.6185
1,2,-492.764,386.180,4.3322
1,2,-490.770,386.326,4.0459
1,2,-488.776,386.462,3.7596
1,2,-486.781,386.588,3.4733
1,2,-484.786,386.704,3.1870
1,2,-482.790,386.810,2.9007
1,2,-480.794,386.906,2.6144
1,2,-478.797,386.992,2.3281
1,2,-476.800,387.068,2.0418
1,2,-474.802,387.135,1.7555
1,2,-472.804,387.191,1.4692
1,2,-470.806,387.237,1.1830
1,2,-468.808,387.273,0.8967
1,2,-466.809,387.300,0.6104
1,2,-464.811,387.316,0.3241
1,2,-462.812,387.322,0.0378
1,2,-460.813,387.319,359.7515
1,2,-458.815,387.305,359.4652
1,2,-456.816,387.281,359.1789
1,2,-454.818,387.248,358.8926
1,2,-452.820,387.204,358.6063
1,2,-450.822,387.150,358.3200
1,2,-448.824,387.087,358.0337
1,2,-446.827,387.013,357.7475
1,2,-444.830,386.930,357.4612
1,2,-442.833,386.836,357.1749
1,2,-440.837,386.733,356.8886
1,2,-438.842,386.619,356.6023
1,2,-436.847,386.496,356.3160
1,2,-434.853,386.362,356.0297
1,2,-432.859,386.219,355.7434
1,2,-430.866,386.066,355.4571
1,2,-428.874,385.902,355.1708
1,2,-426.883,385.729,354.8845
1,2,-424.893,385.546,354.5982
1,2,-422.903,385.353,354.3120
1,2,-420.915,385.150,354.0257
1,2,-418.928,384.937,353.7394
1,2,-416.942,384.714,353.4531
1,2,-414.956,384.481,353.1668
1,2,-412.973,384.238,352.8805
1,2,-410.990,383.986,352.5942
1,2,-409.009,383.723,352.3079
1,2,-407.028,383.451,352.0216
1,2,-405.050,383.168,351.7353
1,2,-403.073,382.876,351.4490
1,2,-401.097,382.574,351.1628
1,2,-399.123,382.262,350.8765
1,2,-397.150,381.940,350.5902
1,2,-395.179,381.608,350.3039
1,2,-393.210,381.267,350.0176
1,2,-391.242,380.915,349.7313
1,2,-389.277,380.554,349.4450
1,2,-387.313,380.183,349.1587
1,2,-385.350,379.802,348.8724
1,2,-383.390,379.412,348.5861
1,2,-381.432,379.011,348.2998
1,2,-379.476,378.601,348.0135
1,2,-377.522,378.181,347.7273
1,2,-375.570,377.751,347.4410
1,2,-373.620,377.312,347.1547
1,2,-371.673,376.863,346.8684
1,2,-369.727,376.404,346.5821
1,2,-367.784,375.935,346.2958
1,2,-365.844,375.457,346.0095
1,2,-363.906,374.969,345.7232
1,2,-361.970,374.471,345.4369
1,2,-360.037,373.964,345.1506
1,2,-358.106,373.447,344.8643
1,2,-356.178,372.920,344.5780
1,2,-354.253,372.384,344.2918
1,2,-352.330,371.838,344.0055
1,2,-350.410,371.282,343.7192
1,2,-348.493,370.717,343.4329
1,2,-346.579,370.142,343.1466
1,2,-344.667,369.558,342.8603
1,2,-342.759,368.964,342.5740
1,2,-340.853,368.361,342.2877
1,2,-338.951,367.748,342.0014
1,2,-337.052,367.126,341.7151
1,2,-335.155,366.494,341.4288
1,2,-333.262,365.853,341.1426
1,2,-331.373,365.202,340.8563
1,2,-329.486,364.542,340.5700
1,2,-327.603,363.872,340.2837
1,2,-325.723,363.193,339.9974
1,2,-323.847,362.505,339.7111
1,2,-321.974,361.807,339.4248
1,2,-320.104,361.100,339.1385
1,2,-318.238,360.384,338.8522
1,2,-316.376,359.658,338.5659
1,2,-314.517,358.923,338.2796
1,2,-312.662,358.179,337.9933
1,2,-310.811,357.425,337.7071
1,2,-308.964,356.662,337.4208
1,2,-307.120,355.890,337.1345
1,2,-305.281,355.109,336.8482
1,2,-303.445,354.318,336.5619
1,2,-301.613,353.519,336.2756
1,2,-299.785,352.710,335.9893
1,2,-297.962,351.892,335.7030
1,2,-296.142,351.065,335.4167
1,2,-294.327,350.229,335.1304
1,2,-292.515,349.384,334.8441
1,2,-290.708,348.530,334.5578
1,2,-288.906,347.667,334.2716
1,2,-287.107,346.795,333.9853
1,2,-285.313,345.914,333.6990
1,2,-283.524,345.024,333.4127
1,2,-281.739,344.125,333.1264
1,2,-279.958,343.217,332.8401
1,2,-278.182,342.300,332.5538
1,2,-276.411,341.374,332.2675
1,2,-274.644,340.440,331.9812
1,2,-272.882,339.497,331.6949
1,2,-271.124,338.544,331.4086
1,2,-269.372,337.584,331.1223
1,2,-267.624,336.614,330.8361
1,2,-265.881,335.636,330.5498
1,2,-264.143,334.649,330.2635
1,2,-262.410,333.653,329.9772
1,2,-260.682,332.649,329.6909
1,2,-258.959,331.636,329.4046
1,2,-257.241,330.614,329.1183
1,2,-255.529,329.584,328.8320
1,2,-253.821,328.545,328.5457
1,2,-252.119,327.498,328.2594
1,2,-250.422,326.442,327.9731
1,2,-248.730,325.378,327.6869
1,2,-247.043,324.305,327.4006
1,2,-245.362,323.224,327.1143
1,2,-243.686,322.135,326.8280
1,2,-242.016,321.037,326.5417
1,2,-240.351,319.931,326.2554
1,2,-238.692,318.817,325.9691
1,2,-237.039,317.694,325.6828
1,2,-235.391,316.563,325.3965
1,2,-233.748,315.424,325.1102
1,2,-232.112,314.277,324.8239
1,2,-230.481,313.121,324.5376
1,2,-228.856,311.958,324.2514
1,2,-227.237,310.786,323.9651
1,2,-225.624,309.606,323.6788
1,2,-224.016,308.418,323.3925
1,2,-222.415,307.222,323.1062
1,2,-220.819,306.018,322.8199
1,2,-219.230,304.806,322.5336
1,2,-217.646,303.587,322.2473
1,2,-216.069,302.359,321.9610
1,2,-214.498,301.124,321.6747
1,2,-212.933,299.880,321.3884
1,2,-211.375,298.629,321.1021
1,2,-209.822,297.370,320.8159
1,2,-208.276,296.103,320.5296
1,2,-206.737,294.829,320.2433
1,2,-205.203,293.547,319.9570
1,2,-203.676,292.257,319.6707
1,2,-202.156,290.960,319.3844
1,2,-200.642,289.655,319.0981
1,2,-199.135,288.343,318.8118
1,2,-197.634,287.023,318.5255
1,2,-196.139,285.695,318.2392
1,2,-194.652,284.360,317.9529
1,2,-193.171,283.018,317.6667
1,2,-191.697,281.668,317.3804
1,2,-190.230,280.311,317.0941
1,2,-188.769,278.947,316.8078
1,2,-187.315,277.575,316.5215
1,2,-185.868,276.196,316.2352
1,2,-184.428,274.810,315.9489
1,2,-182.995,273.417,315.6626
1,2,-181.569,272.017,315.3763
1,2,-180.150,270.609,315.0900
1,2,-178.738,269.195,314.8037
1,2,-177.333,267.773,314.5174
1,2,-175.936,266.344,314.2312
1,2,-174.545,264.909,313.9449
1,2,-173.162,263.466,313.6586
1,2,-171.785,262.017,313.3723
1,2,-170.416,260.560,313.0860
1,2,-169.055,259.097,312.7997
1,2,-167.701,257.627,312.5134
1,2,-166.354,256.151,312.2271
1,2,-165.014,254.667,311.9408
1,2,-163.682,253.177,311.6545
1,2,-162.357,251.681,311.3682
1,2,-161.040,250.178,311.0819
1,2,-159.730,248.668,310.7957
1,2,-158.428,247.151,310.5094
1,2,-157.134,245.628,310.2231
1,2,-155.847,244.099,309.9368
1,2,-154.568,242.563,309.6505
1,2,-153.296,241.021,309.3642
1,2,-152.032,239.473,309.0779
1,2,-150.776,237.918,308.7916
1,2,-149.528,236.357,308.5053
1,2,-148.288,234.790,308.2190
1,2,-147.055,233.217,307.9327
1,2,-145.830,231.637,307.6464
1,2,-144.613,230.052,307.3602
1,2,-143.405,228.460,307.0739
1,2,-142.204,226.862,306.7876
1,2,-141.011,225.259,306.5013
1,2,-139.826,223.649,306.2150
1,2,-138.649,222.034,305.9287
1,2,-137.480,220.412,305.6424
1,2,-136.320,218.785,305.3561
1,2,-135.167,217.152,305.0698
1,2,-134.023,215.513,304.7835
1,2,-132.887,213.869,304.4972
1,2,-131.759,212.219,304.2110
1,2,-130.639,210.563,303.9247
1,2,-129.528,208.902,303.6384
1,2,-128.425,207.235,303.3521
1,2,-127.330,205.563,303.0658
1,2,-126.244,203.885,302.7795
1,2,-125.166,202.202,302.4932
1,2,-124.097,200.514,302.2069
1,2,-123.036,198.820,301.9206
1,2,-121.983,197.121,301.6343
1,2,-120.939,195.417,301.3480
1,2,-119.904,193.707,301.0617
1,2,-118.877,191.992,300.7755
1,2,-117.858,190.273,300.4892
1,2,-116.848,188.548,300.2029
1,2,-115.847,186.818,299.9166
1,2,-114.855,185.083,299.6303
1,2,-113.871,183.343,299.3440
1,2,-112.896,181.598,299.0577
1,2,-111.929,179.849,298.7714
1,2,-110.972,178.095,298.4851
1,2,-110.023,176.336,298.1988
1,2,-109.083,174.572,297.9125
1,2,-108.152,172.803,297.6262
1,2,-107.229,171.030,297.3400
1,2,-106.316,169.252,297.0537
1,2,-105.411,167.470,296.7674
1,2,-104.516,165.683,296.4811
1,2,-103.629,163.892,296.1948
1,2,-102.751,162.096,295.9085
1,2,-101.882,160.296,295.6222
1,2,-101.022,158.492,295.3359
1,2,-100.172,156.684,295.0496
1,2,-99.330,154.871,294.7633
1,2,-98.497,153.054,294.4770
1,2,-97.674,151.233,294.1907
1,2,-96.859,149.407,293.9045
1,2,-96.054,147.578,293.6182
1,2,-95.258,145.745,293.3319
1,2,-94.471,143.908,293.0456
1,2,-93.693,142.067,292.7593
1,2,-92.924,140.222,292.4730
1,2,-92.165,138.373,292.1867
1,2,-91.415,136.520,291.9004
1,2,-90.674,134.664,291.6141
1,2,-89.942,132.804,291.3278
1,2,-89.220,130.940,291.0415
1,2,-88.507,129.073,290.7553
1,2,-87.804,127.202,290.4690
1,2,-87.109,125.328,290.1827
1,2,-86.424,123.450,289.8964
1,2,-85.749,121.569,289.6101
1,2,-85.083,119.685,289.3238
1,2,-84.426,117.797,289.0375
1,2,-83.779,115.906,288.7512
1,2,-83.141,114.012,288.4649
1,2,-82.513,112.115,288.1786
1,2,-81.894,110.214,287.8923
1,2,-81.285,108.311,287.6060
1,2,-80.685,106.404,287.3198
1,2,-80.095,104.494,287.0335
1,2,-79.514,102.582,286.7472
1,2,-78.943,100.667,286.4609
1,2,-78.381,98.748,286.1746
1,2,-77.829,96.828,285.8883
1,2,-77.287,94.904,285.6020
1,2,-76.754,92.977,285.3157
1,2,-76.231,91.048,285.0294
1,2,-75.718,89.117,284.7431
1,2,-75.214,87.183,284.4568
1,2,-74.720,85.246,284.1705
1,2,-74.235,83.307,283.8843
1,2,-73.760,81.365,283.5980
1,2,-73.295,79.422,283.3117
1,2,-72.840,77.475,283.0254
1,2,-72.394,75.527,282.7391
1,2,-71.959,73.577,282.4528
1,2,-71.533,71.624,282.1665
1,2,-71.116,69.669,281.8802
1,2,-70.710,67.712,281.5939
1,2,-70.313,65.753,281.3076
1,2,-69.926,63.792,281.0213
1,2,-69.549,61.829,280.7351
1,2,-69.181,59.865,280.4488
1,2,-68.824,57.898,280.1625
1,2,-68.476,55.930,279.8762
1,2,-68.138,53.960,279.5899
1,2,-67.810,51.989,279.3036
1,2,-67.492,50.015,279.0173
1,2,-67.183,48.041,278.7310
1,2,-66.885,46.064,278.4447
1,2,-66.596,44.087,278.1584
1,2,-66.318,42.108,277.8721
1,2,-66.049,40.127,277.5858
1,2,-65.790,38.145,277.2996
1,2,-65.541,36.162,277.0133
1,2,-65.302,34.178,276.7270
1,2,-65.073,32.192,276.4407
1,2,-64.854,30.206,276.1544
1,2,-64.644,28.218,275.8681
1,2,-64.445,26.229,275.5818
1,2,-64.255,24.239,275.2955
1,2,-64.076,22.249,275.0092
1,2,-63.906,20.257,274.7229
1,2,-63.747,18.265,274.4366
1,2,-63.597,16.272,274.1503
1,2,-63.458,14.278,273.8641
1,2,-63.328,12.284,273.5778
1,2,-63.208,10.289,273.2915
1,2,-63.098,8.293,273.0052
1,2,-62.998,6.297,272.7189
1,2,-62.909,4.300,272.4326
1,2,-62.829,2.303,272.1463
1,2,-62.759,0.305,271.8600
1,2,-62.699,-1.692,271.5737
1,2,-62.649,-3.690,271.2874
1,2,-62.609,-5.689,271.0011
1,2,-62.579,-7.687,270.7148
1,2,-62.559,-9.686,270.4286
1,2,-62.549,-11.684,270.1423
1,2,-62.549,-13.683,269.8560
1,2,-62.559,-15.682,269.5697
1,2,-62.579,-17.680,269.2834
1,2,-62.609,-19.679,268.9971
1,2,-62.649,-21.677,268.7108
1,2,-62.699,-23.675,268.4245
1,2,-62.759,-25.673,268.1382
1,2,-62.829,-27.670,267.8519
1,2,-62.909,-29.668,267.5656
1,2,-62.999,-31.664,267.2794
1,2,-63.099,-33.660,266.9931
1,2,-63.209,-35.656,266.7068
1,2,-63.329,-37.651,266.4205
1,2,-63.458,-39.646,266.1342
1,2,-63.598,-41.639,265.8479
1,2,-63.748,-43.632,265.5616
1,2,-63.907,-45.625,265.2753
1,2,-64.077,-47.616,264.9890
1,2,-64.257,-49.607,264.7027
1,2,-64.446,-51.597,264.4164
1,2,-64.646,-53.585,264.1301
1,2,-64.855,-55.573,263.8439
1,2,-65.074,-57.560,263.5576
1,2,-65.303,-59.545,263.2713
1,2,-65.543,-61.529,262.9850
1,2,-65.792,-63.513,262.6987
1,2,-66.051,-65.494,262.4124
1,2,-66.319,-67.475,262.1261
1,2,-66.598,-69.454,261.8398
1,2,-66.887,-71.432,261.5535
1,2,-67.185,-73.408,261.2672
1,2,-67.494,-75.383,260.9809
1,2,-67.812,-77.356,260.6946
1,2,-68.140,-79.328,260.4084
1,2,-68.478,-81.297,260.1221
1,2,-68.826,-83.266,259.8358
1,2,-69.183,-85.232,259.5495
1,2,-69.551,-87.197,259.2632
1,2,-69.928,-89.160,258.9769
1,2,-70.315,-91.120,258.6906
1,2,-70.712,-93.079,258.4043
1,2,-71.119,-95.036,258.1180
1,2,-71.535,-96.991,257.8317
1,2,-71.961,-98.944,257.5454
1,2,-72.397,-100.894,257.2592
1,2,-72.843,-102.843,256.9729
1,2,-73.298,-104.789,256.6866
1,2,-73.763,-106.733,256.4003
1,2,-74.238,-108.674,256.1140
1,2,-74.723,-110.613,255.8277
1,2,-75.217,-112.550,255.5414
1,2,-75.721,-114.484,255.2551
1,2,-76.234,-116.415,254.9688
1,2,-76.757,-118.344,254.6825
1,2,-77.290,-120.271,254.3962
1,2,-77.833,-122.195,254.1099
1,2,-78.385,-124.115,253.8237
1,2,-78.946,-126.034,253.5374
1,2,-79.518,-127.949,253.2511
1,2,-80.098,-129.861,252.9648
1,2,-80.689,-131.771,252.6785
1,2,-81.288,-133.677,252.3922
1,2,-81.898,-135.581,252.1059
1,2,-82.517,-137.481,251.8196
1,2,-83.145,-139.379,251.5333
1,2,-83.783,-141.273,251.2470
1,2,-84.430,-143.164,250.9607
1,2,-85.087,-145.052,250.6744
1,2,-85.753,-146.936,250.3882
1,2,-86.429,-148.817,250.1019
1,2,-87.113,-150.695,249.8156
1,2,-87.808,-152.569,249.5293
1,2,-88.511,-154.440,249.2430
1,2,-89.224,-156.307,248.9567
1,2,-89.947,-158.171,248.6704
1,2,-90.678,-160.031,248.3841
1,2,-91.419,-161.887,248.0978
1,2,-92.170,-163.739,247.8115
1,2,-92.929,-165.588,247.5252
1,2,-93.698,-167.433,247.2389
1,2,-94.476,-169.274,246.9527
1,2,-95.263,-171.111,246.6664
1,2,-96.059,-172.945,246.3801
1,2,-96.864,-174.774,246.0938
1,2,-97.679,-176.599,245.8075
1,2,-98.502,-178.420,245.5212
1,2,-99.335,-180.237,245.2349
1,2,-100.177,-182.050,244.9486
1,2,-101.028,-183.859,244.6623
1,2,-101.888,-185.663,244.3760
1,2,-102.756,-187.463,244.0897
1,2,-103.634,-189.258,243.8035
1,2,-104.521,-191.050,243.5172
1,2,-105.417,-192.836,243.2309
1,2,-106.321,-194.618,242.9446
1,2,-107.235,-196.396,242.6583
1,2,-108.157,-198.169,242.3720
1,2,-109.089,-199.938,242.0857
1,2,-110.029,-201.702,241.7994
1,2,-110.978,-203.461,241.5131
1,2,-111.935,-205.215,241.2268
1,2,-112.902,-206.964,240.9405
1,2,-113.877,-208.709,240.6542
1,2,-114.861,-210.449,240.3680
1,2,-115.853,-212.184,240.0817
1,2,-116.855,-213.914,239.7954
1,2,-117.864,-215.638,239.5091
1,2,-118.883,-217.358,239.2228
1,2,-119.910,-219.073,238.9365
1,2,-120.945,-220.782,238.6502
1,2,-121.990,-222.487,238.3639
1,2,-123.042,-224.186,238.0776
1,2,-124.103,-225.879,237.7913
1,2,-125.173,-227.568,237.5050
1,2,-126.251,-229.251,237.2187
1,2,-127.337,-230.929,236.9325
1,2,-128.432,-232.601,236.6462
1,2,-129.535,-234.268,236.3599
1,2,-130.646,-235.929,236.0736
1,2,-131.766,-237.584,235.7873
1,2,-132.894,-239.234,235.5010
1,2,-134.030,-240.879,235.2147
1,2,-135.174,-242.517,234.9284
1,2,-136.327,-244.150,234.6421
1,2,-137.487,-245.777,234.3558
1,2,-138.656,-247.399,234.0695
1,2,-139.833,-249.014,233.7832
1,2,-141.018,-250.624,233.4970
1,2,-142.211,-252.227,233.2107
1,2,-143.412,-253.825,232.9244
1,2,-144.621,-255.417,232.6381
1,2,-145.838,-257.002,232.3518
1,2,-147.063,-258.582,232.0655
1,2,-148.295,-260.155,231.7792
1,2,-149.536,-261.722,231.4929
1,2,-150.784,-263.283,231.2066
1,2,-152.040,-264.838,230.9203
1,2,-153.304,-266.386,230.6340
1,2,-154.576,-267.928,230.3478
1,2,-155.855,-269.464,230.0615
1,2,-157.142,-270.993,229.7752
1,2,-158.436,-272.516,229.4889
1,2,-159.738,-274.032,229.2026
1,2,-161.048,-275.542,228.9163
1,2,-162.365,-277.045,228.6300
1,2,-163.690,-278.542,228.3437
1,2,-165.022,-280.032,228.0574
1,2,-166.362,-281.515,227.7711
1,2,-167.709,-282.992,227.4848
1,2,-169.063,-284.462,227.1985
1,2,-170.425,-285.925,226.9123
1,2,-171.794,-287.381,226.6260
1,2,-173.170,-288.830,226.3397
1,2,-174.554,-290.273,226.0534
1,2,-175.944,-291.708,225.7671
1,2,-177.342,-293.137,225.4808
1,2,-178.747,-294.559,225.1945
1,2,-180.159,-295.973,224.9082
1,2,-181.578,-297.381,224.6219
1,2,-183.004,-298.781,224.3356
1,2,-184.437,-300.174,224.0493
1,2,-185.877,-301.560,223.7630
1,2,-187.324,-302.939,223.4768
1,2,-188.778,-304.311,223.1905
1,2,-190.239,-305.675,222.9042
1,2,-191.706,-307.032,222.6179
1,2,-193.180,-308.382,222.3316
1,2,-194.661,-309.724,222.0453
1,2,-196.149,-311.059,221.7590
1,2,-197.643,-312.386,221.4727
1,2,-199.144,-313.706,221.1864
1,2,-200.651,-315.018,220.9001
1,2,-202.165,-316.323,220.6138
1,2,-203.686,-317.620,220.3276
1,2,-205.213,-318.910,220.0413
1,2,-206.746,-320.192,219.7550
1,2,-208.286,-321.466,219.4687
1,2,-209.832,-322.733,219.1824
1,2,-211.384,-323.992,218.8961
1,2,-212.943,-325.243,218.6098
1,2,-214.508,-326.486,218.3235
1,2,-216.079,-327.722,218.0372
1,2,-217.656,-328.949,217.7509
1,2,-219.240,-330.169,217.4646
1,2,-220.829,-331.381,217.1783
1,2,-222.424,-332.585,216.8921
1,2,-224.026,-333.781,216.6058
1,2,-225.633,-334.968,216.3195
1,2,-227.247,-336.148,216.0332
1,2,-228.866,-337.320,215.7469
1,2,-230.491,-338.483,215.4606
1,2,-232.122,-339.639,215.1743
1,2,-233.759,-340.786,214.8880
1,2,-235.401,-341.925,214.6017
1,2,-237.049,-343.056,214.3154
1,2,-238.702,-344.179,214.0291
1,2,-240.362,-345.293,213.7428
1,2,-242.026,-346.399,213.4566
1,2,-243.697,-347.497,213.1703
1,2,-245.372,-348.586,212.8840
1,2,-247.054,-349.667,212.5977
1,2,-248.740,-350.740,212.3114
1,2,-250.432,-351.804,212.0251
1,2,-252.129,-352.860,211.7388
1,2,-253.832,-353.907,211.4525
1,2,-255.539,-354.945,211.1662
1,2,-257.252,-355.975,210.8799
1,2,-258.970,-356.997,210.5936
1,2,-260.693,-358.010,210.3073
1,2,-262.421,-359.014,210.0211
1,2,-264.154,-360.010,209.7348
1,2,-265.892,-360.997,209.4485
1,2,-267.635,-361.975,209.1622
1,2,-269.383,-362.945,208.8759
1,2,-271.135,-363.906,208.5896
1,2,-272.893,-364.858,208.3033
1,2,-274.655,-365.801,208.0170
1,2,-276.421,-366.735,207.7307
1,2,-278.193,-367.661,207.4444
1,2,-279.969,-368.578,207.1581
1,2,-281.750,-369.485,206.8719
1,2,-283.535,-370.384,206.5856
1,2,-285.324,-371.274,206.2993
1,2,-287.118,-372.155,206.0130
1,2,-288.917,-373.028,205.7267
1,2,-290.719,-373.891,205.4404
1,2,-292.526,-374.745,205.1541
1,2,-294.338,-375.590,204.8678
1,2,-296.153,-376.426,204.5815
1,2,-297.973,-377.253,204.2952
1,2,-299.797,-378.070,204.0089
1,2,-301.624,-378.879,203.7226
1,2,-303.456,-379.679,203.4364
1,2,-305.292,-380.469,203.1501
1,2,-307.132,-381.250,202.8638
1,2,-308.975,-382.022,202.5775
1,2,-310.823,-382.785,202.2912
1,2,-312.674,-383.538,202.0049
1,2,-314.529,-384.283,201.7186
1,2,-316.387,-385.018,201.4323
1,2,-318.250,-385.743,201.1460
1,2,-320.116,-386.460,200.8597
1,2,-321.985,-387.167,200.5734
1,2,-323.858,-387.864,200.2871
1,2,-325.735,-388.553,200.0009
1,2,-327.614,-389.232,199.7146
1,2,-329.498,-389.901,199.4283
1,2,-331.384,-390.561,199.1420
1,2,-333.274,-391.212,198.8557
1,2,-335.167,-391.853,198.5694
1,2,-337.063,-392.485,198.2831
1,2,-338.963,-393.107,197.9968
1,2,-340.865,-393.720,197.7105
1,2,-342.770,-394.323,197.4242
1,2,-344.679,-394.917,197.1379
1,2,-346.590,-395.501,196.8517
1,2,-348.505,-396.076,196.5654
1,2,-350.422,-396.641,196.2791
1,2,-352.342,-397.196,195.9928
1,2,-354.264,-397.742,195.7065
1,2,-356.190,-398.278,195.4202
1,2,-358.118,-398.805,195.1339
1,2,-360.049,-399.322,194.8476
1,2,-361.982,-399.829,194.5613
1,2,-363.918,-400.327,194.2750
1,2,-365.856,-400.815,193.9887
1,2,-367.796,-401.293,193.7024
1,2,-369.739,-401.762,193.4162
1,2,-371.685,-402.221,193.1299
1,2,-373.632,-402.670,192.8436
1,2,-375.582,-403.109,192.5573
1,2,-377.534,-403.539,192.2710
1,2,-379.488,-403.959,191.9847
1,2,-381.444,-404.369,191.6984
1,2,-383.402,-404.769,191.4121
1,2,-385.363,-405.160,191.1258
1,2,-387.325,-405.541,190.8395
1,2,-389.289,-405.912,190.5532
1,2,-391.254,-406.273,190.2669
1,2,-393.222,-406.624,189.9807
1,2,-395.191,-406.966,189.6944
1,2,-397.162,-407.297,189.4081
1,2,-399.135,-407.619,189.1218
1,2,-401.109,-407.931,188.8355
1,2,-403.085,-408.233,188.5492
1,2,-405.062,-408.525,188.2629
1,2,-407.041,-408.808,187.9766
1,2,-409.021,-409.080,187.6903
1,2,-411.002,-409.342,187.4040
1,2,-412.985,-409.595,187.1177
1,2,-414.969,-409.838,186.8314
1,2,-416.954,-410.071,186.5452
1,2,-418.940,-410.293,186.2589
1,2,-420.927,-410.506,185.9726
1,2,-422.916,-410.709,185.6863
1,2,-424.905,-410.902,185.4000
1,2,-426.895,-411.086,185.1137
1,2,-428.886,-411.259,184.8274
1,2,-430.878,-411.422,184.5411
1,2,-432.871,-411.575,184.2548
1,2,-434.865,-411.718,183.9685
1,2,-436.859,-411.852,183.6822
1,2,-438.854,-411.975,183.3960
1,2,-440.849,-412.089,183.1097
1,2,-442.845,-412.192,182.8234
1,2,-444.842,-412.286,182.5371
1,2,-446.839,-412.369,182.2508
1,2,-448.836,-412.443,181.9645
1,2,-450.834,-412.506,181.6782
1,2,-452.832,-412.560,181.3919
1,2,-454.830,-412.603,181.1056
1,2,-456.828,-412.637,180.8193
1,2,-458.827,-412.660,180.5330
1,2,-460.826,-412.674,180.2467
1,2,-462.824,-412.678,179.9605
1,2,-464.823,-412.671,179.6742
1,2,-466.822,-412.655,179.3879
1,2,-468.820,-412.628,179.1016
1,2,-470.818,-412.592,178.8153
1,2,-472.817,-412.546,178.5290
1,2,-474.815,-412.489,178.2427
1,2,-476.812,-412.423,177.9564
1,2,-478.809,-412.347,177.6701
1,2,-480.806,-412.261,177.3838
1,2,-482.803,-412.164,177.0975
1,2,-484.798,-412.058,176.8112
1,2,-486.794,-411.942,176.5250
1,2,-488.788,-411.816,176.2387
1,2,-490.782,-411.680,175.9524
1,2,-492.776,-411.534,175.6661
1,2,-494.768,-411.378,175.3798
1,2,-496.760,-411.212,175.0935
1,2,-498.751,-411.036,174.8072
1,2,-500.741,-410.850,174.5209
1,2,-502.730,-410.654,174.2346
1,2,-504.718,-410.448,173.9483
1,2,-506.705,-410.233,173.6620
1,2,-508.691,-410.007,173.3757
1,2,-510.676,-409.772,173.0895
1,2,-512.660,-409.526,172.8032
1,2,-514.642,-409.271,172.5169
1,2,-516.623,-409.006,172.2306
1,2,-518.603,-408.731,171.9443
1,2,-520.581,-408.445,171.6580
1,2,-522.558,-408.151,171.3717
1,2,-524.533,-407.846,171.0854
1,2,-526.507,-407.531,170.7991
1,2,-528.479,-407.207,170.5128
1,2,-530.449,-406.872,170.2265
1,2,-532.418,-406.528,169.9403
1,2,-534.385,-406.174,169.6540
1,2,-536.351,-405.810,169.3677
1,2,-538.314,-405.436,169.0814
1,2,-540.276,-405.053,168.7951
1,2,-542.235,-404.660,168.5088
1,2,-544.193,-404.257,168.2225
1,2,-546.148,-403.844,167.9362
1,2,-548.102,-403.421,167.6499
1,2,-550.053,-402.989,167.3636
1,2,-552.002,-402.547,167.0773
1,2,-553.949,-402.095,166.7910
1,2,-555.894,-401.633,166.5048
1,2,-557.836,-401.162,166.2185
1,2,-559.776,-400.681,165.9322
1,2,-561.714,-400.190,165.6459
1,2,-563.649,-399.690,165.3596
1,2,-565.581,-399.180,165.0733
1,2,-567.511,-398.660,164.7870
1,2,-569.439,-398.131,164.5007
1,2,-571.363,-397.592,164.2144
1,2,-573.285,-397.044,163.9281
1,2,-575.205,-396.486,163.6418
1,2,-577.121,-395.918,163.3555
1,2,-579.034,-395.341,163.0693
1,2,-580.945,-394.754,162.7830
1,2,-582.853,-394.157,162.4967
1,2,-584.757,-393.552,162.2104
1,2,-586.659,-392.936,161.9241
1,2,-588.557,-392.311,161.6378
1,2,-590.453,-391.677,161.3515
1,2,-592.345,-391.033,161.0652
1,2,-594.234,-390.380,160.7789
1,2,-596.119,-389.717,160.4926
1,2,-598.002,-389.045,160.2063
1,2,-599.881,-388.363,159.9201
1,2,-601.756,-387.672,159.6338
1,2,-603.628,-386.972,159.3475
1,2,-605.497,-386.263,159.0612
1,2,-607.361,-385.544,158.7749
1,2,-609.223,-384.815,158.4886
1,2,-611.080,-384.078,158.2023
1,2,-612.934,-383.331,157.9160
1,2,-614.785,-382.575,157.6297
1,2,-616.631,-381.810,157.3434
1,2,-618.473,-381.035,157.0571
1,2,-620.312,-380.252,156.7708
1,2,-622.147,-379.459,156.4846
1,2,-623.977,-378.657,156.1983
1,2,-625.804,-377.845,155.9120
1,2,-627.627,-377.025,155.6257
1,2,-629.445,-376.196,155.3394
1,2,-631.259,-375.357,155.0531
1,2,-633.070,-374.510,154.7668
1,2,-634.875,-373.653,154.4805
1,2,-636.677,-372.788,154.1942
1,2,-638.474,-371.913,153.9079
1,2,-640.267,-371.029,153.6216
1,2,-642.055,-370.137,153.3353
1,2,-643.839,-369.236,153.0491
1,2,-645.619,-368.325,152.7628
1,2,-647.393,-367.406,152.4765
1,2,-649.164,-366.478,152.1902
1,2,-650.929,-365.541,151.9039
1,2,-652.690,-364.595,151.6176
1,2,-654.446,-363.641,151.3313
1,2,-656.197,-362.678,151.0450
1,2,-657.944,-361.706,150.7587
1,2,-659.685,-360.725,150.4724
1,2,-661.422,-359.736,150.1861
1,2,-663.153,-358.738,149.8998
1,2,-664.880,-357.731,149.6136
1,2,-666.602,-356.716,149.3273
1,2,-668.318,-355.692,149.0410
1,2,-670.030,-354.659,148.7547
1,2,-671.736,-353.618,148.4684
1,2,-673.437,-352.569,148.1821
1,2,-675.132,-351.511,147.8958
1,2,-676.823,-350.444,147.6095
1,2,-678.508,-349.369,147.3232
1,2,-680.188,-348.286,147.0369
1,2,-681.862,-347.195,146.7506
1,2,-683.530,-346.095,146.4644
1,2,-685.194,-344.986,146.1781
1,2,-686.851,-343.870,145.8918
1,2,-688.503,-342.745,145.6055
1,2,-690.150,-341.611,145.3192
1,2,-691.791,-340.470,145.0329
1,2,-693.426,-339.321,144.7466
1,2,-695.055,-338.163,144.4603
1,2,-696.678,-336.997,144.1740
1,2,-698.296,-335.823,143.8877
1,2,-699.908,-334.641,143.6014
1,2,-701.513,-333.451,143.3151
1,2,-703.113,-332.253,143.0289
1,2,-704.707,-331.047,142.7426
1,2,-706.295,-329.833,142.4563
1,2,-707.877,-328.611,142.1700
1,2,-709.452,-327.381,141.8837
1,2,-711.022,-326.144,141.5974
1,2,-712.585,-324.898,141.3111
1,2,-714.142,-323.645,141.0248
1,2,-715.692,-322.384,140.7385
1,2,-717.237,-321.115,140.4522
1,2,-718.775,-319.839,140.1659
1,2,-720.306,-318.555,139.8796
1,2,-721.831,-317.263,139.5934
1,2,-723.350,-315.963,139.3071
1,2,-724.862,-314.657,139.0208
1,2,-726.368,-313.342,138.7345
1,2,-727.867,-312.020,138.4482
1,2,-729.359,-310.691,138.1619
1,2,-730.845,-309.354,137.8756
1,2,-732.324,-308.009,137.5893
1,2,-733.797,-306.658,137.3030
1,2,-735.262,-305.299,137.0167
1,2,-736.721,-303.932,136.7304
1,2,-738.173,-302.559,136.4441
1,2,-739.618,-301.178,136.1579
1,2,-741.056,-299.790,135.8716
1,2,-742.487,-298.395,135.5853
1,2,-743.911,-296.992,135.2990
1,2,-745.328,-295.583,135.0127
1,2,-746.738,-294.166,134.7264
1,2,-748.141,-292.743,134.4401
1,2,-749.537,-291.312,134.1538
1,2,-750.926,-289.875,133.8675
1,2,-752.307,-288.431,133.5812
1,2,-753.682,-286.979,133.2949
1,2,-755.048,-285.521,133.0087
1,2,-756.408,-284.056,132.7224
1,2,-757.760,-282.584,132.4361
1,2,-759.105,-281.106,132.1498
1,2,-760.443,-279.621,131.8635
1,2,-761.773,-278.129,131.5772
1,2,-763.096,-276.631,131.2909
1,2,-764.411,-275.126,131.0046
1,2,-765.719,-273.614,130.7183
1,2,-767.019,-272.096,130.4320
1,2,-768.311,-270.571,130.1457
1,2,-769.596,-269.040,129.8594
1,2,-770.873,-267.503,129.5732
1,2,-772.142,-265.959,129.2869
1,2,-773.404,-264.409,129.0006
1,2,-774.658,-262.852,128.7143
1,2,-775.904,-261.290,128.4280
1,2,-777.143,-259.721,128.1417
1,2,-778.373,-258.146,127.8554
1,2,-779.596,-256.565,127.5691
1,2,-780.810,-254.978,127.2828
1,2,-782.017,-253.384,126.9965
1,2,-783.216,-251.785,126.7102
1,2,-784.406,-250.180,126.4239
1,2,-785.589,-248.569,126.1377
1,2,-786.764,-246.951,125.8514
1,2,-787.930,-245.328,125.5651
1,2,-789.089,-243.700,125.2788
1,2,-790.239,-242.065,124.9925
1,2,-791.381,-240.425,124.7062
1,2,-792.515,-238.779,124.4199
1,2,-793.641,-237.128,124.1336
1,2,-794.758,-235.470,123.8473
1,2,-795.867,-233.808,123.5610
1,2,-796.968,-232.139,123.2747
1,2,-798.060,-230.466,122.9885
1,2,-799.144,-228.786,122.7022
1,2,-800.220,-227.102,122.4159
1,2,-801.287,-225.412,122.1296
1,2,-802.346,-223.717,121.8433
1,2,-803.396,-222.016,121.5570
1,2,-804.438,-220.310,121.2707
1,2,-805.471,-218.600,120.9844
1,2,-806.496,-216.883,120.6981
1,2,-807.512,-215.162,120.4118
1,2,-808.519,-213.436,120.1255
1,2,-809.518,-211.705,119.8392
1,2,-810.508,-209.969,119.5530
1,2,-811.490,-208.228,119.2667
1,2,-812.463,-206.482,118.9804
1,2,-813.427,-204.731,118.6941
1,2,-814.382,-202.975,118.4078
1,2,-815.328,-201.215,118.1215
1,2,-816.266,-199.450,117.8352
1,2,-817.195,-197.680,117.5489
1,2,-818.115,-195.906,117.2626
1,2,-819.026,-194.127,116.9763
1,2,-819.928,-192.343,116.6900
1,2,-820.821,-190.555,116.4037
1,2,-821.706,-188.763,116.1175
1,2,-822.581,-186.966,115.8312
1,2,-823.447,-185.165,115.5449
1,2,-824.305,-183.359,115.2586
1,2,-825.153,-181.550,114.9723
1,2,-825.992,-179.736,114.6860
1,2,-826.823,-177.918,114.3997
1,2,-827.644,-176.095,114.1134
1,2,-828.456,-174.269,113.8271
1,2,-829.258,-172.439,113.5408
1,2,-830.052,-170.604,113.2545
1,2,-830.837,-168.766,112.9682
1,2,-831.612,-166.924,112.6820
1,2,-832.378,-165.078,112.3957
1,2,-833.135,-163.228,112.1094
2,0,-833.135,-163.228,112.1094
2,0,-833.879,-161.385,111.8247
2,0,-834.613,-159.537,111.5399
2,0,-835.338,-157.687,111.2552
2,0,-836.054,-155.832,110.9705
2,0,-836.761,-153.975,110.6858
2,0,-837.458,-152.113,110.4011
2,0,-838.147,-150.249,110.1163
2,0,-838.826,-148.380,109.8316
2,0,-839.495,-146.509,109.5469
2,0,-840.156,-144.634,109.2622
2,0,-840.807,-142.756,108.9775
2,0,-841.449,-140.875,108.6927
2,0,-842.081,-138.990,108.4080
2,0,-842.704,-137.103,108.1233
2,0,-843.318,-135.212,107.8386
2,0,-843.922,-133.318,107.5539
2,0,-844.517,-131.422,107.2691
2,0,-845.102,-129.522,106.9844
2,0,-845.678,-127.620,106.6997
2,0,-846.244,-125.715,106.4150
2,0,-846.801,-123.806,106.1303
2,0,-847.349,-121.896,105.8455
2,0,-847.887,-119.982,105.5608
2,0,-848.415,-118.066,105.2761
2,0,-848.934,-116.147,104.9914
2,0,-849.444,-114.226,104.7067
2,0,-849.943,-112.302,104.4219
2,0,-850.434,-110.376,104.1372
2,0,-850.914,-108.447,103.8525
2,0,-851.385,-106.516,103.5678
2,0,-851.847,-104.582,103.2831
2,0,-852.299,-102.647,102.9983
2,0,-852.741,-100.709,102.7136
2,0,-853.174,-98.769,102.4289
2,0,-853.597,-96.827,102.1442
2,0,-854.010,-94.882,101.8595
2,0,-854.414,-92.936,101.5747
2,0,-854.808,-90.988,101.2900
2,0,-855.192,-89.038,101.0053
2,0,-855.567,-87.085,100.7206
2,0,-855.932,-85.132,100.4359
2,0,-856.287,-83.176,100.1511
2,0,-856.632,-81.218,99.8664
2,0,-856.968,-79.259,99.5817
2,0,-857.294,-77.298,99.2970
2,0,-857.610,-75.336,99.0123
2,0,-857.917,-73.372,98.7276
2,0,-858.213,-71.407,98.4428
2,0,-858.500,-69.440,98.1581
2,0,-858.777,-67.471,97.8734
2,0,-859.045,-65.502,97.5887
2,0,-859.302,-63.531,97.3040
2,0,-859.550,-61.559,97.0192
2,0,-859.788,-59.585,96.7345
2,0,-860.016,-57.611,96.4498
2,0,-860.235,-55.635,96.1651
2,0,-860.443,-53.658,95.8804
2,0,-860.642,-51.680,95.5956
2,0,-860.831,-49.702,95.3109
2,0,-861.010,-47.722,95.0262
2,0,-861.179,-45.742,94.7415
2,0,-861.339,-43.760,94.4568
2,0,-861.488,-41.778,94.1720
2,0,-861.628,-39.795,93.8873
2,0,-861.758,-37.812,93.6026
2,0,-861.878,-35.828,93.3179
2,0,-861.988,-33.843,93.0332
2,0,-862.088,-31.858,92.7484
2,0,-862.178,-29.872,92.4637
2,0,-862.259,-27.886,92.1790
2,0,-862.330,-25.900,91.8943
2,0,-862.390,-23.913,91.6096
2,0,-862.441,-21.926,91.3248
2,0,-862.482,-19.939,91.0401
2,0,-862.513,-17.951,90.7554
2,0,-862.535,-15.964,90.4707
2,0,-862.546,-13.976,90.1860
2,0,-862.548,-11.988,89.9012
2,0,-862.539,-10.000,89.6165
2,0,-862.521,-8.013,89.3318
2,0,-862.493,-6.025,89.0471
2,0,-862.455,-4.038,88.7624
2,0,-862.407,-2.051,88.4776
2,0,-862.349,-0.064,88.1929
2,0,-862.282,1.923,87.9082
2,0,-862.204,3.909,87.6235
2,0,-862.117,5.895,87.3388
2,0,-862.020,7.880,87.0540
2,0,-861.913,9.865,86.7693
2,0,-861.796,11.849,86.4846
2,0,-861.669,13.833,86.1999
2,0,-861.532,15.816,85.9152
2,0,-861.386,17.798,85.6304
2,0,-861.229,19.780,85.3457
2,0,-861.063,21.760,85.0610
2,0,-860.887,23.740,84.7763
2,0,-860.701,25.719,84.4916
2,0,-860.505,27.697,84.2068
2,0,-860.300,29.674,83.9221
2,0,-860.084,31.650,83.6374
2,0,-859.859,33.625,83.3527
2,0,-859.624,35.599,83.0680
2,0,-859.379,37.572,82.7833
2,0,-859.125,39.543,82.4985
2,0,-858.860,41.513,82.2138
2,0,-858.586,43.482,81.9291
2,0,-858.302,45.449,81.6444
2,0,-858.009,47.415,81.3597
2,0,-857.705,49.379,81.0749
2,0,-857.392,51.342,80.7902
2,0,-857.069,53.304,80.5055
2,0,-856.736,55.263,80.2208
2,0,-856.394,57.221,79.9361
2,0,-856.041,59.178,79.6513
2,0,-855.679,61.132,79.3666
2,0,-855.308,63.085,79.0819
2,0,-854.926,65.035,78.7972
2,0,-854.535,66.984,78.5125
2,0,-854.135,68.931,78.2277
2,0,-853.724,70.876,77.9430
2,0,-853.304,72.819,77.6583
2,0,-852.875,74.760,77.3736
2,0,-852.435,76.698,77.0889
2,0,-851.986,78.635,76.8041
2,0,-851.528,80.569,76.5194
2,0,-851.060,82.501,76.2347
2,1,-850.582,84.430,76.0433
2,2,-850.099,86.358,75.7708
2,2,-849.605,88.284,75.4861
2,2,-849.102,90.207,75.2014
2,2,-848.590,92.127,74.9167
2,2,-848.068,94.045,74.6319
2,2,-847.536,95.960,74.3472
2,2,-846.995,97.873,74.0625
