q,r,cx,cy,selected,order,hole
-9,6,-600.000,519.615,0,-1,0
-9,7,-550.000,606.218,0,-1,0
-9,8,-500.000,692.820,0,-1,0
-9,9,-450.000,779.423,0,-1,0
-9,10,-400.000,866.025,0,-1,0
-8,5,-550.000,433.013,0,-1,0
-8,6,-500.000,519.615,0,-1,0
-8,7,-450.000,606.218,0,-1,0
-8,8,-400.000,692.820,0,-1,0
-8,9,-350.000,779.423,0,-1,0
-8,10,-300.000,866.025,0,-1,0
-7,-2,-800.000,-173.205,0,-1,0
-7,-1,-750.000,-86.603,0,-1,0
-7,0,-700.000,0.000,0,-1,0
-7,3,-550.000,259.808,0,-1,0
-7,4,-500.000,346.410,0,-1,0
-7,5,-450.000,433.013,0,-1,0
-7,6,-400.000,519.615,1,54,0
-7,7,-350.000,606.218,0,-1,0
-7,8,-300.000,692.820,1,55,0
-7,9,-250.000,779.423,0,-1,0
-7,10,-200.000,866.025,0,-1,0
-7,11,-150.000,952.628,0,-1,0
-6,-3,-750.000,-259.808,0,-1,0
-6,-2,-700.000,-173.205,0,-1,0
-6,-1,-650.000,-86.603,0,-1,0
-6,0,-600.000,0.000,0,-1,0
-6,2,-500.000,173.205,0,-1,0
-6,3,-450.000,259.808,0,-1,0
-6,4,-400.000,346.410,0,-1,0
-6,5,-350.000,433.013,0,-1,0
-6,6,-300.000,519.615,1,34,0
-6,7,-250.000,606.218,1,47,0
-6,8,-200.000,692.820,0,-1,0
-6,9,-150.000,779.423,0,-1,0
-6,10,-100.000,866.025,0,-1,0
-6,11,-50.000,952.628,0,-1,0
-5,-4,-700.000,-346.410,0,-1,0
-5,-3,-650.000,-259.808,0,-1,0
-5,-2,-600.000,-173.205,1,53,0
-5,-1,-550.000,-86.603,0,-1,0
-5,0,-500.000,0.000,0,-1,0
-5,1,-450.000,86.603,0,-1,0
-5,2,-400.000,173.205,0,-1,0
-5,3,-350.000,259.808,1,56,0
-5,4,-300.000,346.410,0,-1,0
-5,5,-250.000,433.013,1,22,0
-5,6,-200.000,519.615,1,31,0
-5,7,-150.000,606.218,1,33,0
-5,8,-100.000,692.820,1,46,0
-5,9,-50.000,779.423,1,59,0
-5,10,0.000,866.025,0,-1,0
-5,11,50.000,952.628,0,-1,0
-4,-5,-650.000,-433.013,0,-1,0
-4,-4,-600.000,-346.410,0,-1,0
-4,-3,-550.000,-259.808,1,35,0
-4,-2,-500.000,-173.205,0,-1,0
-4,-1,-450.000,-86.603,0,-1,0
-4,0,-400.000,0.000,0,-1,0
-4,1,-350.000,86.603,0,-1,0
-4,2,-300.000,173.205,1,51,0
-4,3,-250.000,259.808,0,-1,0
-4,4,-200.000,346.410,0,-1,0
-4,5,-150.000,433.013,1,21,0
-4,6,-100.000,519.615,0,-1,0
-4,7,-50.000,606.218,0,-1,0
-4,8,0.000,692.820,0,-1,0
-4,9,50.000,779.423,0,-1,0
-4,10,100.000,866.025,0,-1,0
-3,-5,-550.000,-433.013,0,-1,0
-3,-4,-500.000,-346.410,0,-1,0
-3,-3,-450.000,-259.808,1,30,0
-3,-2,-400.000,-173.205,0,-1,0
-3,-1,-350.000,-86.603,1,25,0
-3,0,-300.000,0.000,0,-1,0
-3,1,-250.000,86.603,1,48,0
-3,2,-200.000,173.205,0,-1,0
-3,3,-150.000,259.808,1,27,0
-3,4,-100.000,346.410,1,15,0
-3,5,-50.000,433.013,0,-1,0
-3,6,0.000,519.615,0,-1,0
-3,7,50.000,606.218,0,-1,0
-3,8,100.000,692.820,0,-1,0
-3,9,150.000,779.423,0,-1,0
-2,-5,-450.000,-433.013,0,-1,0
-2,-4,-400.000,-346.410,0,-1,0
-2,-3,-350.000,-259.808,1,29,0
-2,-2,-300.000,-173.205,1,14,0
-2,-1,-250.000,-86.603,1,13,0
-2,0,-200.000,0.000,1,11,0
-2,1,-150.000,86.603,1,2,0
-2,2,-100.000,173.205,0,-1,0
-2,3,-50.000,259.808,1,12,0
-2,4,0.000,346.410,1,49,0
-2,5,50.000,433.013,1,38,0
-2,6,100.000,519.615,0,-1,0
-2,7,150.000,606.218,0,-1,0
-1,-6,-400.000,-519.615,0,-1,0
-1,-5,-350.000,-433.013,0,-1,0
-1,-4,-300.000,-346.410,1,50,0
-1,-3,-250.000,-259.808,0,-1,0
-1,-2,-200.000,-173.205,0,-1,0
-1,-1,-150.000,-86.603,1,52,0
-1,0,-100.000,0.000,1,8,0
-1,1,-50.000,86.603,1,1,0
-1,2,0.000,173.205,1,3,0
-1,3,50.000,259.808,1,10,0
-1,4,100.000,346.410,1,24,0
-1,5,150.000,433.013,1,37,0
-1,6,200.000,519.615,0,-1,0
-1,7,250.000,606.218,0,-1,0
0,-6,-300.000,-519.615,0,-1,0
0,-5,-250.000,-433.013,0,-1,0
0,-4,-200.000,-346.410,0,-1,0
0,-3,-150.000,-259.808,0,-1,0
0,-2,-100.000,-173.205,0,-1,0
0,-1,-50.000,-86.603,0,-1,0
0,0,0.000,0.000,1,0,0
0,1,50.000,86.603,1,4,0
0,2,100.000,173.205,1,6,0
0,3,150.000,259.808,1,18,0
0,4,200.000,346.410,1,19,0
0,5,250.000,433.013,1,44,0
0,6,300.000,519.615,0,-1,0
0,7,350.000,606.218,0,-1,0
1,-6,-200.000,-519.615,0,-1,0
1,-5,-150.000,-433.013,0,-1,0
1,-4,-100.000,-346.410,0,-1,0
1,-3,-50.000,-259.808,0,-1,0
1,-2,0.000,-173.205,1,36,0
1,-1,50.000,-86.603,1,7,0
1,0,100.000,0.000,1,20,0
1,1,150.000,86.603,1,5,0
1,2,200.000,173.205,1,16,0
1,3,250.000,259.808,1,42,0
1,4,300.000,346.410,1,26,0
1,5,350.000,433.013,0,-1,0
1,6,400.000,519.615,0,-1,0
1,7,450.000,606.218,0,-1,0
2,-7,-150.000,-606.218,0,-1,0
2,-6,-100.000,-519.615,0,-1,0
2,-5,-50.000,-433.013,0,-1,0
2,-4,0.000,-346.410,1,40,0
2,-3,50.000,-259.808,0,-1,0
2,-2,100.000,-173.205,1,9,0
2,-1,150.000,-86.603,1,39,0
2,0,200.000,0.000,1,32,0
2,1,250.000,86.603,1,28,0
2,2,300.000,173.205,0,-1,0
2,3,350.000,259.808,0,-1,0
2,4,400.000,346.410,1,41,0
2,5,450.000,433.013,1,45,0
2,6,500.000,519.615,0,-1,0
2,7,550.000,606.218,0,-1,0
3,-8,-100.000,-692.820,0,-1,0
3,-7,-50.000,-606.218,0,-1,0
3,-6,0.000,-519.615,1,57,0
3,-5,50.000,-433.013,1,43,0
3,-4,100.000,-346.410,1,23,0
3,-3,150.000,-259.808,1,17,0
3,-2,200.000,-173.205,0,-1,0
3,-1,250.000,-86.603,0,-1,0
3,0,300.000,0.000,0,-1,0
3,1,350.000,86.603,0,-1,0
3,2,400.000,173.205,0,-1,0
3,3,450.000,259.808,0,-1,0
3,4,500.000,346.410,0,-1,0
3,5,550.000,433.013,0,-1,0
3,6,600.000,519.615,0,-1,0
4,-8,0.000,-692.820,0,-1,0
4,-7,50.000,-606.218,0,-1,0
4,-6,100.000,-519.615,0,-1,0
4,-5,150.000,-433.013,0,-1,0
4,-4,200.000,-346.410,0,-1,0
4,-3,250.000,-259.808,1,58,0
4,-2,300.000,-173.205,0,-1,0
4,-1,350.000,-86.603,0,-1,0
4,0,400.000,0.000,0,-1,0
4,1,450.000,86.603,0,-1,0
4,2,500.000,173.205,0,-1,0
4,3,550.000,259.808,0,-1,0
4,4,600.000,346.410,0,-1,0
4,5,650.000,433.013,0,-1,0
5,-8,100.000,-692.820,0,-1,0
5,-7,150.000,-606.218,0,-1,0
5,-6,200.000,-519.615,0,-1,0
5,-5,250.000,-433.013,0,-1,0
5,-4,300.000,-346.410,0,-1,0
5,-3,350.000,-259.808,0,-1,0
5,-2,400.000,-173.205,0,-1,0
6,-5,350.000,-433.013,0,-1,0
6,-4,400.000,-346.410,0,-1,0
6,-3,450.000,-259.808,0,-1,0
