id,x,y,q,r,nnM,obs,cpu,comm,score,isCH,isCL
0,511.995,173.959,2,1,12.171,0.990382,0.661787,0.433653,0.284226,0,0
1,-202.504,9.881,-1,0,21.093,0.782633,0.876373,0.877872,0.602114,0,1
2,-507.199,332.543,-4,2,10.045,0.037471,0.142165,0.427764,0.002279,0,0
3,-900.224,-208.044,-5,-1,38.199,0.985268,0.664404,0.788894,0.516422,0,1
4,-301.518,285.950,-3,2,40.386,0.716234,0.418227,0.659656,0.197599,0,0
5,457.924,306.453,2,2,9.407,0.297500,0.487134,0.779656,0.112990,0,0
6,175.535,640.061,-1,4,26.617,0.438962,0.492949,0.585371,0.126666,0,0
7,-1009.493,-193.830,-5,-1,57.098,0.412463,0.044443,0.040266,0.000738,0,0
8,-118.556,-228.558,0,-1,40.399,0.406479,0.230794,0.071473,0.006705,0,0
9,-182.019,-278.259,0,-2,10.841,0.203739,0.711435,0.688670,0.099821,0,0
10,-243.078,430.085,-3,3,26.668,0.962491,0.301068,0.310026,0.089838,0,0
11,-992.025,190.512,-6,1,21.090,0.862408,0.753806,0.722377,0.469609,0,0
12,-232.518,-663.665,1,-4,44.582,0.058719,0.297753,0.532701,0.009314,0,0
13,-331.961,-192.533,-1,-1,16.803,0.847402,0.855542,0.733794,0.531991,0,0
14,-309.587,30.025,-2,0,24.697,0.292037,0.933305,0.949870,0.258896,0,0
15,-607.297,13.556,-4,0,22.207,0.072571,0.487505,0.244601,0.008654,0,0
16,536.563,-368.850,4,-2,19.601,0.554524,0.725988,0.422280,0.170001,0,0
17,-506.672,60.924,-3,0,27.082,0.093685,0.503536,0.698590,0.032955,0,0
18,944.504,21.948,5,0,62.966,0.517772,0.388420,0.165612,0.033307,0,0
19,-933.624,-127.673,-5,-1,23.690,0.296502,0.011366,0.315295,0.001063,0,0
20,-237.661,-266.483,0,-2,32.842,0.328737,0.106771,0.427286,0.014997,0,0
21,-223.193,-206.079,-1,-1,10.641,0.677748,0.515182,0.897041,0.313214,0,0
22,-449.000,-178.309,-2,-1,26.957,0.896966,0.736968,0.312424,0.206524,0,0
23,912.488,357.074,4,2,41.471,0.893448,0.820440,0.135684,0.099459,0,0
24,214.051,217.182,1,1,17.916,0.664362,0.164183,0.637914,0.069582,0,0
25,-323.656,50.322,-2,0,16.533,0.726249,0.217672,0.256635,0.040570,0,0
26,4.326,0.771,0,0,35.738,0.037509,0.544391,0.224553,0.004585,0,0
27,418.262,346.883,1,2,32.101,0.243714,0.741282,0.265405,0.047948,0,0
28,-359.168,-328.444,-1,-2,12.602,0.257376,0.675034,0.261513,0.045435,0,0
29,-63.608,-207.014,0,-1,11.873,0.328516,0.644886,0.257038,0.054455,0,0
30,-575.905,483.490,-5,3,50.962,0.672519,0.377808,0.219249,0.055707,0,0
31,-480.526,264.279,-4,2,26.967,0.511938,0.485877,0.672406,0.167253,0,0
32,379.412,-700.389,5,-5,4.527,0.722870,0.315475,0.644449,0.146965,0,0
33,121.672,-102.090,1,-1,9.729,0.798811,0.573918,0.052828,0.024219,0,0
34,134.856,-155.729,1,-1,49.648,0.364188,0.554527,0.118240,0.023879,0,0
35,-442.122,369.315,-4,3,61.422,0.999208,0.097240,0.612125,0.059476,0,0
36,-99.010,43.993,-1,0,21.578,0.999109,0.780940,0.030573,0.023854,0,0
37,-633.798,-66.952,-3,-1,6.094,0.673188,0.095816,0.455127,0.029357,0,0
38,470.815,-375.489,4,-3,36.921,0.551800,0.296207,0.562905,0.092005,0,0
39,-77.599,-567.484,2,-4,35.446,0.170760,0.211165,0.416092,0.015004,0,0
40,366.503,200.008,2,1,29.038,0.958417,0.051188,0.295313,0.014488,0,0
41,-678.480,-388.309,-3,-2,8.628,0.866762,0.166207,0.224278,0.032310,0,0
42,292.554,600.774,0,4,18.967,0.046799,0.114747,0.066243,0.000356,0,0
43,-1015.040,139.970,-6,1,26.107,0.528374,0.084702,0.961609,0.043036,0,0
44,840.276,-11.832,5,0,30.512,0.517198,0.800117,0.110958,0.045917,0,0
45,374.398,-6.360,2,0,36.330,0.887511,0.190255,0.345469,0.058334,0,0
46,-206.643,-177.035,-1,-1,33.429,0.617997,0.994866,0.667250,0.410242,0,0
47,161.840,-484.498,2,-3,58.303,0.294384,0.424950,0.867787,0.108559,0,1
48,-28.451,-217.461,1,-2,33.831,0.785229,0.186653,0.558253,0.081821,0,0
49,-111.835,468.180,-2,3,16.501,0.093575,0.156862,0.920239,0.013508,0,0
50,-578.175,-152.448,-3,-1,42.227,0.270366,0.923601,0.645509,0.161190,0,0
51,779.381,-264.223,5,-2,48.497,0.725321,0.276361,0.225723,0.045246,0,0
52,-769.253,632.006,-6,4,61.571,0.495461,0.515534,0.471252,0.120370,0,0
53,4.096,-357.886,1,-2,26.664,0.460250,0.965376,0.984728,0.437528,0,1
54,-575.041,186.681,-4,1,21.207,0.645739,0.635907,0.730861,0.300113,0,1
55,882.149,154.693,5,1,43.277,0.146426,0.466700,0.859732,0.058752,0,0
56,-137.588,-39.837,-1,0,21.617,0.294102,0.133883,0.867932,0.034175,0,0
57,-95.191,255.799,-2,2,25.063,0.421160,0.110413,0.794265,0.036935,0,0
58,-403.282,57.696,-2,0,62.773,0.418426,0.620814,0.147954,0.038433,0,0
59,-523.315,114.799,-4,1,32.993,0.347317,0.478350,0.799211,0.132780,0,0
60,-294.764,-106.110,-1,-1,23.392,0.634231,0.092144,0.708930,0.041430,0,0
61,-537.546,-457.810,-2,-3,40.192,0.993390,0.977103,0.768470,0.745910,0,1
62,-5.523,-383.659,1,-2,27.509,0.697469,0.338648,0.182796,0.043176,0,0
63,-186.817,-208.747,0,-2,25.964,0.221778,0.159941,0.601805,0.021347,0,0
64,202.235,146.550,1,1,26.184,0.482054,0.222559,0.579452,0.062167,0,0
65,952.939,92.193,5,1,23.965,0.734720,0.365676,0.716895,0.192608,0,1
66,-788.682,-71.776,-4,-1,33.586,0.203231,0.064498,0.444551,0.005827,0,0
67,982.755,88.649,5,1,30.026,0.945103,0.069493,0.301667,0.019813,0,0
68,-207.948,366.233,-2,2,3.912,0.786139,0.690035,0.700079,0.379767,0,0
69,704.396,110.794,4,1,21.559,0.746366,0.250227,0.335635,0.062683,0,0
70,-558.432,419.156,-5,3,39.687,0.796452,0.086737,0.181762,0.012556,0,0
71,20.633,58.433,0,0,24.586,0.700462,0.174005,0.615730,0.075048,0,0
72,-419.619,-352.108,-1,-2,64.438,0.972412,0.584199,0.288274,0.163763,0,0
73,346.938,-512.502,4,-4,54.385,0.979330,0.173413,0.948219,0.161035,0,0
74,221.431,-409.043,3,-3,12.734,0.327077,0.666429,0.831923,0.181337,0,0
75,268.637,-421.765,3,-3,48.772,0.214173,0.921511,0.325173,0.064177,0,0
76,-755.264,-75.133,-4,-1,10.601,0.122707,0.728168,0.679252,0.060692,0,0
77,-332.844,451.613,-3,3,22.567,0.538186,0.161052,0.019953,0.001729,0,0
78,826.375,46.870,5,0,16.632,0.852896,0.801762,0.647106,0.442503,0,1
79,-577.462,-462.516,-2,-3,29.732,0.739292,0.546237,0.275902,0.111417,0,0
80,683.693,144.420,3,1,19.306,0.022500,0.504565,0.346153,0.003930,0,0
81,227.206,586.407,-1,4,34.977,0.281006,0.076734,0.848371,0.018293,0,0
82,203.166,236.197,0,2,4.769,0.758086,0.356820,0.055707,0.015069,0,0
83,-161.827,-201.701,0,-1,25.964,0.292373,0.935965,0.126950,0.034740,0,0
84,-627.954,188.564,-4,1,52.946,0.071860,0.552678,0.160606,0.006379,0,0
85,31.749,-196.741,1,-1,20.096,0.192738,0.572819,0.256102,0.028275,0,0
86,-314.941,-321.415,-1,-2,8.844,0.521823,0.425626,0.773345,0.171761,0,0
87,-615.790,-367.873,-2,-3,43.539,0.637519,0.958606,0.242297,0.148075,0,0
88,-740.377,12.765,-4,0,12.708,0.715007,0.676954,0.658872,0.318912,0,0
89,-293.696,-171.931,-1,-1,28.105,0.192939,0.337157,0.506079,0.032921,0,0
90,18.539,346.991,-1,2,59.307,0.329428,0.975083,0.431986,0.138763,0,0
91,-8.724,-487.765,1,-3,26.122,0.236282,0.938236,0.420474,0.093214,0,0
92,200.523,469.770,0,3,30.193,0.100651,0.260402,0.562145,0.014734,0,0
93,493.435,259.509,2,2,41.966,0.278201,0.235980,0.025870,0.001698,0,0
94,-809.289,-100.761,-4,-1,27.107,0.931482,0.378300,0.531830,0.187406,0,1
95,286.638,325.862,1,2,37.973,0.751364,0.149643,0.670508,0.075390,0,0
96,-528.759,285.903,-4,2,18.509,0.218039,0.613154,0.538167,0.071948,0,0
97,312.744,-42.240,2,0,35.842,0.992511,0.221501,0.313065,0.068825,0,0
98,349.502,231.324,1,2,25.452,0.543408,0.628811,0.421108,0.143893,0,0
99,431.452,885.757,-1,6,64.466,0.246049,0.488149,0.561212,0.067406,0,0
100,-219.878,-29.557,-1,0,20.196,0.779528,0.462285,0.015812,0.005698,0,0
101,347.353,-634.145,4,-4,24.878,0.479414,0.320652,0.780961,0.120053,0,0
102,-248.839,404.047,-3,3,26.668,0.111889,0.676749,0.149762,0.011340,0,0
103,875.627,69.199,5,0,12.559,0.742317,0.592997,0.633100,0.278685,0,0
104,284.132,1085.453,-2,7,53.023,0.280518,0.224672,0.155399,0.009794,0,0
105,151.396,540.478,-1,4,21.794,0.036171,0.329595,0.738664,0.008806,0,0
106,-211.669,365.027,-2,2,3.912,0.276404,0.641304,0.959678,0.170112,0,0
107,-274.200,53.675,-2,0,13.294,0.589831,0.037517,0.079477,0.001759,0,0
108,-858.087,105.948,-5,1,36.582,0.339253,0.281339,0.117249,0.011191,0,0
109,-797.103,157.442,-5,1,43.846,0.827360,0.614769,0.172739,0.087861,0,0
110,-686.064,-392.424,-3,-2,8.628,0.914484,0.185406,0.697524,0.118266,0,0
111,-715.598,-282.865,-3,-2,32.640,0.340075,0.488564,0.857481,0.142469,0,0
112,866.517,248.707,4,2,14.154,0.666665,0.499153,0.378579,0.125979,0,0
113,-309.043,-307.852,-1,-2,14.790,0.197593,0.141841,0.255181,0.007152,0,0
114,-503.315,364.023,-4,2,17.558,0.496314,0.085656,0.885037,0.037625,0,0
115,-81.664,-467.114,1,-3,20.471,0.671117,0.233716,0.707469,0.110967,0,0
116,18.585,-484.968,2,-3,25.664,0.143766,0.686862,0.491622,0.048546,0,0
117,-392.866,-14.094,-2,0,14.457,0.253888,0.771366,0.420466,0.082344,0,0
118,-723.595,-5.012,-4,0,24.447,0.393468,0.981100,0.929665,0.358880,0,1
119,86.751,-221.195,1,-1,12.032,0.813971,0.560671,0.230276,0.105091,0,0
120,-56.425,-197.560,0,-1,11.873,0.629142,0.127084,0.851781,0.068103,0,0
121,-609.595,-221.761,-3,-1,14.931,0.564218,0.988798,0.961375,0.536349,0,1
122,-567.362,206.448,-4,1,21.207,0.308040,0.371039,0.496314,0.056726,0,0
123,106.648,-365.625,2,-3,27.889,0.984118,0.548333,0.096862,0.052269,0,0
124,-844.655,144.892,-5,1,41.195,0.210534,0.020859,0.195586,0.000859,0,0
125,-245.244,242.469,-2,2,23.228,0.891392,0.076707,0.895353,0.061221,0,0
126,172.150,551.887,-1,4,22.039,0.951633,0.838686,0.948431,0.756963,0,1
127,-436.621,258.121,-4,2,44.334,0.881145,0.806172,0.614261,0.436343,0,0
128,575.609,-286.721,4,-2,18.789,0.521674,0.382869,0.141888,0.028340,0,0
129,-348.037,613.884,-4,4,16.212,0.961441,0.394095,0.581128,0.220189,0,0
130,449.962,341.826,2,2,7.127,0.110725,0.963396,0.786083,0.083853,0,0
131,-672.010,529.643,-6,4,41.092,0.537076,0.540270,0.999431,0.290001,0,0
132,-793.559,-185.388,-4,-1,23.265,0.012650,0.504582,0.283768,0.001811,0,0
133,337.036,1081.900,-2,7,53.023,0.856857,0.285784,0.060049,0.014705,0,0
134,-512.080,-183.102,-2,-1,5.084,0.553948,0.385087,0.014684,0.003132,0,0
135,-47.053,-488.581,1,-3,38.337,0.498599,0.897672,0.378562,0.169436,0,0
136,-233.691,-204.339,-1,-1,10.641,0.885387,0.807567,0.917572,0.656072,0,1
137,-745.573,152.894,-5,1,13.453,0.926518,0.479205,0.900190,0.399677,0,0
138,-35.660,-438.942,1,-3,11.010,0.747030,0.363247,0.581655,0.157836,0,0
139,279.767,8.271,2,0,14.106,0.971182,0.990391,0.648606,0.623862,0,1
140,-384.504,-69.210,-2,0,11.200,0.365027,0.498420,0.211405,0.038462,0,0
141,102.290,-437.690,2,-3,31.405,0.003839,0.311298,0.530019,0.000633,0,0
142,215.561,176.476,1,1,16.769,0.429503,0.085114,0.843963,0.030853,0,0
143,-174.494,307.555,-2,2,14.295,0.874075,0.828569,0.677960,0.491000,0,1
144,-148.387,-316.551,0,-2,25.659,0.591638,0.897340,0.810823,0.430466,0,0
145,-245.759,-350.554,0,-2,55.228,0.267734,0.823030,0.876805,0.193207,0,0
146,228.838,166.233,1,1,16.769,0.527833,0.792117,0.088237,0.036892,0,0
147,-662.500,-483.857,-2,-3,43.008,0.733350,0.762615,0.281154,0.157240,0,0
148,339.222,-577.620,4,-4,42.184,0.337918,0.325451,0.362451,0.039861,0,0
149,-263.839,45.345,-2,0,13.294,0.099730,0.098438,0.748816,0.007351,0,0
150,490.384,217.655,2,2,20.311,0.176631,0.411775,0.409291,0.029769,0,0
151,62.611,244.300,-1,2,22.913,0.110360,0.291249,0.441758,0.014199,0,0
152,-657.900,-230.612,-3,-2,29.668,0.789392,0.262076,0.978796,0.202494,0,0
153,-522.554,12.977,-3,0,21.879,0.148392,0.105538,0.567521,0.008888,0,0
154,-70.125,476.787,-2,3,42.589,0.358431,0.091732,0.768307,0.025262,0,0
155,76.543,312.135,-1,2,23.642,0.703781,0.813962,0.913211,0.523134,0,1
156,243.718,205.963,1,1,15.801,0.418362,0.051413,0.874060,0.018800,0,0
157,235.886,278.779,0,2,21.981,0.867329,0.249108,0.952755,0.205851,0,0
158,109.374,586.288,-1,4,62.164,0.691040,0.101398,0.287063,0.020115,0,0
159,-411.630,-196.755,-2,-1,19.520,0.460021,0.851206,0.396572,0.155287,0,0
160,99.881,308.356,0,2,23.642,0.522201,0.302868,0.132124,0.020896,0,0
161,-197.139,389.563,-3,3,25.712,0.592536,0.576484,0.466992,0.159519,0,0
162,271.332,943.561,-1,6,20.881,0.751796,0.836729,0.289105,0.181862,0,0
163,-233.690,503.184,-3,3,21.680,0.620738,0.578376,0.337809,0.121280,0,0
164,-97.399,390.091,-2,3,21.004,0.320365,0.487090,0.489448,0.076377,0,0
165,379.202,-316.887,3,-2,12.302,0.373097,0.493460,0.596900,0.109894,0,0
166,-936.689,-219.420,-5,-1,38.199,0.896895,0.334536,0.243017,0.072916,0,0
167,-351.516,468.578,-4,3,25.228,0.713207,0.419877,0.671797,0.201176,0,1
168,167.360,-193.257,1,-1,35.496,0.156457,0.012277,0.401771,0.000772,0,0
169,-661.832,-141.760,-3,-1,40.693,0.026918,0.104302,0.631322,0.001772,0,0
170,-275.911,6.755,-2,0,29.240,0.931176,0.745815,0.447353,0.310679,0,1
171,-1015.502,211.528,-6,1,14.768,0.235772,0.626722,0.656136,0.096953,0,0
172,-404.851,-229.056,-2,-1,22.245,0.913709,0.942733,0.125731,0.108303,0,0
173,-152.902,-664.545,1,-4,67.518,0.615483,0.149961,0.200836,0.018537,0,0
174,-231.103,172.617,-2,1,71.269,0.938721,0.773529,0.384607,0.279274,0,1
175,72.421,-651.676,2,-4,38.815,0.409438,0.091356,0.590086,0.022072,0,0
176,-465.173,68.185,-3,0,30.153,0.810063,0.842042,0.707410,0.482529,0,1
177,-517.058,-182.071,-2,-1,5.084,0.112424,0.129039,0.676868,0.009819,0,0
178,-523.739,399.883,-5,3,23.779,0.307818,0.936369,0.494622,0.142566,0,0
179,139.884,521.973,-1,4,21.794,0.189628,0.217609,0.889259,0.036695,0,0
180,-511.240,-70.716,-3,0,59.708,0.923043,0.056962,0.210312,0.011058,0,0
181,824.369,305.560,4,2,29.881,0.035845,0.185344,0.200005,0.001329,0,0
182,384.811,-334.141,3,-2,10.941,0.026628,0.050129,0.264360,0.000353,0,0
183,-968.191,171.949,-6,1,30.210,0.540173,0.164571,0.500104,0.044458,0,0
184,-127.259,310.314,-2,2,33.816,0.360373,0.763364,0.466557,0.128348,0,0
185,-88.385,-527.385,1,-3,41.525,0.563492,0.915536,0.203123,0.104791,0,0
186,-179.033,501.800,-3,3,47.695,0.644163,0.335581,0.323246,0.069876,0,0
187,812.771,-25.041,5,0,30.512,0.036306,0.115749,0.368408,0.001548,0,0
188,210.211,1104.150,-2,7,14.451,0.926192,0.557379,0.081538,0.042093,0,0
189,-171.056,432.960,-2,3,28.273,0.923588,0.895815,0.570584,0.472081,0,1
190,223.099,-259.443,2,-2,39.984,0.555179,0.781989,0.034892,0.015148,0,0
191,-169.967,8.938,-1,0,32.551,0.516496,0.532825,0.651316,0.179244,0,0
192,-997.195,88.294,-6,1,28.564,0.897944,0.780200,0.673905,0.472121,0,0
193,308.485,168.840,1,1,31.602,0.266496,0.914040,0.264844,0.064513,0,0
194,193.018,593.791,-1,4,34.977,0.569003,0.733848,0.303401,0.126688,0,0
195,-208.866,-141.004,-1,-1,36.099,0.072433,0.328987,0.825958,0.019682,0,0
196,-396.716,422.147,-4,3,44.004,0.647596,0.447928,0.015831,0.004592,0,0
197,-44.771,-667.553,2,-4,62.576,0.538509,0.254412,0.272380,0.037317,0,0
198,-936.623,-104.174,-5,-1,23.690,0.404677,0.093934,0.695409,0.026434,0,0
199,61.392,-95.598,1,-1,25.412,0.632853,0.668708,0.556000,0.235296,0,1
200,330.686,-358.729,3,-2,21.764,0.135843,0.069548,0.920904,0.008700,0,0
201,105.990,-218.237,1,-1,19.465,0.047917,0.361228,0.471326,0.008158,0,0
202,-750.376,573.399,-6,4,15.227,0.496224,0.211908,0.704248,0.074054,0,0
203,-59.873,-446.614,1,-3,25.400,0.345185,0.097684,0.427375,0.014411,0,0
204,-93.861,-174.540,0,-1,25.797,0.255238,0.433340,0.818051,0.090480,0,0
205,693.278,-316.720,5,-2,13.478,0.638822,0.090664,0.427358,0.024752,0,0
206,-753.345,170.591,-5,1,19.329,0.920703,0.759448,0.752518,0.526181,0,1
207,53.575,-373.162,2,-3,17.273,0.148499,0.870286,0.480055,0.062041,0,0
208,21.502,287.759,-1,2,45.179,0.373855,0.779105,0.254532,0.074138,0,0
209,-3.636,-615.658,2,-4,31.955,0.852468,0.698061,0.283730,0.168841,0,0
210,3.123,-464.485,2,-3,25.664,0.190232,0.416307,0.675675,0.053510,0,0
211,-128.333,-178.504,0,-1,15.956,0.941231,0.326619,0.914899,0.281262,0,0
212,-547.018,-119.364,-3,-1,45.446,0.479928,0.421053,0.176389,0.035644,0,0
213,-336.986,602.022,-4,4,16.212,0.396384,0.615928,0.324662,0.079264,0,0
214,-673.162,-347.680,-3,-2,40.975,0.514035,0.240249,0.954276,0.117850,0,0
215,73.700,-45.818,0,0,27.627,0.661954,0.469249,0.296655,0.092147,0,0
216,408.959,-485.829,4,-3,29.263,0.542167,0.011349,0.834881,0.005137,0,0
217,133.873,342.781,0,2,5.203,0.419576,0.312700,0.753816,0.098902,0,0
218,128.332,358.777,0,2,13.001,0.587496,0.322457,0.919434,0.174180,0,0
219,207.934,236.213,0,2,4.769,0.871459,0.567115,0.560167,0.276844,0,0
220,-330.131,69.279,-2,0,5.598,0.203124,0.348281,0.481954,0.034096,0,0
221,342.414,439.905,0,3,23.636,0.958848,0.065807,0.404960,0.025553,0,0
222,-540.269,300.398,-4,2,18.509,0.028636,0.515765,0.768558,0.011351,0,0
223,805.133,137.211,4,1,44.330,0.581017,0.370101,0.264459,0.056868,0,0
224,-443.468,-214.906,-2,-1,36.648,0.573039,0.174834,0.483438,0.048434,0,0
225,765.496,-310.690,5,-2,48.497,0.349407,0.105471,0.141579,0.005218,0,0
226,106.473,-393.513,2,-3,13.337,0.336035,0.605225,0.007872,0.001601,0,0
227,17.739,-670.439,2,-4,57.812,0.252293,0.237219,0.173820,0.010403,0,0
228,-346.527,-378.066,-1,-2,38.606,0.595471,0.689532,0.273451,0.112278,0,0
229,-238.303,-37.827,-1,0,20.196,0.358675,0.920712,0.004399,0.001453,0,0
230,-292.547,625.394,-4,4,26.060,0.102283,0.589329,0.118542,0.007145,0,0
231,-383.521,640.734,-4,4,31.924,0.529198,0.547858,0.442090,0.128173,0,0
232,-276.606,-33.620,-2,0,38.533,0.926318,0.086437,0.740199,0.059267,0,0
233,-39.385,-413.568,1,-3,25.646,0.065165,0.367943,0.167396,0.004014,0,0
234,-610.834,568.185,-6,4,35.668,0.266879,0.625451,0.299555,0.050002,0,0
235,-718.430,78.343,-4,0,51.836,0.605733,0.386921,0.436154,0.102222,0,0
236,293.783,581.846,0,4,3.279,0.970943,0.677921,0.311660,0.205142,0,0
237,749.519,72.467,4,1,43.348,0.804666,0.966330,0.597668,0.464730,0,0
238,506.994,150.858,2,1,18.422,0.060556,0.430927,0.022601,0.000590,0,0
239,162.273,-228.387,2,-2,31.908,0.127756,0.503219,0.385889,0.024809,0,0
240,-508.064,322.535,-4,2,10.045,0.893229,0.990877,0.723232,0.640119,0,1
241,282.088,810.644,-1,5,25.119,0.912713,0.194470,0.796934,0.141452,0,0
242,-331.598,665.505,-4,4,35.900,0.310768,0.678078,0.707877,0.149167,0,0
243,-978.251,-77.079,-5,-1,49.669,0.237691,0.563443,0.431002,0.057722,0,0
244,216.268,-379.386,3,-3,18.698,0.008016,0.700452,0.740219,0.004156,0,0
245,331.397,142.875,1,1,34.628,0.874816,0.734911,0.265930,0.170970,0,1
246,68.584,-165.973,1,-1,36.756,0.939245,0.413001,0.243163,0.094325,0,0
247,488.745,148.340,2,1,18.422,0.590448,0.251426,0.163657,0.024296,0,0
248,-316.504,-95.489,-1,-1,8.922,0.509151,0.897559,0.035260,0.016113,0,0
249,-721.382,214.634,-5,1,54.419,0.011668,0.940787,0.517963,0.005686,0,0
250,-41.747,-186.352,0,-1,18.468,0.070220,0.981825,0.463315,0.031943,0,0
251,237.580,308.013,0,2,19.208,0.123922,0.059060,0.149199,0.001092,0,0
252,-662.414,-440.849,-2,-3,27.181,0.805467,0.786935,0.994235,0.630196,0,0
253,179.420,-380.798,2,-2,19.988,0.878617,0.136855,0.249779,0.030034,0,0
254,-451.236,-95.075,-2,-1,33.750,0.091385,0.233842,0.501009,0.010706,0,0
255,-261.148,325.035,-3,2,17.649,0.297354,0.911245,0.995885,0.269847,0,0
256,512.207,-227.525,4,-2,52.002,0.975027,0.079934,0.459028,0.035776,0,0
257,-245.581,-66.677,-1,-1,29.754,0.854746,0.790607,0.541328,0.365812,0,0
258,189.265,538.002,-1,4,22.039,0.935887,0.577592,0.905514,0.489485,0,0
259,839.435,259.285,4,2,28.172,0.844835,0.197955,0.235525,0.039389,0,0
260,829.227,30.485,5,0,16.632,0.722254,0.233402,0.325858,0.054932,0,0
261,-901.221,-159.215,-5,-1,45.221,0.781006,0.251856,0.656326,0.129100,0,0
262,-468.473,-15.199,-3,0,39.696,0.866690,0.301801,0.659850,0.172596,0,0
263,98.889,246.370,0,2,36.337,0.075897,0.565237,0.834650,0.035807,0,0
264,-261.770,307.397,-3,2,17.649,0.402645,0.807872,0.904604,0.294255,0,0
265,-574.030,-380.190,-2,-3,43.539,0.396329,0.391746,0.835575,0.129732,0,0
266,287.914,786.211,-1,5,25.119,0.530036,0.917989,0.692380,0.336889,0,0
267,336.998,542.777,0,4,13.804,0.276515,0.311883,0.429476,0.037038,0,0
268,-99.296,-456.714,1,-3,20.471,0.995039,0.627865,0.195513,0.122147,0,0
269,-552.014,64.635,-3,0,42.263,0.673442,0.560688,0.734089,0.277185,0,0
270,-649.671,381.187,-5,3,69.586,0.531204,0.376738,0.238408,0.047711,0,0
271,-1006.726,115.221,-6,1,26.107,0.797243,0.221086,0.443413,0.078156,0,0
272,-23.058,-590.282,2,-4,2.925,0.798839,0.722535,0.108172,0.062436,0,0
273,-182.724,-289.077,0,-2,10.841,0.657813,0.674187,0.332960,0.147664,0,0
274,201.741,644.717,-1,4,21.691,0.582305,0.731986,0.242300,0.103278,0,0
275,436.580,109.429,2,1,36.792,0.982332,0.932854,0.849684,0.778626,0,1
276,-709.711,24.777,-4,0,20.077,0.802936,0.652035,0.254942,0.133473,0,0
277,915.647,89.703,5,1,16.290,0.706750,0.197400,0.582395,0.081251,0,0
278,-636.841,-61.672,-4,0,6.094,0.464707,0.974610,0.579248,0.262346,0,0
279,558.497,262.116,2,2,27.008,0.016370,0.579229,0.132594,0.001257,0,0
280,-190.206,453.760,-3,3,28.273,0.991028,0.368812,0.696112,0.254431,0,0
281,-696.557,-309.376,-3,-2,32.640,0.488788,0.315704,0.652463,0.100683,0,0
282,380.370,-586.914,4,-4,26.003,0.679111,0.046535,0.457447,0.014457,0,0
283,-382.014,-201.576,-2,-1,30.006,0.482891,0.460445,0.385932,0.085810,0,0
284,50.594,-619.579,2,-4,29.023,0.298628,0.438017,0.765816,0.100172,0,0
285,-806.497,-148.155,-4,-1,28.336,0.903127,0.673142,0.039039,0.023733,0,0
286,336.175,556.557,0,4,13.804,0.538564,0.403894,0.492561,0.107143,0,0
287,201.728,403.864,0,3,13.425,0.733776,0.844437,0.542080,0.335888,0,1
288,847.256,286.349,4,2,28.172,0.736661,0.814327,0.168401,0.101021,0,0
289,292.791,578.721,0,4,3.279,0.774375,0.478847,0.545466,0.202262,0,0
290,-890.421,88.839,-6,1,36.582,0.501129,0.994971,0.726969,0.362474,0,0
291,-379.768,-83.631,-2,-1,4.245,0.437180,0.163391,0.220160,0.015726,0,0
292,754.039,185.056,4,1,30.377,0.267879,0.434107,0.524276,0.060967,0,0
293,78.556,-212.385,1,-1,12.032,0.677678,0.514950,0.528054,0.184275,0,0
294,330.681,-440.674,3,-3,21.135,0.602451,0.596495,0.376481,0.135292,0,0
295,428.117,-316.934,3,-2,39.606,0.795436,0.634357,0.676785,0.341499,0,0
296,361.989,547.783,0,4,22.512,0.130662,0.554167,0.889462,0.064405,0,0
297,-90.928,354.063,-2,3,36.605,0.934541,0.062426,0.661587,0.038597,0,0
298,292.245,739.881,-1,5,28.206,0.123306,0.884056,0.870964,0.094943,0,0
299,389.165,-324.103,3,-2,10.941,0.572722,0.007603,0.001813,0.000008,0,0
300,-241.260,-109.025,-1,-1,31.212,0.812644,0.667234,0.318429,0.172660,0,0
301,483.429,-483.449,4,-3,29.846,0.329825,0.187741,0.679302,0.042063,0,0
302,-754.862,558.848,-6,4,15.227,0.043693,0.736276,0.771285,0.024812,0,0
303,332.451,-313.783,3,-2,25.983,0.541067,0.369722,0.295245,0.059062,0,0
304,-21.711,-587.686,2,-4,2.925,0.362196,0.019006,0.069467,0.000478,0,0
305,-427.387,302.491,-3,2,45.320,0.935721,0.641443,0.727676,0.436759,0,1
306,-258.157,-135.268,-1,-1,31.212,0.002302,0.579928,0.846055,0.001130,0,0
307,-194.084,247.344,-2,2,45.751,0.044004,0.381551,0.143111,0.002403,0,0
308,-318.387,628.765,-4,4,10.589,0.350615,0.310200,0.607961,0.066122,0,0
309,-744.693,-74.335,-4,-1,10.601,0.798648,0.017888,0.801183,0.011446,0,0
310,115.516,-403.317,2,-3,13.337,0.211257,0.235462,0.659502,0.032806,0,0
311,-371.489,361.393,-3,2,38.641,0.217050,0.556948,0.065275,0.007891,0,0
312,210.158,92.673,1,1,40.632,0.354911,0.533029,0.267613,0.050626,0,0
313,43.246,232.053,-1,2,19.668,0.041348,0.602370,0.663816,0.016534,0,0
314,-646.390,565.363,-6,4,30.402,0.628481,0.675972,0.863605,0.366890,0,1
315,664.414,145.447,3,1,19.306,0.152992,0.086707,0.410494,0.005445,0,0
316,-764.101,126.044,-5,1,19.713,0.437346,0.387901,0.422727,0.071714,0,0
317,436.327,-388.669,4,-3,36.921,0.402214,0.741961,0.409105,0.122088,0,1
318,-701.769,590.765,-6,4,38.207,0.031016,0.540798,0.466496,0.007825,0,0
319,-590.265,27.805,-3,0,22.207,0.111856,0.391450,0.125283,0.005486,0,0
320,405.142,312.864,1,2,17.247,0.685393,0.699821,0.770757,0.369695,0,0
321,371.289,-627.364,4,-4,16.269,0.353728,0.712379,0.861019,0.216967,0,1
322,-592.576,146.619,-4,1,23.966,0.396711,0.042301,0.970541,0.016287,0,0
323,-253.255,-188.014,-1,-1,25.480,0.230334,0.851427,0.940500,0.184444,0,0
324,-422.200,458.021,-4,3,5.705,0.398273,0.879853,0.510721,0.178968,0,0
325,165.226,390.420,0,2,25.157,0.000602,0.906194,0.898242,0.000490,0,0
326,223.321,-479.070,3,-3,21.366,0.478838,0.141786,0.240224,0.016309,0,0
327,-135.393,-266.082,0,-2,41.128,0.542434,0.815933,0.253454,0.112176,0,0
328,287.445,-330.285,3,-2,36.632,0.586054,0.700932,0.238753,0.098076,0,0
329,-684.516,654.353,-6,4,65.887,0.830680,0.176235,0.415020,0.060757,0,0
330,-84.621,-61.659,0,-1,10.294,0.382979,0.254820,0.447793,0.043700,0,0
331,630.209,-341.040,5,-2,20.917,0.275453,0.973860,0.107643,0.028876,0,0
332,800.401,268.798,4,2,40.176,0.399582,0.887255,0.172127,0.061024,0,0
333,876.856,20.096,5,0,28.808,0.012430,0.534762,0.666374,0.004430,0,0
334,135.282,347.789,0,2,5.203,0.018539,0.314999,0.604048,0.003528,0,0
335,497.764,-452.207,4,-3,33.485,0.101364,0.658151,0.451233,0.030103,0,0
336,-851.801,-206.192,-4,-1,4.109,0.995739,0.534604,0.111178,0.059183,0,0
337,-832.225,202.477,-5,1,10.741,0.515517,0.770983,0.655179,0.260404,0,0
338,581.202,166.403,3,1,29.378,0.190401,0.213142,0.337517,0.013697,0,0
339,-129.249,-59.782,-1,0,21.617,0.339598,0.185284,0.687093,0.043233,0,0
340,411.378,947.018,-1,6,64.466,0.416984,0.995237,0.729775,0.302855,0,1
341,-320.561,-180.189,-1,-1,16.803,0.647984,0.197303,0.516174,0.065992,0,0
342,197.633,172.326,1,1,18.402,0.098550,0.251738,0.441544,0.010954,0,0
343,361.418,570.287,0,4,22.512,0.410296,0.555146,0.787317,0.179331,0,0
344,-428.186,563.392,-4,4,60.608,0.693573,0.133476,0.804995,0.074523,0,0
345,259.412,204.129,1,1,15.801,0.092119,0.100738,0.766358,0.007112,0,0
346,706.189,-312.851,5,-2,13.478,0.489004,0.924726,0.761527,0.344359,0,1
347,216.196,791.923,-1,5,68.500,0.952690,0.321156,0.766675,0.234574,0,0
348,-380.539,-171.050,-2,-1,24.493,0.904605,0.910260,0.956751,0.787813,0,1
349,404.988,-578.082,4,-4,26.155,0.592113,0.121742,0.438413,0.031603,0,0
350,-333.542,-322.994,-1,-2,10.539,0.234727,0.094941,0.074283,0.001655,0,0
351,-154.210,341.698,-2,2,39.713,0.960817,0.013063,0.140927,0.001769,0,0
352,-155.010,-584.534,1,-4,64.548,0.330755,0.386028,0.275833,0.035219,0,1
353,230.229,1112.941,-2,7,21.864,0.876455,0.815524,0.201332,0.143906,0,0
354,-121.350,-146.168,0,-1,30.920,0.245498,0.806827,0.949040,0.187981,0,0
355,-174.643,293.261,-2,2,14.295,0.945495,0.380036,0.174508,0.062705,0,0
356,20.816,-179.880,1,-1,20.096,0.643547,0.559536,0.561302,0.202118,0,0
357,65.566,-271.795,1,-2,33.689,0.268262,0.535446,0.755864,0.108572,0,0
358,7.342,-267.210,1,-2,21.774,0.477747,0.403896,0.235396,0.045422,0,0
359,-669.227,94.653,-4,1,46.827,0.286024,0.588584,0.163961,0.027603,0,0
360,-603.335,-71.466,-3,-1,30.796,0.819530,0.344935,0.303848,0.085893,0,0
361,-379.827,-79.387,-2,0,4.245,0.917905,0.840234,0.030007,0.023143,0,0
362,198.268,666.128,-1,4,21.691,0.480917,0.457378,0.461591,0.101532,0,0
363,930.657,83.372,5,1,16.290,0.021246,0.711361,0.113182,0.001711,0,0
364,87.702,-134.580,1,-1,36.756,0.340995,0.393154,0.760583,0.101966,0,0
365,-628.984,-435.718,-2,-3,9.395,0.243176,0.942220,0.904330,0.207205,0,0
366,629.924,-361.955,5,-2,20.917,0.378927,0.929535,0.378865,0.133446,0,0
367,-318.563,327.525,-3,2,26.157,0.139208,0.440369,0.884086,0.054197,0,0
368,485.975,311.436,2,2,24.925,0.332395,0.314812,0.601138,0.062904,0,0
369,369.065,-221.372,3,-2,28.908,0.113517,0.380315,0.457452,0.019749,0,0
370,518.002,-340.361,4,-2,19.823,0.495175,0.531847,0.630333,0.166003,0,0
371,-153.954,-341.599,0,-2,25.659,0.137975,0.875451,0.645252,0.077940,0,0
372,883.668,327.255,4,2,31.805,0.530272,0.210665,0.338742,0.037841,0,0
373,320.400,448.510,0,3,23.636,0.947838,0.209003,0.760595,0.150675,0,0
374,-524.366,-12.469,-3,0,25.511,0.697528,0.613851,0.304897,0.130550,0,0
375,-304.324,-0.148,-2,0,29.240,0.800285,0.416351,0.178434,0.059454,0,0
376,-322.855,196.049,-2,1,32.661,0.238431,0.497315,0.384184,0.045555,0,0
377,-368.442,-288.716,-1,-2,40.796,0.014160,0.883040,0.289574,0.003621,0,0
378,572.204,294.924,2,2,35.556,0.765643,0.361469,0.662294,0.183294,0,0
379,-748.562,3.044,-4,0,12.708,0.899418,0.180342,0.647843,0.105082,0,0
380,141.899,381.001,0,2,25.157,0.847225,0.311046,0.751100,0.197935,0,0
381,267.595,15.400,2,0,14.106,0.795673,0.431222,0.460408,0.157971,0,0
382,-120.251,255.414,-2,2,25.063,0.494112,0.372226,0.079305,0.014586,0,0
383,-310.255,165.916,-2,1,32.661,0.397368,0.408771,0.529340,0.085982,0,0
384,623.969,-279.977,5,-2,37.890,0.995921,0.138773,0.426377,0.058928,0,0
385,-604.613,125.896,-4,1,23.966,0.033016,0.608350,0.503738,0.010118,0,0
386,-422.396,-271.540,-1,-2,22.896,0.556709,0.460977,0.248726,0.063831,0,0
387,339.549,85.737,2,0,35.838,0.788435,0.740987,0.003987,0.002329,0,0
388,-534.901,-201.963,-3,-1,26.722,0.387552,0.617821,0.301443,0.072177,0,0
389,-521.544,316.244,-4,2,14.876,0.249315,0.014765,0.261130,0.000961,0,0
390,137.203,-336.992,2,-2,11.342,0.879439,0.772371,0.312806,0.212475,0,1
391,-640.670,503.066,-5,3,32.563,0.495294,0.708445,0.781912,0.274364,0,1
392,472.438,-685.398,5,-5,24.319,0.991602,0.170793,0.890377,0.150793,0,0
393,-388.502,609.201,-4,4,31.924,0.486907,0.126128,0.924732,0.056790,0,0
394,324.011,961.111,-1,6,9.382,0.207222,0.275971,0.363422,0.020783,0,0
395,194.691,-393.693,3,-3,19.988,0.920318,0.421606,0.501677,0.194656,0,1
396,882.744,58.851,5,0,12.559,0.079418,0.505071,0.711443,0.028537,0,0
397,-502.410,89.275,-3,0,12.643,0.762930,0.192059,0.465524,0.068212,0,0
398,-39.830,425.045,-2,3,21.872,0.413148,0.382912,0.169895,0.026877,0,0
399,-208.438,-626.146,1,-4,43.559,0.212977,0.830389,0.182544,0.032284,0,0
400,-462.167,-154.786,-2,-1,26.957,0.705776,0.358981,0.172379,0.043674,0,0
401,323.748,970.489,-1,6,9.382,0.010638,0.414226,0.111951,0.000493,0,0
402,-170.991,65.570,-1,0,52.972,0.668734,0.184618,0.044157,0.005452,0,0
403,171.452,-113.158,1,-1,50.995,0.379329,0.696716,0.000867,0.000229,0,0
404,-283.436,466.192,-3,3,38.809,0.639912,0.368719,0.896647,0.211562,0,0
405,-615.219,-303.129,-3,-2,48.019,0.316680,0.922428,0.792733,0.231568,0,0
406,-320.527,618.395,-4,4,10.589,0.176886,0.221203,0.127477,0.004988,0,0
407,379.753,91.880,2,1,40.670,0.219412,0.287225,0.677985,0.042727,0,0
408,19.594,-523.441,2,-4,38.486,0.478960,0.213467,0.351600,0.035948,0,0
409,5.148,77.529,0,0,10.247,0.609570,0.069792,0.704775,0.029983,0,0
410,175.873,-419.773,3,-3,32.161,0.590156,0.264669,0.602305,0.094078,0,0
411,-417.730,461.567,-4,3,5.705,0.054916,0.714675,0.150683,0.005914,0,0
412,190.234,384.773,0,2,15.098,0.000729,0.394628,0.964577,0.000278,0,0
413,323.514,-338.181,3,-2,21.764,0.917666,0.681044,0.843237,0.526999,0,1
414,-313.927,557.762,-4,4,49.907,0.531636,0.105531,0.137981,0.007741,0,0
415,341.415,-212.937,3,-2,28.908,0.290637,0.281714,0.966109,0.079102,0,0
416,-585.333,-224.860,-3,-1,24.459,0.151570,0.632024,0.850184,0.081444,0,0
417,449.335,334.727,2,2,7.127,0.905720,0.798499,0.034517,0.024963,0,0
418,-1012.035,197.173,-6,1,14.768,0.259258,0.840261,0.678909,0.147896,0,0
419,315.593,724.057,-1,5,28.206,0.357917,0.573729,0.583287,0.119776,0,0
420,473.966,205.697,2,1,20.311,0.968225,0.886142,0.191818,0.164577,0,0
421,-640.261,57.860,-4,0,46.827,0.375726,0.140882,0.839168,0.044420,0,0
422,363.578,-776.378,5,-5,16.019,0.957803,0.524305,0.410416,0.206103,0,0
423,-419.301,-105.994,-2,-1,14.001,0.635572,0.669307,0.676495,0.287776,0,0
424,-719.044,-112.154,-4,-1,44.627,0.395601,0.386678,0.366870,0.056120,0,0
425,765.206,116.120,4,1,6.614,0.931090,0.983451,0.965745,0.884315,1,1
426,-491.308,83.225,-3,0,12.643,0.433071,0.158510,0.726428,0.049866,0,0
427,-510.966,379.826,-4,2,17.558,0.013657,0.363402,0.191606,0.000951,0,0
428,213.567,428.599,0,3,13.636,0.367918,0.959684,0.762157,0.269106,0,0
429,-2.849,206.076,-1,2,47.296,0.330458,0.068456,0.634991,0.014365,0,0
430,-591.940,50.777,-3,0,23.033,0.467079,0.379504,0.947213,0.167901,0,0
431,378.659,-612.861,4,-4,16.269,0.730999,0.387468,0.044446,0.012589,0,0
432,363.632,330.347,1,2,21.181,0.098652,0.472166,0.293781,0.013684,0,0
433,230.692,470.970,0,3,30.193,0.341876,0.442048,0.655795,0.099108,0,0
434,429.733,277.577,1,2,27.060,0.199464,0.921404,0.840489,0.154471,0,0
435,381.820,-704.222,5,-5,4.527,0.621542,0.941807,0.920104,0.538604,0,1
436,-685.101,-425.878,-2,-3,27.181,0.885887,0.275126,0.385129,0.093868,0,0
437,-80.323,33.205,0,0,21.578,0.885647,0.850207,0.267390,0.201340,0,0
438,19.538,-236.042,1,-2,3.361,0.430713,0.103125,0.021126,0.000938,0,0
439,188.929,399.815,0,3,13.425,0.544395,0.946086,0.506338,0.260787,0,0
440,-149.855,455.778,-2,3,25.078,0.120316,0.809683,0.125002,0.012177,0,0
441,226.844,-506.736,3,-3,11.165,0.660831,0.597064,0.381822,0.150651,0,0
442,-24.657,-439.367,1,-3,11.010,0.743245,0.519477,0.462218,0.178462,0,0
443,26.837,242.896,-1,2,19.668,0.870971,0.317487,0.030491,0.008431,0,0
444,425.279,567.589,0,4,63.918,0.333570,0.045859,0.192040,0.002938,0,0
445,214.205,390.362,0,3,18.384,0.113977,0.580013,0.985885,0.065175,0,0
446,-30.672,-559.927,2,-4,20.468,0.215188,0.487043,0.267613,0.028047,0,0
447,8.180,-245.452,1,-2,14.750,0.206537,0.670122,0.539499,0.074669,0,0
448,-710.317,553.526,-6,4,38.207,0.870652,0.190980,0.614505,0.102178,0,0
449,-74.072,-130.332,0,-1,16.554,0.548290,0.634771,0.609400,0.212095,0,0
450,-961.538,-144.135,-5,-1,32.406,0.682357,0.210498,0.855500,0.122880,0,0
451,-960.159,210.704,-6,1,27.995,0.348387,0.118854,0.917684,0.037999,0,0
452,-335.500,629.818,-4,4,17.145,0.767480,0.763203,0.811295,0.475210,0,1
453,234.102,327.591,0,2,19.884,0.612099,0.705507,0.769875,0.332463,0,1
454,-661.049,591.998,-6,4,30.402,0.733689,0.681635,0.600639,0.300384,0,0
455,313.350,61.283,2,0,35.838,0.951519,0.571370,0.898621,0.488553,0,0
456,-75.446,-66.325,0,-1,10.294,0.849442,0.526159,0.519163,0.232036,0,0
457,290.838,-594.710,4,-4,17.830,0.219919,0.779017,0.499303,0.085541,0,0
458,-30.367,-7.807,0,0,12.170,0.452434,0.315102,0.218887,0.031205,0,0
459,418.798,302.329,1,2,17.247,0.115554,0.377097,0.886275,0.038620,0,0
460,525.590,-322.048,4,-2,19.823,0.189455,0.614259,0.486281,0.056591,0,0
461,647.517,-250.292,5,-2,34.600,0.284266,0.617225,0.826556,0.145024,0,0
462,280.392,154.365,1,1,31.602,0.035932,0.917501,0.997082,0.032872,0,0
463,138.038,-399.067,2,-3,22.920,0.426033,0.262097,0.925534,0.103347,0,0
464,573.404,-261.143,4,-2,25.672,0.411110,0.739019,0.480992,0.146134,0,0
465,-814.536,-175.326,-4,-1,23.265,0.198841,0.611573,0.001423,0.000173,0,0
466,769.386,110.994,4,1,6.614,0.960012,0.297411,0.245770,0.070172,0,0
467,557.834,148.598,3,1,29.378,0.214686,0.871689,0.169849,0.031785,0,1
468,-625.977,474.006,-5,3,32.563,0.697415,0.354206,0.762710,0.188411,0,0
469,-847.738,-206.809,-4,-1,4.109,0.004624,0.301075,0.893279,0.001244,0,0
470,571.546,-305.065,4,-2,18.789,0.325019,0.178656,0.039439,0.002290,0,0
471,-378.671,-11.357,-2,0,14.457,0.392682,0.178573,0.925956,0.064930,0,0
472,454.324,297.762,2,2,9.407,0.058526,0.517732,0.617620,0.018714,0,0
473,-206.054,301.277,-2,2,32.179,0.905621,0.254481,0.041394,0.009540,0,0
474,-60.534,-367.051,1,-3,29.375,0.224353,0.248335,0.676751,0.037705,0,0
475,104.264,-243.443,2,-2,25.265,0.595309,0.227507,0.358700,0.048581,0,0
476,-822.203,198.615,-5,1,10.741,0.907512,0.256278,0.458672,0.106676,0,0
477,-668.735,-3.699,-4,0,29.449,0.686612,0.737284,0.618336,0.313019,0,0
478,1002.544,161.803,5,1,75.784,0.053118,0.588877,0.862284,0.026972,0,0
479,432.817,-792.010,5,-5,39.451,0.036897,0.871627,0.052470,0.001687,0,0
480,-271.321,-216.317,-1,-1,33.577,0.984693,0.111399,0.878619,0.096379,0,0
481,665.064,-376.170,5,-2,37.907,0.747789,0.148299,0.370820,0.041123,0,0
482,862.167,69.288,5,0,13.460,0.554187,0.087120,0.596702,0.028809,0,0
483,404.154,126.814,2,1,36.792,0.146767,0.518002,0.508398,0.038651,0,0
484,-77.677,-100.428,0,-1,19.681,0.362247,0.573513,0.578077,0.120098,0,0
485,28.219,-601.095,2,-4,29.023,0.792818,0.253530,0.053095,0.010672,0,0
486,-606.755,-457.427,-2,-3,27.732,0.597011,0.118705,0.062544,0.004432,0,0
487,-407.411,-98.601,-2,-1,14.001,0.702605,0.066912,0.863292,0.040586,0,0
488,909.477,121.136,5,1,15.659,0.356748,0.860534,0.273958,0.084103,0,0
489,-96.556,-304.801,0,-2,53.146,0.927231,0.878538,0.898073,0.731578,0,1
490,668.945,-277.458,5,-2,34.600,0.035833,0.895455,0.149957,0.004812,0,0
491,-20.408,435.104,-2,3,21.872,0.536836,0.063951,0.757610,0.026010,0,0
492,-259.621,260.713,-2,2,23.228,0.735778,0.874716,0.448709,0.288788,0,0
493,73.841,-73.445,1,-1,25.412,0.162429,0.415317,0.155320,0.010478,0,0
494,872.409,48.559,5,0,14.585,0.073279,0.597210,0.485276,0.021237,0,0
495,-191.267,-263.900,0,-2,15.827,0.205671,0.077457,0.581488,0.009263,0,0
496,519.084,183.853,2,1,12.171,0.780770,0.048322,0.648473,0.024466,0,0
497,-1032.890,172.332,-6,1,32.435,0.996474,0.988345,0.622888,0.613457,0,1
498,465.154,-459.816,4,-3,29.874,0.181389,0.112080,0.651577,0.013247,0,0
499,-385.925,-240.746,-1,-2,22.245,0.481967,0.102291,0.443966,0.021888,0,0
500,327.769,-461.608,3,-3,21.135,0.617149,0.275266,0.024673,0.004192,0,0
501,590.155,335.676,2,2,44.530,0.367324,0.209055,0.192570,0.014788,0,0
502,-262.724,499.012,-3,3,29.332,0.505652,0.490707,0.980286,0.243236,0,0
503,-699.148,-37.618,-4,0,38.808,0.974164,0.501235,0.187285,0.091449,0,0
504,-604.989,-185.069,-3,-1,23.014,0.069399,0.234379,0.051833,0.000843,0,0
505,384.536,326.710,1,2,21.217,0.838412,0.414711,0.515873,0.179368,0,0
506,-103.034,410.325,-2,3,21.004,0.630558,0.620810,0.756033,0.295954,0,0
507,-356.201,-340.691,-1,-2,12.602,0.386935,0.133794,0.322630,0.016702,0,0
508,-81.289,542.682,-2,3,66.835,0.632203,0.593365,0.227620,0.085386,0,0
509,-138.679,-422.624,1,-3,15.846,0.104619,0.560454,0.144688,0.008484,0,0
510,-35.017,-19.054,0,0,12.170,0.968120,0.160745,0.090306,0.014053,0,0
511,-219.556,-584.031,1,-4,43.559,0.759084,0.035596,0.077863,0.002104,0,0
512,517.481,-393.482,4,-2,31.159,0.054471,0.235978,0.314162,0.004038,0,0
513,503.603,329.058,2,2,24.925,0.227873,0.183479,0.454956,0.019022,0,0
514,-501.605,6.666,-3,0,21.879,0.888595,0.978435,0.463528,0.403006,0,0
515,218.103,-499.789,3,-3,11.165,0.569064,0.981287,0.042049,0.023481,0,0
516,862.231,235.217,4,2,14.154,0.302457,0.050104,0.442492,0.006706,0,0
517,-57.470,-2.173,0,0,27.682,0.637563,0.766948,0.354816,0.173497,0,0
518,15.299,-228.824,1,-2,5.321,0.866520,0.988880,0.429740,0.368238,0,0
519,359.486,309.576,1,2,21.181,0.149612,0.452677,0.534303,0.036186,0,0
520,-687.567,-230.874,-3,-2,29.668,0.376253,0.280353,0.168537,0.017778,0,0
521,-755.447,143.757,-5,1,13.453,0.837948,0.197809,0.587731,0.097419,0,0
522,700.502,131.999,4,1,20.901,0.143456,0.740360,0.307956,0.032708,0,0
523,-426.148,-248.953,-1,-2,22.896,0.941972,0.354718,0.966991,0.323105,0,0
524,71.256,-432.881,2,-3,31.405,0.106059,0.199389,0.836293,0.017685,0,0
525,405.505,-531.798,4,-3,35.364,0.332346,0.488692,0.264715,0.042994,0,0
526,224.964,-396.809,3,-3,6.486,0.708191,0.289894,0.486841,0.099948,0,0
527,-323.584,-319.542,-1,-2,8.844,0.639108,0.203293,0.513710,0.066744,0,0
528,-332.575,64.243,-2,0,5.598,0.969345,0.581827,0.222425,0.125445,0,0
529,-31.368,19.204,0,0,27.029,0.738736,0.491992,0.918348,0.333776,0,1
530,200.196,425.921,0,3,13.636,0.965157,0.153526,0.490233,0.072641,0,0
531,-115.707,-188.260,0,-1,15.956,0.762284,0.906983,0.464884,0.321411,0,1
532,313.722,938.969,-1,6,23.096,0.449256,0.241520,0.083664,0.009078,0,0
533,-718.109,-230.362,-3,-2,30.546,0.066682,0.896156,0.377081,0.022533,0,0
534,-603.692,-208.047,-3,-1,14.931,0.874338,0.722778,0.735131,0.464568,0,0
535,-2.105,70.290,0,0,10.247,0.920378,0.141340,0.856964,0.111480,0,0
536,216.418,199.423,1,1,17.916,0.686273,0.003438,0.501552,0.001183,0,0
537,318.956,345.798,1,2,37.973,0.630097,0.366544,0.664561,0.153486,0,0
538,-65.704,-116.048,0,-1,16.554,0.687995,0.335465,0.137681,0.031776,0,0
539,183.830,-251.912,2,-2,31.908,0.368220,0.714519,0.124657,0.032797,0,0
540,859.322,347.719,4,2,31.805,0.949957,0.801595,0.085367,0.065006,0,0
541,116.647,-93.760,1,-1,9.729,0.849147,0.156850,0.581605,0.077463,0,0
542,-100.574,289.541,-2,2,33.816,0.341028,0.206979,0.273767,0.019324,0,0
543,-587.807,349.328,-4,2,40.194,0.146544,0.140347,0.922244,0.018968,0,0
544,-90.149,-405.004,1,-3,20.971,0.347211,0.763165,0.626537,0.166019,0,0
545,-235.676,266.402,-2,2,24.611,0.216442,0.331081,0.480024,0.034398,0,0
546,429.937,-506.231,4,-3,29.263,0.191928,0.909088,0.507338,0.088520,0,0
547,283.711,1007.202,-2,7,54.321,0.021758,0.048513,0.965613,0.001019,0,0
548,-67.911,264.402,-1,2,28.605,0.850828,0.108230,0.177057,0.016304,0,0
549,59.599,-565.322,2,-4,47.586,0.624298,0.717973,0.906397,0.406273,0,1
550,-596.361,310.054,-4,2,40.194,0.819147,0.169410,0.455676,0.063235,0,0
551,-342.291,-336.871,-1,-2,14.425,0.979273,0.732559,0.786567,0.564264,0,1
552,320.276,397.153,0,3,48.144,0.806682,0.045491,0.535234,0.019641,0,0
553,549.387,-354.026,4,-2,19.601,0.861540,0.600727,0.419330,0.217024,0,1
554,483.235,373.020,2,2,45.609,0.204653,0.772108,0.178336,0.028180,0,0
555,-318.083,-104.270,-1,-1,8.922,0.086028,0.412366,0.165754,0.005880,0,0
556,-169.541,-383.101,0,-2,44.333,0.357319,0.518329,0.327594,0.060673,0,0
557,-939.627,229.735,-6,1,27.995,0.007292,0.041340,0.114331,0.000034,0,0
558,-631.438,-444.786,-2,-3,9.395,0.968055,0.232439,0.350713,0.078915,0,0
559,195.844,1102.593,-2,7,14.451,0.786909,0.536661,0.986651,0.416666,0,1
560,-349.986,220.400,-3,2,36.456,0.208425,0.266589,0.224770,0.012489,0,0
561,492.158,-704.023,5,-5,27.126,0.183423,0.238490,0.285440,0.012486,0,0
562,-403.741,-178.900,-2,-1,19.520,0.881863,0.524340,0.414800,0.191802,0,0
563,229.707,-392.386,3,-3,6.486,0.366458,0.210418,0.021179,0.001633,0,0
564,-72.325,-393.955,1,-3,20.971,0.514009,0.736056,0.673559,0.254834,0,1
565,-143.344,-124.435,0,-1,30.920,0.865258,0.063209,0.803467,0.043943,0,0
566,535.218,275.811,2,2,27.008,0.692733,0.745367,0.433503,0.223835,0,1
567,37.859,-252.632,1,-2,24.716,0.417734,0.598118,0.333391,0.083299,0,0
568,-329.642,-38.670,-2,0,46.098,0.009581,0.767841,0.624139,0.004592,0,0
569,523.912,136.721,3,1,22.047,0.580298,0.008290,0.850145,0.004090,0,0
570,754.477,231.765,4,1,46.712,0.381597,0.938513,0.847188,0.303406,0,0
571,536.310,-273.603,4,-2,39.130,0.649838,0.000154,0.015329,0.000002,0,0
572,-304.521,389.623,-3,3,52.225,0.964803,0.356909,0.471671,0.162418,0,0
573,-630.675,-257.666,-3,-2,38.381,0.812668,0.474081,0.656939,0.253099,0,1
574,-6.426,-333.386,1,-2,26.664,0.745561,0.057821,0.177297,0.007643,0,0
575,-689.640,24.333,-4,0,20.077,0.323881,0.649914,0.916266,0.192869,0,0
576,883.657,213.684,4,2,21.602,0.986294,0.270172,0.720694,0.192043,0,1
577,133.145,-326.401,2,-2,11.342,0.507792,0.384924,0.068559,0.013401,0,0
578,-339.767,298.913,-3,2,35.612,0.241738,0.407839,0.191998,0.018929,0,0
579,265.334,1143.707,-2,7,46.678,0.674506,0.934026,0.089750,0.056543,0,0
580,504.857,-504.223,4,-3,29.846,0.058456,0.844816,0.592121,0.029241,0,0
581,141.614,-359.087,2,-2,22.531,0.736918,0.597334,0.377869,0.166333,0,0
582,-383.068,-87.676,-2,-1,5.220,0.830877,0.845967,0.922088,0.648131,0,0
583,346.113,-29.160,2,0,35.842,0.422124,0.554995,0.026646,0.006242,0,0
584,243.120,670.141,-1,5,45.031,0.774715,0.696781,0.915360,0.494117,0,1
585,369.599,246.941,1,2,25.452,0.759161,0.838265,0.615501,0.391692,0,1
586,-223.336,484.136,-3,3,21.680,0.558706,0.335918,0.493637,0.092646,0,0
587,356.376,-762.070,5,-5,16.019,0.513523,0.367076,0.695029,0.131014,0,0
588,386.298,221.254,2,1,29.038,0.243288,0.536832,0.454331,0.059338,0,0
589,879.906,234.958,4,2,17.676,0.007217,0.538697,0.329919,0.001283,0,0
590,-835.074,-92.397,-4,-1,27.107,0.181323,0.077029,0.649153,0.009067,0,0
591,-507.090,268.919,-4,2,26.967,0.419529,0.566598,0.930707,0.221233,0,0
592,93.090,-403.932,2,-3,16.960,0.629413,0.082022,0.306569,0.015827,0,0
593,-128.329,468.644,-2,3,16.501,0.679794,0.461139,0.399975,0.125384,0,0
594,-741.980,-150.437,-4,-1,44.627,0.602629,0.014515,0.789012,0.006902,0,0
595,321.430,550.772,0,4,15.839,0.757503,0.757004,0.660256,0.378612,0,1
596,723.879,188.678,4,1,30.377,0.802947,0.911268,0.064576,0.047250,0,0
597,336.212,933.715,-1,6,23.096,0.796452,0.809889,0.381782,0.246264,0,0
598,245.824,73.208,1,1,40.632,0.479897,0.094114,0.834879,0.037707,0,0
599,457.664,-704.714,5,-5,24.319,0.044147,0.617364,0.662874,0.018067,0,0
600,-660.743,-32.043,-4,0,29.449,0.263162,0.021041,0.650899,0.003604,0,0
601,-772.281,16.789,-4,0,27.414,0.270786,0.539662,0.503495,0.073577,0,0
602,-267.602,-299.830,-1,-2,42.210,0.535984,0.668371,0.417358,0.149513,0,0
603,-144.088,-437.518,1,-3,15.846,0.429304,0.948592,0.224805,0.091548,0,0
604,279.416,-366.026,3,-3,36.632,0.576643,0.298521,0.158425,0.027271,0,0
605,-196.351,-10.294,-1,0,21.093,0.501478,0.026514,0.904702,0.012029,0,0
606,-1006.836,-128.942,-5,-1,8.578,0.497049,0.943191,0.858800,0.402616,0,0
607,361.017,521.137,0,4,26.664,0.309390,0.321088,0.568305,0.056456,0,0
608,266.069,923.355,-1,6,20.881,0.697039,0.717951,0.227055,0.113627,0,0
609,-335.424,347.522,-3,2,26.157,0.774612,0.724601,0.711015,0.399082,0,0
610,67.752,-383.030,2,-3,17.273,0.196702,0.523764,0.950846,0.097962,0,0
611,-47.660,-548.508,2,-4,20.468,0.235695,0.201762,0.773377,0.036777,0,0
612,-635.495,-110.740,-3,-1,40.693,0.788550,0.706942,0.137514,0.076658,0,0
613,345.518,875.425,-1,6,59.028,0.397696,0.640616,0.890715,0.226927,0,0
614,394.956,-803.099,5,-5,39.451,0.453606,0.238109,0.507138,0.054775,0,0
615,-1010.413,-136.739,-5,-1,8.578,0.410480,0.489008,0.059361,0.011915,0,0
616,277.910,-582.431,4,-4,17.830,0.666895,0.192076,0.024306,0.003113,0,0
617,922.858,113.003,5,1,15.659,0.202261,0.205912,0.730044,0.030405,0,0
618,222.452,296.177,0,2,19.208,0.066631,0.890712,0.927605,0.055052,0,0
619,170.472,306.017,0,2,51.876,0.232603,0.335156,0.415613,0.032400,0,0
620,-205.192,-271.422,0,-2,15.827,0.447171,0.268126,0.322609,0.038680,0,0
621,18.899,-232.743,1,-2,3.361,0.308247,0.822904,0.275696,0.069932,0,0
622,-132.833,28.828,-1,0,37.067,0.569875,0.574099,0.274285,0.089736,0,0
623,-340.386,430.343,-3,3,22.567,0.994873,0.712689,0.737432,0.522865,0,1
