run,cellsLacking0,cellsLackingEnd,borderLacking0,lastS,hopsManifest,hopsData,hopsStore,manifestBytes,dup,toCH,chRemainder
1,1,0,1,2.123,7,12,5,82,0,0,0
2,1,0,1,2.523,7,5,3,62,0,0,0
3,1,0,1,2.953,7,8,3,46,0,0,0
4,1,0,1,2.503,7,3,1,42,0,0,0
5,1,0,1,2.394,7,9,4,64,0,0,0
6,1,0,1,2.093,7,4,1,42,0,0,0
7,1,0,1,6.113,7,11,5,68,0,0,0
8,1,0,1,2.373,7,18,7,86,0,0,0
9,1,0,1,2.333,7,8,5,80,0,0,0
10,1,0,1,3.623,7,16,6,88,0,0,0
11,2,0,2,3.524,13,12,9,85,0,0,0
12,1,0,1,2.923,7,3,2,62,0,0,0
13,2,0,2,2.353,16,6,9,90,0,0,0
14,2,0,2,2.153,16,18,9,108,0,0,0
15,2,0,2,2.143,13,14,11,112,0,0,0
16,2,0,2,2.333,16,9,7,126,0,0,0
17,1,0,1,3.153,7,5,3,82,0,0,0
18,1,0,1,2.593,7,15,10,110,0,0,0
19,1,0,1,2.803,7,5,2,60,0,0,0
20,1,0,1,3.543,7,2,1,42,0,0,0
21,2,0,2,3.202,13,14,9,67,0,0,0
22,1,0,1,4.112,7,1,1,42,0,0,0
23,1,0,1,2.973,7,13,5,68,0,0,0
24,1,0,1,3.793,7,8,4,80,0,0,0
25,1,0,1,7.603,7,14,5,68,0,0,0
26,1,0,1,2.503,7,3,2,62,0,0,0
27,1,0,1,2.153,7,16,6,70,0,0,0
28,1,0,1,2.743,7,9,4,82,0,0,0
29,2,0,2,2.603,13,11,8,86,0,0,0
30,1,0,1,2.313,7,8,3,64,0,0,0
31,1,0,1,2.363,7,20,7,90,0,0,0
32,1,0,1,2.301,7,4,2,44,0,0,0
33,1,0,1,2.543,7,11,5,104,0,0,0
34,2,0,2,30.090,13,10,7,106,0,0,0
35,2,0,2,2.553,16,8,7,122,0,0,0
36,1,0,1,2.323,7,8,4,84,0,0,0
37,1,0,1,2.503,7,3,2,60,0,0,0
38,1,0,1,2.303,7,4,3,64,0,0,0
39,1,0,1,3.553,7,3,2,42,0,0,0
40,1,0,1,3.633,7,18,7,70,0,0,0
41,1,0,1,3.403,7,15,7,72,0,0,0
42,1,0,1,2.763,7,10,6,102,0,0,0
43,2,0,2,3.671,13,9,9,87,0,0,0
44,1,0,1,6.931,7,16,7,70,0,0,0
45,1,0,1,2.311,7,7,3,78,0,0,0
46,1,0,1,5.252,7,7,2,62,0,0,0
47,1,0,1,2.933,7,4,3,46,0,0,0
48,0,0,0,0.000,0,0,0,0,0,0,0
49,1,0,1,2.273,7,1,1,42,0,0,0
50,2,0,2,2.553,16,11,8,106,0,0,0
51,1,0,1,2.844,7,14,6,70,0,0,0
52,1,0,1,2.483,7,1,1,42,0,0,0
53,2,0,2,3.534,22,24,16,134,0,0,0
54,1,0,1,2.613,7,10,5,64,0,0,0
55,1,0,1,5.302,7,17,8,108,0,0,0
56,2,0,2,2.553,16,3,4,82,0,0,0
57,1,0,1,5.923,7,14,5,82,0,0,0
58,2,0,2,2.763,16,9,6,86,0,0,0
59,1,0,1,6.763,7,12,6,68,0,0,0
60,1,0,1,5.273,7,12,5,84,0,0,0
61,2,0,2,2.793,16,15,10,126,0,0,0
62,1,0,1,3.643,7,6,3,46,0,0,0
63,1,0,1,3.163,7,7,4,82,0,0,0
64,2,0,2,3.641,13,18,11,105,0,0,0
65,1,0,1,2.073,7,2,2,44,0,0,0
66,1,0,1,2.553,7,10,5,84,0,0,0
67,1,0,1,2.333,7,9,5,68,0,0,0
68,1,0,1,2.783,7,13,7,68,0,0,0
69,1,0,1,2.573,7,15,5,86,0,0,0
70,1,0,1,2.353,7,14,6,68,0,0,0
71,1,0,1,2.573,7,17,7,72,0,0,0
72,1,0,1,2.523,7,8,3,64,0,0,0
73,1,0,1,4.073,7,6,2,44,0,0,0
74,1,0,1,3.553,7,3,3,64,0,0,0
75,1,0,1,2.753,7,7,4,64,0,0,0
76,1,0,1,3.563,7,4,2,44,0,0,0
77,1,0,1,2.753,7,7,6,84,0,0,0
78,1,0,1,2.803,7,5,3,78,0,0,0
79,1,0,1,1.923,7,10,6,88,0,0,0
80,1,0,1,3.153,7,6,3,62,0,0,0
81,1,0,1,2.373,7,14,7,90,0,0,0
82,1,0,1,2.383,7,20,8,88,0,0,0
83,1,0,1,3.583,7,7,4,66,0,0,0
84,1,0,1,2.113,7,7,3,80,0,0,0
85,2,0,2,2.542,16,10,7,106,0,0,0
86,1,0,1,3.272,6,4,5,21,0,0,0
87,1,0,1,3.213,7,18,6,68,0,0,0
88,2,0,2,3.364,22,22,11,128,0,0,0
89,1,0,1,3.183,7,16,5,84,0,0,0
90,1,0,1,2.753,7,10,4,82,0,0,0
91,1,0,1,2.313,7,6,3,64,0,0,0
92,1,0,1,2.733,7,7,3,44,0,0,0
93,1,0,1,3.173,7,8,3,44,0,0,0
94,1,0,1,3.162,7,6,6,86,0,0,0
95,1,0,1,3.244,7,12,5,68,0,0,0
96,2,0,2,3.711,13,7,6,84,0,0,0
97,1,0,1,3.583,7,9,4,82,0,0,0
98,1,0,1,2.343,7,12,6,86,0,0,0
99,1,0,1,2.313,7,6,3,64,0,0,0
100,1,0,1,3.173,7,10,4,66,0,0,0
101,2,0,2,2.333,16,12,6,88,0,0,0
102,1,0,1,3.623,7,15,7,88,0,0,0
103,2,0,2,3.301,13,15,10,105,0,0,0
104,1,0,1,2.513,7,4,2,44,0,0,0
105,1,0,1,2.553,7,12,5,84,0,0,0
106,1,0,1,4.223,7,7,5,68,0,0,0
107,1,0,1,2.753,7,9,3,64,0,0,0
108,1,0,1,2.563,7,14,6,70,0,0,0
109,1,0,1,5.282,7,10,4,66,0,0,0
110,1,0,1,3.613,7,12,6,70,0,0,0
111,1,0,1,2.874,7,21,8,90,0,0,0
112,1,0,1,9.083,7,16,8,90,0,0,0
113,1,0,1,4.203,7,6,4,66,0,0,0
114,1,0,1,4.403,7,5,3,46,0,0,0
115,1,0,1,4.853,7,11,5,66,0,0,0
116,1,0,1,2.434,7,18,8,110,0,0,0
117,1,0,1,2.543,7,11,5,86,0,0,0
118,1,0,1,2.563,7,15,6,50,0,0,0
119,1,0,1,2.163,7,14,7,86,0,0,0
120,1,0,1,3.153,7,6,3,62,0,0,0
