series,k,m,theta_ops,passes_per_ch,T1_s,r_times_T2_s,one_minus_r_times_Tmiss_s,T_total_s,r_k,f_k,N_flagged,is_kstar,schema_version,prov_id
all-k (m=k),2,2.0000,20.6134,0.8245,1477.790,247.845,10630.718,12356.354,0.280634,0.389400,38.8313,0,1,1d478b3dd653a6b1
all-k (m=k),3,3.0000,34.2946,1.3718,2027.210,312.549,9021.396,11361.155,0.389535,0.343645,34.4104,0,1,1d478b3dd653a6b1
all-k (m=k),4,4.0000,48.9285,1.9571,2892.243,351.576,7659.133,10902.952,0.481717,0.303265,30.5050,0,1,1d478b3dd653a6b1
all-k (m=k),5,5.0000,64.2708,2.5708,3799.151,372.061,6506.003,10677.215,0.559748,0.267631,27.0552,0,1,1d478b3dd653a6b1
all-k (m=k),6,6.0000,80.1776,3.2071,4739.429,379.325,5529.900,10648.654,0.625799,0.236183,24.0079,1,1,1d478b3dd653a6b1
all-k (m=k),7,7.0000,96.5539,3.8622,5707.457,377.320,4703.646,10788.423,0.681711,0.208431,21.3164,0,1,1d478b3dd653a6b1
all-k (m=k),8,8.0000,113.3321,4.5333,6699.243,368.972,4004.237,11072.451,0.729039,0.183940,18.9391,0,1,1d478b3dd653a6b1
all-k (m=k),9,9.0000,130.4617,5.2185,7711.798,356.433,3412.200,11480.432,0.769101,0.162326,16.8394,0,1,1d478b3dd653a6b1
all-k (m=k),10,10.0000,147.9034,5.9161,8742.807,341.281,2911.052,11995.139,0.803013,0.143252,14.9850,0,1,1d478b3dd653a6b1
all-k (m=k),11,11.0000,165.6260,6.6250,9790.416,324.658,2486.839,12601.912,0.831719,0.126420,13.3473,0,1,1d478b3dd653a6b1
all-k (m=k),12,12.0000,183.6038,7.3442,10853.112,307.384,2127.750,13288.247,0.856018,0.111565,11.9010,0,1,1d478b3dd653a6b1
all-k (m=k),13,13.0000,201.8155,8.0726,11929.634,290.041,1823.789,14043.464,0.876587,0.098456,10.6237,0,1,1d478b3dd653a6b1
all-k (m=k),14,14.0000,220.2430,8.8097,13018.918,273.029,1566.491,14858.437,0.893998,0.086887,9.4958,0,1,1d478b3dd653a6b1
all-k (m=k),15,15.0000,238.8711,9.5548,14120.050,256.618,1348.692,15725.361,0.908736,0.076677,8.4998,0,1,1d478b3dd653a6b1
all-k (m=k),16,16.0000,257.6861,10.3074,15232.238,240.984,1164.330,16637.552,0.921211,0.067668,7.6203,0,1,1d478b3dd653a6b1
all-k (m=k),17,17.0000,276.6765,11.0671,16354.792,226.228,1008.271,17589.291,0.931772,0.059716,6.8437,0,1,1d478b3dd653a6b1
all-k (m=k),18,18.0000,295.8320,11.8333,17487.100,212.405,876.170,18575.675,0.940711,0.052700,6.1580,0,1,1d478b3dd653a6b1
all-k (m=k),19,19.0000,315.1432,12.6057,18628.619,199.532,764.349,19592.499,0.948278,0.046507,5.5525,0,1,1d478b3dd653a6b1
all-k (m=k),20,20.0000,334.6021,13.3841,19778.866,187.599,669.694,20636.158,0.954683,0.041042,5.0179,0,1,1d478b3dd653a6b1
all-k (m=k),21,21.0000,354.2013,14.1681,20937.402,176.581,589.570,21703.554,0.960105,0.036220,4.5459,0,1,1d478b3dd653a6b1
all-k (m=k),22,22.0000,373.9340,14.9574,22103.833,166.443,521.747,22792.023,0.964694,0.031964,4.1291,0,1,1d478b3dd653a6b1
all-k (m=k),23,23.0000,393.7941,15.7518,23277.800,157.139,464.336,23899.276,0.968579,0.028208,3.7612,0,1,1d478b3dd653a6b1
all-k (m=k),24,24.0000,413.7762,16.5510,24458.975,148.622,415.739,25023.336,0.971868,0.024894,3.4363,0,1,1d478b3dd653a6b1
all-k (m=k),25,25.0000,433.8752,17.3550,25647.057,140.843,374.602,26162.502,0.974651,0.021968,3.1495,0,1,1d478b3dd653a6b1
all-k (m=k),26,26.0000,454.0864,18.1635,26841.771,133.751,339.781,27315.302,0.977008,0.019387,2.8963,0,1,1d478b3dd653a6b1
all-k (m=k),27,27.0000,474.4054,18.9762,28042.860,127.298,310.305,28480.462,0.979002,0.017109,2.6728,0,1,1d478b3dd653a6b1
all-k (m=k),28,28.0000,494.8282,19.7931,29250.088,121.435,285.354,29656.878,0.980690,0.015099,2.4755,0,1,1d478b3dd653a6b1
all-k (m=k),29,29.0000,515.3513,20.6141,30463.237,116.119,264.234,30843.589,0.982120,0.013325,2.3012,0,1,1d478b3dd653a6b1
all-k (m=k),30,30.0000,535.9710,21.4388,31682.101,111.304,246.356,32039.762,0.983329,0.011759,2.1475,0,1,1d478b3dd653a6b1
all-k (m=k),31,31.0000,556.6842,22.2674,32906.491,106.951,231.223,33244.665,0.984353,0.010377,2.0117,0,1,1d478b3dd653a6b1
all-k (m=k),32,32.0000,577.4878,23.0995,34136.228,105.829,218.412,34460.470,0.985220,0.010000,1.9752,0,1,1d478b3dd653a6b1
all-k (m=k),33,33.0000,598.3791,23.9352,35371.145,105.932,207.569,35684.646,0.985954,0.010000,1.9760,0,1,1d478b3dd653a6b1
all-k (m=k),34,34.0000,619.3554,24.7742,36611.085,106.020,198.390,36915.495,0.986575,0.010000,1.9766,0,1,1d478b3dd653a6b1
all-k (m=k),35,35.0000,640.4141,25.6166,37855.900,106.094,190.620,38152.614,0.987101,0.010000,1.9771,0,1,1d478b3dd653a6b1
all-k (m=k),36,36.0000,661.5529,26.4621,39105.451,106.156,184.043,39395.651,0.987546,0.010000,1.9775,0,1,1d478b3dd653a6b1
all-k (m=k),37,37.0000,682.7697,27.3108,40359.606,106.210,178.476,40644.291,0.987923,0.010000,1.9779,0,1,1d478b3dd653a6b1
all-k (m=k),38,38.0000,704.0622,28.1625,41618.240,106.255,173.764,41898.258,0.988242,0.010000,1.9782,0,1,1d478b3dd653a6b1
all-k (m=k),39,39.0000,725.4285,29.0171,42881.237,106.293,169.774,43157.304,0.988512,0.010000,1.9785,0,1,1d478b3dd653a6b1
all-k (m=k),40,40.0000,746.8667,29.8747,44148.483,106.325,166.398,44421.206,0.988740,0.010000,1.9787,0,1,1d478b3dd653a6b1
"m-of-k, m fixed = 3",2,2.0000,20.6134,0.8245,1477.790,247.845,10630.718,12356.354,0.280634,0.389400,38.8313,0,1,1d478b3dd653a6b1
"m-of-k, m fixed = 3",3,3.0000,34.2946,1.3718,2027.210,312.549,9021.396,11361.155,0.389535,0.343645,34.4104,0,1,1d478b3dd653a6b1
"m-of-k, m fixed = 3",4,3.0000,26.0939,1.0438,1542.452,351.576,7659.133,9553.161,0.481717,0.303265,30.5050,0,1,1d478b3dd653a6b1
"m-of-k, m fixed = 3",5,3.0000,23.3358,0.9334,1477.790,372.061,6506.003,8355.854,0.559748,0.267631,27.0552,0,1,1d478b3dd653a6b1
"m-of-k, m fixed = 3",6,3.0000,21.9425,0.8777,1477.790,379.325,5529.900,7387.015,0.625799,0.236183,24.0079,0,1,1d478b3dd653a6b1
"m-of-k, m fixed = 3",7,3.0000,21.0997,0.8440,1477.790,377.320,4703.646,6558.756,0.681711,0.208431,21.3164,0,1,1d478b3dd653a6b1
"m-of-k, m fixed = 3",8,3.0000,20.5344,0.8214,1477.790,368.972,4004.237,5850.999,0.729039,0.183940,18.9391,0,1,1d478b3dd653a6b1
"m-of-k, m fixed = 3",9,3.0000,20.1287,0.8051,1477.790,356.433,3412.200,5246.423,0.769101,0.162326,16.8394,0,1,1d478b3dd653a6b1
"m-of-k, m fixed = 3",10,3.0000,19.8233,0.7929,1477.790,341.281,2911.052,4730.123,0.803013,0.143252,14.9850,0,1,1d478b3dd653a6b1
"m-of-k, m fixed = 3",11,3.0000,19.5850,0.7834,1477.790,324.658,2486.839,4289.287,0.831719,0.126420,13.3473,0,1,1d478b3dd653a6b1
"m-of-k, m fixed = 3",12,3.0000,19.3938,0.7758,1477.790,307.384,2127.750,3912.925,0.856018,0.111565,11.9010,0,1,1d478b3dd653a6b1
"m-of-k, m fixed = 3",13,3.0000,19.2371,0.7695,1477.790,290.041,1823.789,3591.619,0.876587,0.098456,10.6237,0,1,1d478b3dd653a6b1
"m-of-k, m fixed = 3",14,3.0000,19.1063,0.7643,1477.790,273.029,1566.491,3317.309,0.893998,0.086887,9.4958,0,1,1d478b3dd653a6b1
"m-of-k, m fixed = 3",15,3.0000,18.9954,0.7598,1477.790,256.618,1348.692,3083.101,0.908736,0.076677,8.4998,0,1,1d478b3dd653a6b1
"m-of-k, m fixed = 3",16,3.0000,18.9003,0.7560,1477.790,240.984,1164.330,2883.104,0.921211,0.067668,7.6203,0,1,1d478b3dd653a6b1
"m-of-k, m fixed = 3",17,3.0000,18.8177,0.7527,1477.790,226.228,1008.271,2712.289,0.931772,0.059716,6.8437,0,1,1d478b3dd653a6b1
"m-of-k, m fixed = 3",18,3.0000,18.7454,0.7498,1477.790,212.405,876.170,2566.365,0.940711,0.052700,6.1580,0,1,1d478b3dd653a6b1
"m-of-k, m fixed = 3",19,3.0000,18.6815,0.7473,1477.790,199.532,764.349,2441.670,0.948278,0.046507,5.5525,0,1,1d478b3dd653a6b1
"m-of-k, m fixed = 3",20,3.0000,18.6247,0.7450,1477.790,187.599,669.694,2335.082,0.954683,0.041042,5.0179,0,1,1d478b3dd653a6b1
"m-of-k, m fixed = 3",21,3.0000,18.5738,0.7430,1477.790,176.581,589.570,2243.942,0.960105,0.036220,4.5459,0,1,1d478b3dd653a6b1
"m-of-k, m fixed = 3",22,3.0000,18.5280,0.7411,1477.790,166.443,521.747,2165.980,0.964694,0.031964,4.1291,0,1,1d478b3dd653a6b1
"m-of-k, m fixed = 3",23,3.0000,18.4865,0.7395,1477.790,157.139,464.336,2099.265,0.968579,0.028208,3.7612,0,1,1d478b3dd653a6b1
"m-of-k, m fixed = 3",24,3.0000,18.4487,0.7379,1477.790,148.622,415.739,2042.151,0.971868,0.024894,3.4363,0,1,1d478b3dd653a6b1
"m-of-k, m fixed = 3",25,3.0000,18.4143,0.7366,1477.790,140.843,374.602,1993.235,0.974651,0.021968,3.1495,0,1,1d478b3dd653a6b1
"m-of-k, m fixed = 3",26,3.0000,18.3826,0.7353,1477.790,133.751,339.781,1951.321,0.977008,0.019387,2.8963,0,1,1d478b3dd653a6b1
"m-of-k, m fixed = 3",27,3.0000,18.3535,0.7341,1477.790,127.298,310.305,1915.392,0.979002,0.017109,2.6728,0,1,1d478b3dd653a6b1
"m-of-k, m fixed = 3",28,3.0000,18.3267,0.7331,1477.790,121.435,285.354,1884.579,0.980690,0.015099,2.4755,0,1,1d478b3dd653a6b1
"m-of-k, m fixed = 3",29,3.0000,18.3018,0.7321,1477.790,116.119,264.234,1858.142,0.982120,0.013325,2.3012,0,1,1d478b3dd653a6b1
"m-of-k, m fixed = 3",30,3.0000,18.2787,0.7311,1477.790,111.304,246.356,1835.450,0.983329,0.011759,2.1475,0,1,1d478b3dd653a6b1
"m-of-k, m fixed = 3",31,3.0000,18.2571,0.7303,1477.790,106.951,231.223,1815.964,0.984353,0.010377,2.0117,0,1,1d478b3dd653a6b1
"m-of-k, m fixed = 3",32,3.0000,18.2370,0.7295,1477.790,105.829,218.412,1802.031,0.985220,0.010000,1.9752,0,1,1d478b3dd653a6b1
"m-of-k, m fixed = 3",33,3.0000,18.2182,0.7287,1477.790,105.932,207.569,1791.291,0.985954,0.010000,1.9760,0,1,1d478b3dd653a6b1
"m-of-k, m fixed = 3",34,3.0000,18.2006,0.7280,1477.790,106.020,198.390,1782.200,0.986575,0.010000,1.9766,0,1,1d478b3dd653a6b1
"m-of-k, m fixed = 3",35,3.0000,18.1840,0.7274,1477.790,106.094,190.620,1774.504,0.987101,0.010000,1.9771,0,1,1d478b3dd653a6b1
"m-of-k, m fixed = 3",36,3.0000,18.1684,0.7267,1477.790,106.156,184.043,1767.990,0.987546,0.010000,1.9775,0,1,1d478b3dd653a6b1
"m-of-k, m fixed = 3",37,3.0000,18.1537,0.7261,1477.790,106.210,178.476,1762.476,0.987923,0.010000,1.9779,0,1,1d478b3dd653a6b1
"m-of-k, m fixed = 3",38,3.0000,18.1398,0.7256,1477.790,106.255,173.764,1757.808,0.988242,0.010000,1.9782,0,1,1d478b3dd653a6b1
"m-of-k, m fixed = 3",39,3.0000,18.1266,0.7251,1477.790,106.293,169.774,1753.857,0.988512,0.010000,1.9785,0,1,1d478b3dd653a6b1
"m-of-k, m fixed = 3",40,3.0000,18.1142,0.7246,1477.790,106.325,166.398,1750.513,0.988740,0.010000,1.9787,1,1,1d478b3dd653a6b1
"m-of-k, m = ceil(0.5k)",2,2.0000,20.6134,0.8245,1477.790,247.845,10630.718,12356.354,0.280634,0.389400,38.8313,0,1,1d478b3dd653a6b1
"m-of-k, m = ceil(0.5k)",3,2.0000,16.8211,0.6728,1477.790,312.549,9021.396,10811.735,0.389535,0.343645,34.4104,0,1,1d478b3dd653a6b1
"m-of-k, m = ceil(0.5k)",4,3.0000,26.0939,1.0438,1542.452,351.576,7659.133,9553.161,0.481717,0.303265,30.5050,0,1,1d478b3dd653a6b1
"m-of-k, m = ceil(0.5k)",5,3.0000,23.3358,0.9334,1477.790,372.061,6506.003,8355.854,0.559748,0.267631,27.0552,0,1,1d478b3dd653a6b1
"m-of-k, m = ceil(0.5k)",6,4.0000,31.5626,1.2625,1865.716,379.325,5529.900,7774.941,0.625799,0.236183,24.0079,0,1,1d478b3dd653a6b1
"m-of-k, m = ceil(0.5k)",7,4.0000,29.2468,1.1699,1728.823,377.320,4703.646,6809.789,0.681711,0.208431,21.3164,0,1,1d478b3dd653a6b1
"m-of-k, m = ceil(0.5k)",8,5.0000,36.9091,1.4764,2181.755,368.972,4004.237,6554.963,0.729039,0.183940,18.9391,0,1,1d478b3dd653a6b1
"m-of-k, m = ceil(0.5k)",9,5.0000,34.8428,1.3937,2059.613,356.433,3412.200,5828.246,0.769101,0.162326,16.8394,0,1,1d478b3dd653a6b1
"m-of-k, m = ceil(0.5k)",10,6.0000,42.1418,1.6857,2491.070,341.281,2911.052,5743.403,0.803013,0.143252,14.9850,0,1,1d478b3dd653a6b1
"m-of-k, m = ceil(0.5k)",11,6.0000,40.2379,1.6095,2378.528,324.658,2486.839,5190.025,0.831719,0.126420,13.3473,0,1,1d478b3dd653a6b1
"m-of-k, m = ceil(0.5k)",12,7.0000,47.2792,1.8912,2794.746,307.384,2127.750,5229.881,0.856018,0.111565,11.9010,0,1,1d478b3dd653a6b1
"m-of-k, m = ceil(0.5k)",13,7.0000,45.4905,1.8196,2689.018,290.041,1823.789,4802.847,0.876587,0.098456,10.6237,0,1,1d478b3dd653a6b1
"m-of-k, m = ceil(0.5k)",14,8.0000,52.3371,2.0935,3093.727,273.029,1566.491,4933.246,0.893998,0.086887,9.4958,0,1,1d478b3dd653a6b1
"m-of-k, m = ceil(0.5k)",15,8.0000,50.6351,2.0254,2993.121,256.618,1348.692,4598.432,0.908736,0.076677,8.4998,0,1,1d478b3dd653a6b1
"m-of-k, m = ceil(0.5k)",16,9.0000,57.3281,2.2931,3388.756,240.984,1164.330,4794.070,0.921211,0.067668,7.6203,0,1,1d478b3dd653a6b1
"m-of-k, m = ceil(0.5k)",17,9.0000,55.6941,2.2278,3292.165,226.228,1008.271,4526.665,0.931772,0.059716,6.8437,1,1,1d478b3dd653a6b1
"m-of-k, m = ceil(0.5k)",18,10.0000,62.2621,2.4905,3680.414,212.405,876.170,4768.989,0.940711,0.052700,6.1580,0,1,1d478b3dd653a6b1
"m-of-k, m = ceil(0.5k)",19,10.0000,60.6830,2.4273,3587.071,199.532,764.349,4550.951,0.948278,0.046507,5.5525,0,1,1d478b3dd653a6b1
"m-of-k, m = ceil(0.5k)",20,11.0000,67.1469,2.6859,3969.161,187.599,669.694,4826.453,0.954683,0.041042,5.0179,0,1,1d478b3dd653a6b1
"m-of-k, m = ceil(0.5k)",21,11.0000,65.6133,2.6245,3878.506,176.581,589.570,4644.658,0.960105,0.036220,4.5459,0,1,1d478b3dd653a6b1
"m-of-k, m = ceil(0.5k)",22,12.0000,71.9886,2.8795,4255.362,166.443,521.747,4943.552,0.964694,0.031964,4.1291,0,1,1d478b3dd653a6b1
"m-of-k, m = ceil(0.5k)",23,12.0000,70.4934,2.8197,4166.978,157.139,464.336,4788.454,0.968579,0.028208,3.7612,0,1,1d478b3dd653a6b1
"m-of-k, m = ceil(0.5k)",24,13.0000,76.7923,3.0717,4539.315,148.622,415.739,5103.676,0.971868,0.024894,3.4363,0,1,1d478b3dd653a6b1
"m-of-k, m = ceil(0.5k)",25,13.0000,75.3301,3.0132,4452.880,140.843,374.602,4968.325,0.974651,0.021968,3.1495,0,1,1d478b3dd653a6b1
"m-of-k, m = ceil(0.5k)",26,14.0000,81.5621,3.2625,4821.265,133.751,339.781,5294.797,0.977008,0.019387,2.8963,0,1,1d478b3dd653a6b1
"m-of-k, m = ceil(0.5k)",27,14.0000,80.1285,3.2051,4736.523,127.298,310.305,5174.126,0.979002,0.017109,2.6728,0,1,1d478b3dd653a6b1
"m-of-k, m = ceil(0.5k)",28,15.0000,86.3014,3.4521,5101.416,121.435,285.354,5508.206,0.980690,0.015099,2.4755,0,1,1d478b3dd653a6b1
"m-of-k, m = ceil(0.5k)",29,15.0000,84.8930,3.3957,5018.163,116.119,264.234,5398.515,0.982120,0.013325,2.3012,0,1,1d478b3dd653a6b1
"m-of-k, m = ceil(0.5k)",30,16.0000,91.0133,3.6405,5379.940,111.304,246.356,5737.600,0.983329,0.011759,2.1475,0,1,1d478b3dd653a6b1
"m-of-k, m = ceil(0.5k)",31,16.0000,89.6272,3.5851,5298.008,106.951,231.223,5636.181,0.984353,0.010377,2.0117,0,1,1d478b3dd653a6b1
"m-of-k, m = ceil(0.5k)",32,17.0000,95.7001,3.8280,5656.984,105.829,218.412,5981.225,0.985220,0.010000,1.9752,0,1,1d478b3dd653a6b1
"m-of-k, m = ceil(0.5k)",33,17.0000,94.3340,3.7734,5576.233,105.932,207.569,5889.734,0.985954,0.010000,1.9760,0,1,1d478b3dd653a6b1
"m-of-k, m = ceil(0.5k)",34,18.0000,100.3640,4.0146,5932.674,106.020,198.390,6237.083,0.986575,0.010000,1.9766,0,1,1d478b3dd653a6b1
"m-of-k, m = ceil(0.5k)",35,18.0000,99.0159,3.9606,5852.987,106.094,190.620,6149.701,0.987101,0.010000,1.9771,0,1,1d478b3dd653a6b1
"m-of-k, m = ceil(0.5k)",36,19.0000,105.0068,4.2003,6207.118,106.156,184.043,6497.318,0.987546,0.010000,1.9775,0,1,1d478b3dd653a6b1
"m-of-k, m = ceil(0.5k)",37,19.0000,103.6750,4.1470,6128.397,106.210,178.476,6413.083,0.987923,0.010000,1.9779,0,1,1d478b3dd653a6b1
"m-of-k, m = ceil(0.5k)",38,20.0000,109.6301,4.3852,6480.413,106.255,173.764,6760.431,0.988242,0.010000,1.9782,0,1,1d478b3dd653a6b1
"m-of-k, m = ceil(0.5k)",39,20.0000,108.3133,4.3325,6402.572,106.293,169.774,6678.639,0.988512,0.010000,1.9785,0,1,1d478b3dd653a6b1
"m-of-k, m = ceil(0.5k)",40,21.0000,114.2355,4.5694,6752.642,106.325,166.398,7025.365,0.988740,0.010000,1.9787,0,1,1d478b3dd653a6b1
"m-of-k, m = 0.5k continuous",2,1.0006,8.4040,0.3362,1477.790,247.845,10630.718,12356.354,0.280634,0.389400,38.8313,0,1,1d478b3dd653a6b1
"m-of-k, m = 0.5k continuous",3,1.5009,12.1692,0.4868,1477.790,312.549,9021.396,10811.735,0.389535,0.343645,34.4104,0,1,1d478b3dd653a6b1
"m-of-k, m = 0.5k continuous",4,2.0013,15.6200,0.6248,1477.790,351.576,7659.133,9488.499,0.481717,0.303265,30.5050,0,1,1d478b3dd653a6b1
"m-of-k, m = 0.5k continuous",5,2.5016,18.8625,0.7545,1477.790,372.061,6506.003,8355.854,0.559748,0.267631,27.0552,0,1,1d478b3dd653a6b1
"m-of-k, m = 0.5k continuous",6,3.0019,21.9578,0.8783,1477.790,379.325,5529.900,7387.015,0.625799,0.236183,24.0079,0,1,1d478b3dd653a6b1
"m-of-k, m = 0.5k continuous",7,3.5022,24.9433,0.9977,1477.790,377.320,4703.646,6558.756,0.681711,0.208431,21.3164,0,1,1d478b3dd653a6b1
"m-of-k, m = 0.5k continuous",8,4.0025,27.8436,1.1137,1645.883,368.972,4004.237,6019.091,0.729039,0.183940,18.9391,0,1,1d478b3dd653a6b1
"m-of-k, m = 0.5k continuous",9,4.5028,30.6757,1.2270,1813.287,356.433,3412.200,5581.920,0.769101,0.162326,16.8394,0,1,1d478b3dd653a6b1
"m-of-k, m = 0.5k continuous",10,5.0031,33.4515,1.3381,1977.372,341.281,2911.052,5229.705,0.803013,0.143252,14.9850,0,1,1d478b3dd653a6b1
"m-of-k, m = 0.5k continuous",11,5.5034,36.1803,1.4472,2138.673,324.658,2486.839,4950.170,0.831719,0.126420,13.3473,0,1,1d478b3dd653a6b1
"m-of-k, m = 0.5k continuous",12,6.0038,38.8688,1.5548,2297.599,307.384,2127.750,4732.733,0.856018,0.111565,11.9010,0,1,1d478b3dd653a6b1
"m-of-k, m = 0.5k continuous",13,6.5041,41.5226,1.6609,2454.468,290.041,1823.789,4568.298,0.876587,0.098456,10.6237,0,1,1d478b3dd653a6b1
"m-of-k, m = 0.5k continuous",14,7.0044,44.1460,1.7658,2609.539,273.029,1566.491,4449.058,0.893998,0.086887,9.4958,0,1,1d478b3dd653a6b1
"m-of-k, m = 0.5k continuous",15,7.5047,46.7424,1.8697,2763.017,256.618,1348.692,4368.328,0.908736,0.076677,8.4998,0,1,1d478b3dd653a6b1
"m-of-k, m = 0.5k continuous",16,8.0050,49.3148,1.9726,2915.075,240.984,1164.330,4320.389,0.921211,0.067668,7.6203,0,1,1d478b3dd653a6b1
"m-of-k, m = 0.5k continuous",17,8.5053,51.8656,2.0746,3065.856,226.228,1008.271,4300.355,0.931772,0.059716,6.8437,1,1,1d478b3dd653a6b1
"m-of-k, m = 0.5k continuous",18,9.0056,54.3968,2.1759,3215.480,212.405,876.170,4304.056,0.940711,0.052700,6.1580,0,1,1d478b3dd653a6b1
"m-of-k, m = 0.5k continuous",19,9.5059,56.9102,2.2764,3364.052,199.532,764.349,4327.932,0.948278,0.046507,5.5525,0,1,1d478b3dd653a6b1
"m-of-k, m = 0.5k continuous",20,10.0063,59.4073,2.3763,3511.661,187.599,669.694,4368.953,0.954683,0.041042,5.0179,0,1,1d478b3dd653a6b1
"m-of-k, m = 0.5k continuous",21,10.5066,61.8894,2.4756,3658.383,176.581,589.570,4424.534,0.960105,0.036220,4.5459,0,1,1d478b3dd653a6b1
"m-of-k, m = 0.5k continuous",22,11.0069,64.3577,2.5743,3804.286,166.443,521.747,4492.476,0.964694,0.031964,4.1291,0,1,1d478b3dd653a6b1
"m-of-k, m = 0.5k continuous",23,11.5072,66.8131,2.6725,3949.430,157.139,464.336,4570.905,0.968579,0.028208,3.7612,0,1,1d478b3dd653a6b1
"m-of-k, m = 0.5k continuous",24,12.0075,69.2566,2.7703,4093.867,148.622,415.739,4658.228,0.971868,0.024894,3.4363,0,1,1d478b3dd653a6b1
"m-of-k, m = 0.5k continuous",25,12.5078,71.6889,2.8676,4237.645,140.843,374.602,4753.090,0.974651,0.021968,3.1495,0,1,1d478b3dd653a6b1
"m-of-k, m = 0.5k continuous",26,13.0081,74.1108,2.9644,4380.806,133.751,339.781,4854.337,0.977008,0.019387,2.8963,0,1,1d478b3dd653a6b1
"m-of-k, m = 0.5k continuous",27,13.5084,76.5228,3.0609,4523.386,127.298,310.305,4960.989,0.979002,0.017109,2.6728,0,1,1d478b3dd653a6b1
"m-of-k, m = 0.5k continuous",28,14.0088,78.9256,3.1570,4665.421,121.435,285.354,5072.211,0.980690,0.015099,2.4755,0,1,1d478b3dd653a6b1
"m-of-k, m = 0.5k continuous",29,14.5091,81.3198,3.2528,4806.941,116.119,264.234,5187.294,0.982120,0.013325,2.3012,0,1,1d478b3dd653a6b1
"m-of-k, m = 0.5k continuous",30,15.0094,83.7056,3.3482,4947.975,111.304,246.356,5305.635,0.983329,0.011759,2.1475,0,1,1d478b3dd653a6b1
"m-of-k, m = 0.5k continuous",31,15.5097,86.0837,3.4433,5088.547,106.951,231.223,5426.721,0.984353,0.010377,2.0117,0,1,1d478b3dd653a6b1
"m-of-k, m = 0.5k continuous",32,16.0100,88.4544,3.5382,5228.682,105.829,218.412,5552.923,0.985220,0.010000,1.9752,0,1,1d478b3dd653a6b1
"m-of-k, m = 0.5k continuous",33,16.5103,90.8181,3.6327,5368.401,105.932,207.569,5681.902,0.985954,0.010000,1.9760,0,1,1d478b3dd653a6b1
"m-of-k, m = 0.5k continuous",34,17.0106,93.1750,3.7270,5507.724,106.020,198.390,5812.133,0.986575,0.010000,1.9766,0,1,1d478b3dd653a6b1
"m-of-k, m = 0.5k continuous",35,17.5110,95.5256,3.8210,5646.669,106.094,190.620,5943.383,0.987101,0.010000,1.9771,0,1,1d478b3dd653a6b1
"m-of-k, m = 0.5k continuous",36,18.0113,97.8700,3.9148,5785.253,106.156,184.043,6075.453,0.987546,0.010000,1.9775,0,1,1d478b3dd653a6b1
"m-of-k, m = 0.5k continuous",37,18.5116,100.2086,4.0083,5923.492,106.210,178.476,6208.178,0.987923,0.010000,1.9779,0,1,1d478b3dd653a6b1
"m-of-k, m = 0.5k continuous",38,19.0119,102.5417,4.1017,6061.401,106.255,173.764,6341.420,0.988242,0.010000,1.9782,0,1,1d478b3dd653a6b1
"m-of-k, m = 0.5k continuous",39,19.5122,104.8693,4.1948,6198.994,106.293,169.774,6475.061,0.988512,0.010000,1.9785,0,1,1d478b3dd653a6b1
"m-of-k, m = 0.5k continuous",40,20.0125,107.1919,4.2877,6336.282,106.325,166.398,6609.005,0.988740,0.010000,1.9787,0,1,1d478b3dd653a6b1
