series,k,m,theta_ops,theta_over_k,theta_over_k_lnk,schema_version,prov_id
all-k,2,2,20.6134,10.3067,14.8694,1,1d478b3dd653a6b1
all-k,3,3,34.2946,11.4315,10.4054,1,1d478b3dd653a6b1
all-k,4,4,48.9285,12.2321,8.8236,1,1d478b3dd653a6b1
all-k,5,5,64.2708,12.8542,7.9867,1,1d478b3dd653a6b1
all-k,6,6,80.1776,13.3629,7.4580,1,1d478b3dd653a6b1
all-k,7,7,96.5539,13.7934,7.0884,1,1d478b3dd653a6b1
all-k,8,8,113.3321,14.1665,6.8127,1,1d478b3dd653a6b1
all-k,9,9,130.4617,14.4957,6.5973,1,1d478b3dd653a6b1
all-k,10,10,147.9034,14.7903,6.4234,1,1d478b3dd653a6b1
all-k,11,11,165.6260,15.0569,6.2792,1,1d478b3dd653a6b1
all-k,12,12,183.6038,15.3003,6.1573,1,1d478b3dd653a6b1
all-k,13,13,201.8155,15.5243,6.0525,1,1d478b3dd653a6b1
all-k,14,14,220.2430,15.7316,5.9611,1,1d478b3dd653a6b1
all-k,15,15,238.8711,15.9247,5.8805,1,1d478b3dd653a6b1
all-k,16,16,257.6861,16.1054,5.8088,1,1d478b3dd653a6b1
all-k,17,17,276.6765,16.2751,5.7444,1,1d478b3dd653a6b1
all-k,18,18,295.8320,16.4351,5.6862,1,1d478b3dd653a6b1
all-k,19,19,315.1432,16.5865,5.6332,1,1d478b3dd653a6b1
all-k,20,20,334.6021,16.7301,5.5846,1,1d478b3dd653a6b1
all-k,21,21,354.2013,16.8667,5.5400,1,1d478b3dd653a6b1
all-k,22,22,373.9340,16.9970,5.4988,1,1d478b3dd653a6b1
all-k,23,23,393.7941,17.1215,5.4605,1,1d478b3dd653a6b1
all-k,24,24,413.7762,17.2407,5.4249,1,1d478b3dd653a6b1
all-k,25,25,433.8752,17.3550,5.3916,1,1d478b3dd653a6b1
all-k,26,26,454.0864,17.4649,5.3604,1,1d478b3dd653a6b1
all-k,27,27,474.4054,17.5706,5.3311,1,1d478b3dd653a6b1
all-k,28,28,494.8282,17.6724,5.3035,1,1d478b3dd653a6b1
all-k,29,29,515.3513,17.7707,5.2774,1,1d478b3dd653a6b1
all-k,30,30,535.9710,17.8657,5.2528,1,1d478b3dd653a6b1
all-k,31,31,556.6842,17.9576,5.2294,1,1d478b3dd653a6b1
all-k,32,32,577.4878,18.0465,5.2071,1,1d478b3dd653a6b1
all-k,33,33,598.3791,18.1327,5.1859,1,1d478b3dd653a6b1
all-k,34,34,619.3554,18.2163,5.1658,1,1d478b3dd653a6b1
all-k,35,35,640.4141,18.2975,5.1465,1,1d478b3dd653a6b1
all-k,36,36,661.5529,18.3765,5.1281,1,1d478b3dd653a6b1
all-k,37,37,682.7697,18.4532,5.1104,1,1d478b3dd653a6b1
all-k,38,38,704.0622,18.5280,5.0935,1,1d478b3dd653a6b1
all-k,39,39,725.4285,18.6007,5.0772,1,1d478b3dd653a6b1
all-k,40,40,746.8667,18.6717,5.0616,1,1d478b3dd653a6b1
m-of-k fixed m=2,2,2,20.6134,10.3067,14.8694,1,1d478b3dd653a6b1
m-of-k fixed m=2,3,2,16.8211,5.6070,5.1037,1,1d478b3dd653a6b1
m-of-k fixed m=2,4,2,15.6096,3.9024,2.8150,1,1d478b3dd653a6b1
m-of-k fixed m=2,5,2,15.0167,3.0033,1.8661,1,1d478b3dd653a6b1
m-of-k fixed m=2,6,2,14.6655,2.4443,1.3642,1,1d478b3dd653a6b1
m-of-k fixed m=2,7,2,14.4334,2.0619,1.0596,1,1d478b3dd653a6b1
m-of-k fixed m=2,8,2,14.2687,1.7836,0.8577,1,1d478b3dd653a6b1
m-of-k fixed m=2,9,2,14.1457,1.5717,0.7153,1,1d478b3dd653a6b1
m-of-k fixed m=2,10,2,14.0505,1.4050,0.6102,1,1d478b3dd653a6b1
m-of-k fixed m=2,11,2,13.9745,1.2704,0.5298,1,1d478b3dd653a6b1
m-of-k fixed m=2,12,2,13.9124,1.1594,0.4666,1,1d478b3dd653a6b1
m-of-k fixed m=2,13,2,13.8609,1.0662,0.4157,1,1d478b3dd653a6b1
m-of-k fixed m=2,14,2,13.8173,0.9870,0.3740,1,1d478b3dd653a6b1
m-of-k fixed m=2,15,2,13.7800,0.9187,0.3392,1,1d478b3dd653a6b1
m-of-k fixed m=2,16,2,13.7477,0.8592,0.3099,1,1d478b3dd653a6b1
m-of-k fixed m=2,17,2,13.7195,0.8070,0.2848,1,1d478b3dd653a6b1
m-of-k fixed m=2,18,2,13.6947,0.7608,0.2632,1,1d478b3dd653a6b1
m-of-k fixed m=2,19,2,13.6726,0.7196,0.2444,1,1d478b3dd653a6b1
m-of-k fixed m=2,20,2,13.6529,0.6826,0.2279,1,1d478b3dd653a6b1
m-of-k fixed m=2,21,2,13.6351,0.6493,0.2133,1,1d478b3dd653a6b1
m-of-k fixed m=2,22,2,13.6191,0.6190,0.2003,1,1d478b3dd653a6b1
m-of-k fixed m=2,23,2,13.6045,0.5915,0.1886,1,1d478b3dd653a6b1
m-of-k fixed m=2,24,2,13.5912,0.5663,0.1782,1,1d478b3dd653a6b1
m-of-k fixed m=2,25,2,13.5790,0.5432,0.1687,1,1d478b3dd653a6b1
m-of-k fixed m=2,26,2,13.5678,0.5218,0.1602,1,1d478b3dd653a6b1
m-of-k fixed m=2,27,2,13.5574,0.5021,0.1524,1,1d478b3dd653a6b1
m-of-k fixed m=2,28,2,13.5478,0.4839,0.1452,1,1d478b3dd653a6b1
m-of-k fixed m=2,29,2,13.5390,0.4669,0.1386,1,1d478b3dd653a6b1
m-of-k fixed m=2,30,2,13.5307,0.4510,0.1326,1,1d478b3dd653a6b1
m-of-k fixed m=2,31,2,13.5230,0.4362,0.1270,1,1d478b3dd653a6b1
m-of-k fixed m=2,32,2,13.5158,0.4224,0.1219,1,1d478b3dd653a6b1
m-of-k fixed m=2,33,2,13.5090,0.4094,0.1171,1,1d478b3dd653a6b1
m-of-k fixed m=2,34,2,13.5026,0.3971,0.1126,1,1d478b3dd653a6b1
m-of-k fixed m=2,35,2,13.4967,0.3856,0.1085,1,1d478b3dd653a6b1
m-of-k fixed m=2,36,2,13.4910,0.3748,0.1046,1,1d478b3dd653a6b1
m-of-k fixed m=2,37,2,13.4857,0.3645,0.1009,1,1d478b3dd653a6b1
m-of-k fixed m=2,38,2,13.4807,0.3548,0.0975,1,1d478b3dd653a6b1
m-of-k fixed m=2,39,2,13.4759,0.3455,0.0943,1,1d478b3dd653a6b1
m-of-k fixed m=2,40,2,13.4714,0.3368,0.0913,1,1d478b3dd653a6b1
m-of-k fixed m=3,3,3,34.2946,11.4315,10.4054,1,1d478b3dd653a6b1
m-of-k fixed m=3,4,3,26.0939,6.5235,4.7057,1,1d478b3dd653a6b1
m-of-k fixed m=3,5,3,23.3358,4.6672,2.8999,1,1d478b3dd653a6b1
m-of-k fixed m=3,6,3,21.9425,3.6571,2.0411,1,1d478b3dd653a6b1
m-of-k fixed m=3,7,3,21.0997,3.0142,1.5490,1,1d478b3dd653a6b1
m-of-k fixed m=3,8,3,20.5344,2.5668,1.2344,1,1d478b3dd653a6b1
m-of-k fixed m=3,9,3,20.1287,2.2365,1.0179,1,1d478b3dd653a6b1
m-of-k fixed m=3,10,3,19.8233,1.9823,0.8609,1,1d478b3dd653a6b1
m-of-k fixed m=3,11,3,19.5850,1.7805,0.7425,1,1d478b3dd653a6b1
m-of-k fixed m=3,12,3,19.3938,1.6162,0.6504,1,1d478b3dd653a6b1
m-of-k fixed m=3,13,3,19.2371,1.4798,0.5769,1,1d478b3dd653a6b1
m-of-k fixed m=3,14,3,19.1063,1.3647,0.5171,1,1d478b3dd653a6b1
m-of-k fixed m=3,15,3,18.9954,1.2664,0.4676,1,1d478b3dd653a6b1
m-of-k fixed m=3,16,3,18.9003,1.1813,0.4261,1,1d478b3dd653a6b1
m-of-k fixed m=3,17,3,18.8177,1.1069,0.3907,1,1d478b3dd653a6b1
m-of-k fixed m=3,18,3,18.7454,1.0414,0.3603,1,1d478b3dd653a6b1
m-of-k fixed m=3,19,3,18.6815,0.9832,0.3339,1,1d478b3dd653a6b1
m-of-k fixed m=3,20,3,18.6247,0.9312,0.3109,1,1d478b3dd653a6b1
m-of-k fixed m=3,21,3,18.5738,0.8845,0.2905,1,1d478b3dd653a6b1
m-of-k fixed m=3,22,3,18.5280,0.8422,0.2725,1,1d478b3dd653a6b1
m-of-k fixed m=3,23,3,18.4865,0.8038,0.2563,1,1d478b3dd653a6b1
m-of-k fixed m=3,24,3,18.4487,0.7687,0.2419,1,1d478b3dd653a6b1
m-of-k fixed m=3,25,3,18.4143,0.7366,0.2288,1,1d478b3dd653a6b1
m-of-k fixed m=3,26,3,18.3826,0.7070,0.2170,1,1d478b3dd653a6b1
m-of-k fixed m=3,27,3,18.3535,0.6798,0.2062,1,1d478b3dd653a6b1
m-of-k fixed m=3,28,3,18.3267,0.6545,0.1964,1,1d478b3dd653a6b1
m-of-k fixed m=3,29,3,18.3018,0.6311,0.1874,1,1d478b3dd653a6b1
m-of-k fixed m=3,30,3,18.2787,0.6093,0.1791,1,1d478b3dd653a6b1
m-of-k fixed m=3,31,3,18.2571,0.5889,0.1715,1,1d478b3dd653a6b1
m-of-k fixed m=3,32,3,18.2370,0.5699,0.1644,1,1d478b3dd653a6b1
m-of-k fixed m=3,33,3,18.2182,0.5521,0.1579,1,1d478b3dd653a6b1
m-of-k fixed m=3,34,3,18.2006,0.5353,0.1518,1,1d478b3dd653a6b1
m-of-k fixed m=3,35,3,18.1840,0.5195,0.1461,1,1d478b3dd653a6b1
m-of-k fixed m=3,36,3,18.1684,0.5047,0.1408,1,1d478b3dd653a6b1
m-of-k fixed m=3,37,3,18.1537,0.4906,0.1359,1,1d478b3dd653a6b1
m-of-k fixed m=3,38,3,18.1398,0.4774,0.1312,1,1d478b3dd653a6b1
m-of-k fixed m=3,39,3,18.1266,0.4648,0.1269,1,1d478b3dd653a6b1
m-of-k fixed m=3,40,3,18.1142,0.4529,0.1228,1,1d478b3dd653a6b1
m-of-k fixed m=5,5,5,64.2708,12.8542,7.9867,1,1d478b3dd653a6b1
m-of-k fixed m=5,6,5,46.5467,7.7578,4.3297,1,1d478b3dd653a6b1
m-of-k fixed m=5,7,5,40.2294,5.7471,2.9534,1,1d478b3dd653a6b1
m-of-k fixed m=5,8,5,36.9091,4.6136,2.2187,1,1d478b3dd653a6b1
m-of-k fixed m=5,9,5,34.8428,3.8714,1.7620,1,1d478b3dd653a6b1
m-of-k fixed m=5,10,5,33.4268,3.3427,1.4517,1,1d478b3dd653a6b1
m-of-k fixed m=5,11,5,32.3936,2.9449,1.2281,1,1d478b3dd653a6b1
m-of-k fixed m=5,12,5,31.6052,2.6338,1.0599,1,1d478b3dd653a6b1
m-of-k fixed m=5,13,5,30.9835,2.3833,0.9292,1,1d478b3dd653a6b1
m-of-k fixed m=5,14,5,30.4803,2.1772,0.8250,1,1d478b3dd653a6b1
m-of-k fixed m=5,15,5,30.0646,2.0043,0.7401,1,1d478b3dd653a6b1
m-of-k fixed m=5,16,5,29.7152,1.8572,0.6698,1,1d478b3dd653a6b1
m-of-k fixed m=5,17,5,29.4175,1.7304,0.6108,1,1d478b3dd653a6b1
m-of-k fixed m=5,18,5,29.1606,1.6200,0.5605,1,1d478b3dd653a6b1
m-of-k fixed m=5,19,5,28.9368,1.5230,0.5172,1,1d478b3dd653a6b1
m-of-k fixed m=5,20,5,28.7399,1.4370,0.4797,1,1d478b3dd653a6b1
m-of-k fixed m=5,21,5,28.5655,1.3603,0.4468,1,1d478b3dd653a6b1
m-of-k fixed m=5,22,5,28.4098,1.2914,0.4178,1,1d478b3dd653a6b1
m-of-k fixed m=5,23,5,28.2700,1.2291,0.3920,1,1d478b3dd653a6b1
m-of-k fixed m=5,24,5,28.1438,1.1727,0.3690,1,1d478b3dd653a6b1
m-of-k fixed m=5,25,5,28.0292,1.1212,0.3483,1,1d478b3dd653a6b1
m-of-k fixed m=5,26,5,27.9248,1.0740,0.3297,1,1d478b3dd653a6b1
m-of-k fixed m=5,27,5,27.8293,1.0307,0.3127,1,1d478b3dd653a6b1
m-of-k fixed m=5,28,5,27.7414,0.9908,0.2973,1,1d478b3dd653a6b1
m-of-k fixed m=5,29,5,27.6605,0.9538,0.2833,1,1d478b3dd653a6b1
m-of-k fixed m=5,30,5,27.5856,0.9195,0.2704,1,1d478b3dd653a6b1
m-of-k fixed m=5,31,5,27.5161,0.8876,0.2585,1,1d478b3dd653a6b1
m-of-k fixed m=5,32,5,27.4515,0.8579,0.2475,1,1d478b3dd653a6b1
m-of-k fixed m=5,33,5,27.3913,0.8300,0.2374,1,1d478b3dd653a6b1
m-of-k fixed m=5,34,5,27.3350,0.8040,0.2280,1,1d478b3dd653a6b1
m-of-k fixed m=5,35,5,27.2822,0.7795,0.2192,1,1d478b3dd653a6b1
m-of-k fixed m=5,36,5,27.2327,0.7565,0.2111,1,1d478b3dd653a6b1
m-of-k fixed m=5,37,5,27.1861,0.7348,0.2035,1,1d478b3dd653a6b1
m-of-k fixed m=5,38,5,27.1422,0.7143,0.1964,1,1d478b3dd653a6b1
m-of-k fixed m=5,39,5,27.1007,0.6949,0.1897,1,1d478b3dd653a6b1
m-of-k fixed m=5,40,5,27.0616,0.6765,0.1834,1,1d478b3dd653a6b1
m-of-k proportional-50,2,1,8.3991,4.1995,6.0586,1,1d478b3dd653a6b1
m-of-k proportional-50,3,2,16.8211,5.6070,5.1037,1,1d478b3dd653a6b1
m-of-k proportional-50,4,2,15.6096,3.9024,2.8150,1,1d478b3dd653a6b1
m-of-k proportional-50,5,3,23.3358,4.6672,2.8999,1,1d478b3dd653a6b1
m-of-k proportional-50,6,3,21.9425,3.6571,2.0411,1,1d478b3dd653a6b1
m-of-k proportional-50,7,4,29.2468,4.1781,2.1471,1,1d478b3dd653a6b1
m-of-k proportional-50,8,4,27.8236,3.4779,1.6725,1,1d478b3dd653a6b1
m-of-k proportional-50,9,5,34.8428,3.8714,1.7620,1,1d478b3dd653a6b1
m-of-k proportional-50,10,5,33.4268,3.3427,1.4517,1,1d478b3dd653a6b1
m-of-k proportional-50,11,6,40.2379,3.6580,1.5255,1,1d478b3dd653a6b1
m-of-k proportional-50,12,6,38.8397,3.2366,1.3025,1,1d478b3dd653a6b1
m-of-k proportional-50,13,7,45.4905,3.4993,1.3643,1,1d478b3dd653a6b1
m-of-k proportional-50,14,7,44.1124,3.1509,1.1939,1,1d478b3dd653a6b1
m-of-k proportional-50,15,8,50.6351,3.3757,1.2465,1,1d478b3dd653a6b1
m-of-k proportional-50,16,8,49.2769,3.0798,1.1108,1,1d478b3dd653a6b1
m-of-k proportional-50,17,9,55.6941,3.2761,1.1563,1,1d478b3dd653a6b1
m-of-k proportional-50,18,9,54.3546,3.0197,1.0447,1,1d478b3dd653a6b1
m-of-k proportional-50,19,10,60.6830,3.1938,1.0847,1,1d478b3dd653a6b1
m-of-k proportional-50,20,10,59.3610,2.9680,0.9908,1,1d478b3dd653a6b1
m-of-k proportional-50,21,11,65.6133,3.1244,1.0263,1,1d478b3dd653a6b1
m-of-k proportional-50,22,11,64.3072,2.9231,0.9457,1,1d478b3dd653a6b1
m-of-k proportional-50,23,12,70.4934,3.0649,0.9775,1,1d478b3dd653a6b1
m-of-k proportional-50,24,12,69.2019,2.8834,0.9073,1,1d478b3dd653a6b1
m-of-k proportional-50,25,13,75.3301,3.0132,0.9361,1,1d478b3dd653a6b1
m-of-k proportional-50,26,13,74.0520,2.8482,0.8742,1,1d478b3dd653a6b1
m-of-k proportional-50,27,14,80.1285,2.9677,0.9004,1,1d478b3dd653a6b1
m-of-k proportional-50,28,14,78.8627,2.8165,0.8452,1,1d478b3dd653a6b1
m-of-k proportional-50,29,15,84.8930,2.9273,0.8693,1,1d478b3dd653a6b1
m-of-k proportional-50,30,15,83.6387,2.7880,0.8197,1,1d478b3dd653a6b1
m-of-k proportional-50,31,16,89.6272,2.8912,0.8419,1,1d478b3dd653a6b1
m-of-k proportional-50,32,16,88.3834,2.7620,0.7969,1,1d478b3dd653a6b1
m-of-k proportional-50,33,17,94.3340,2.8586,0.8176,1,1d478b3dd653a6b1
m-of-k proportional-50,34,17,93.1000,2.7382,0.7765,1,1d478b3dd653a6b1
m-of-k proportional-50,35,18,99.0159,2.8290,0.7957,1,1d478b3dd653a6b1
m-of-k proportional-50,36,18,97.7909,2.7164,0.7580,1,1d478b3dd653a6b1
m-of-k proportional-50,37,19,103.6750,2.8020,0.7760,1,1d478b3dd653a6b1
m-of-k proportional-50,38,19,102.4586,2.6963,0.7412,1,1d478b3dd653a6b1
m-of-k proportional-50,39,20,108.3133,2.7773,0.7581,1,1d478b3dd653a6b1
m-of-k proportional-50,40,20,107.1048,2.6776,0.7259,1,1d478b3dd653a6b1
m-of-k proportional-30,2,1,8.3991,4.1995,6.0586,1,1d478b3dd653a6b1
m-of-k proportional-30,3,1,8.3991,2.7997,2.5484,1,1d478b3dd653a6b1
m-of-k proportional-30,4,2,15.6096,3.9024,2.8150,1,1d478b3dd653a6b1
m-of-k proportional-30,5,2,15.0167,3.0033,1.8661,1,1d478b3dd653a6b1
m-of-k proportional-30,6,2,14.6655,2.4443,1.3642,1,1d478b3dd653a6b1
m-of-k proportional-30,7,3,21.0997,3.0142,1.5490,1,1d478b3dd653a6b1
m-of-k proportional-30,8,3,20.5344,2.5668,1.2344,1,1d478b3dd653a6b1
m-of-k proportional-30,9,3,20.1287,2.2365,1.0179,1,1d478b3dd653a6b1
m-of-k proportional-30,10,3,19.8233,1.9823,0.8609,1,1d478b3dd653a6b1
m-of-k proportional-30,11,4,25.6275,2.3298,0.9716,1,1d478b3dd653a6b1
m-of-k proportional-30,12,4,25.2112,2.1009,0.8455,1,1d478b3dd653a6b1
m-of-k proportional-30,13,4,24.8757,1.9135,0.7460,1,1d478b3dd653a6b1
m-of-k proportional-30,14,5,30.4803,2.1772,0.8250,1,1d478b3dd653a6b1
m-of-k proportional-30,15,5,30.0646,2.0043,0.7401,1,1d478b3dd653a6b1
m-of-k proportional-30,16,5,29.7152,1.8572,0.6698,1,1d478b3dd653a6b1
m-of-k proportional-30,17,6,35.1736,2.0690,0.7303,1,1d478b3dd653a6b1
m-of-k proportional-30,18,6,34.7617,1.9312,0.6682,1,1d478b3dd653a6b1
m-of-k proportional-30,19,6,34.4057,1.8108,0.6150,1,1d478b3dd653a6b1
m-of-k proportional-30,20,6,34.0948,1.7047,0.5691,1,1d478b3dd653a6b1
m-of-k proportional-30,21,7,39.3439,1.8735,0.6154,1,1d478b3dd653a6b1
m-of-k proportional-30,22,7,38.9849,1.7720,0.5733,1,1d478b3dd653a6b1
m-of-k proportional-30,23,7,38.6657,1.6811,0.5362,1,1d478b3dd653a6b1
m-of-k proportional-30,24,8,43.8371,1.8265,0.5747,1,1d478b3dd653a6b1
m-of-k proportional-30,25,8,43.4769,1.7391,0.5403,1,1d478b3dd653a6b1
m-of-k proportional-30,26,8,43.1523,1.6597,0.5094,1,1d478b3dd653a6b1
m-of-k proportional-30,27,9,48.2588,1.7874,0.5423,1,1d478b3dd653a6b1
m-of-k proportional-30,28,9,47.8986,1.7107,0.5134,1,1d478b3dd653a6b1
m-of-k proportional-30,29,9,47.5704,1.6404,0.4871,1,1d478b3dd653a6b1
m-of-k proportional-30,30,9,47.2702,1.5757,0.4633,1,1d478b3dd653a6b1
m-of-k proportional-30,31,10,52.2618,1.6859,0.4909,1,1d478b3dd653a6b1
m-of-k proportional-30,32,10,51.9313,1.6229,0.4683,1,1d478b3dd653a6b1
m-of-k proportional-30,33,10,51.6265,1.5644,0.4474,1,1d478b3dd653a6b1
m-of-k proportional-30,34,11,56.5756,1.6640,0.4719,1,1d478b3dd653a6b1
m-of-k proportional-30,35,11,56.2435,1.6070,0.4520,1,1d478b3dd653a6b1
m-of-k proportional-30,36,11,55.9352,1.5538,0.4336,1,1d478b3dd653a6b1
m-of-k proportional-30,37,12,60.8468,1.6445,0.4554,1,1d478b3dd653a6b1
m-of-k proportional-30,38,12,60.5138,1.5925,0.4378,1,1d478b3dd653a6b1
m-of-k proportional-30,39,12,60.2029,1.5437,0.4214,1,1d478b3dd653a6b1
m-of-k proportional-30,40,12,59.9118,1.4978,0.4060,1,1d478b3dd653a6b1
